"Geneid","gene_name","baseMean","log2FC_MLE","lfcSE_MLE","log2FC_shrunken","posterior_SD","pvalue","padj","LFC_change","abs_LFC_reduction"
"ENSG00000132703","APCS",6140.29567629353,-9.22505908594505,0.713025585204133,-9.16226171389108,0.766603444109745,2.75018347642753e-38,7.05889592894654e-34,0.0627973720539661,0.0627973720539661
"ENSG00000169903","TM4SF4",1660.82891981475,-6.95054482492634,0.628851140485256,-6.79773775931859,0.72456903084414,2.12561700430554e-28,2.72791058247551e-24,0.152807065607748,0.152807065607748
"ENSG00000132693","CRP",90327.1621958915,-8.26825768423828,0.753189702778081,-8.08942420392656,0.878983564112665,4.89457643407658e-28,3.14072733333609e-24,0.178833480311718,0.178833480311718
"ENSG00000168878","SFTPB",32994.6172063348,10.0367802418532,0.91332151777132,9.75856293598437,1.29077105519821,4.30166018150193e-28,3.14072733333609e-24,-0.278217305868855,0.278217305868855
"ENSG00000122852","SFTPA1",3373.75288474243,9.15023191739405,0.911063789644262,8.8564491635686,1.17780228369238,9.81699110915643e-24,5.03945421597436e-20,-0.293782753825448,0.293782753825448
"ENSG00000213088","ACKR1",5254.28113156697,4.85627408489649,0.488521201708005,4.74565582868268,0.53111478261165,2.76696138909344e-23,1.18365996623102e-19,-0.110618256213813,0.110618256213813
"ENSG00000255399","TBX5-AS1",255.127630674157,7.61758947098279,0.776850708911613,7.46353483121599,0.846699415631846,1.06373444290922e-22,3.90041027802157e-19,-0.154054639766797,0.154054639766797
"ENSG00000145321","GC",6554.74788724719,-10.6779221530255,1.109954558988,-10.6361368322937,1.51673910916409,6.57393772839447e-22,2.10916574593376e-18,0.0417853207317371,0.0417853207317371
"ENSG00000089225","TBX5",372.671585018639,7.65486921070073,0.809208352404715,7.46119730255182,0.943446199383075,3.08824460663927e-21,8.80733047984558e-18,-0.193671908148916,0.193671908148916
"ENSG00000135220","UGT2A3",108.995700508556,-9.18511709394954,0.975178922903881,-12.332713792916,3.29918746950016,4.55819012190859e-21,1.16995065859028e-17,-3.14759669896648,-3.14759669896648
"ENSG00000100557","CCDC198",231.177018818925,-7.62661697143488,0.823095639822316,-7.64493269298895,0.936109598393411,1.93670193464329e-20,4.51902986877175e-17,-0.0183157215540772,-0.0183157215540772
"ENSG00000172752","COL6A5",101.916656876311,8.89724681097177,0.96765748502522,11.6796510031805,3.12504442379133,3.76308062856592e-20,8.04891587445012e-17,2.78240419220874,-2.78240419220874
"ENSG00000122592","HOXA7",64.8824057014244,6.76404301212143,0.752676046708858,6.59264791752821,0.787887755767077,2.54859737089446e-19,5.0319114399037e-16,-0.171395094593223,0.171395094593223
"ENSG00000171560","FGA",165668.068359265,-6.28993020849443,0.725394141832,-6.0575760702831,0.915537158873322,4.28146716249052e-18,7.8494584042603e-15,0.232354138211331,0.232354138211331
"ENSG00000148702","HABP2",841.553685342028,-5.31445958958779,0.631828680667996,-5.14185993159964,0.695663556085962,4.05715514115175e-17,6.94233340052947e-14,0.172599657988154,0.172599657988154
"ENSG00000175084","DES",1634.13156593339,4.53027848128346,0.543535114679847,4.37319738415954,0.610976747827687,7.76027410278652e-17,1.24489347122638e-13,-0.157081097123922,0.157081097123922
"ENSG00000255446","ENSG00000255446",1595.62579559378,8.81120658414417,1.06405061005916,8.23791668396555,1.66758935998,1.22334793833207e-16,1.84703950195112e-13,-0.57328990017862,0.57328990017862
"ENSG00000168484","SFTPC",2049.49823692479,8.36548092222146,1.01843727691126,7.83444714593727,1.57531401903545,2.13874601586096e-16,3.04973299939462e-13,-0.531033776284197,0.531033776284197
"ENSG00000204610","TRIM15",109.26367368221,-5.26219108878808,0.643435276351401,-5.1249947756621,0.67790735276563,2.87934356351056e-16,3.88969006550661e-13,0.137196313125987,0.137196313125987
"ENSG00000145423","SFRP2",1050.87405632049,6.07296304956916,0.75326738803655,5.79130228679972,0.93059328997753,7.49573134501949e-16,9.61964682163076e-13,-0.28166076276944,0.28166076276944
"ENSG00000225670","CADM3-AS1",1224.83397437339,4.7305104403668,0.595784168804939,4.53140767873076,0.680701350799063,2.02224650531012e-15,2.47166671675214e-12,-0.199102761636034,0.199102761636034
"ENSG00000118004","COLEC11",1788.60460208547,-4.55912434005312,0.575980617575529,-4.36401643593105,0.671338015762889,2.46434109673484e-15,2.87510195135878e-12,0.195107904122066,0.195107904122066
"ENSG00000151789","ZNF385D",218.425702413642,4.37008410138198,0.559814800671217,4.19355107336265,0.626631441106676,5.88897839920277e-15,6.3987555823532e-12,-0.176533028019332,0.176533028019332
"ENSG00000101938","CHRDL1",1605.12348584312,5.03223151913772,0.644802250666835,4.81244835366119,0.757270893213079,5.98317426954755e-15,6.3987555823532e-12,-0.219783165476526,0.219783165476526
"ENSG00000229314","ORM1",104958.665565668,-6.84466143616724,0.878421315441243,-6.48405457421162,1.19239710006497,6.59552201866246e-15,6.77149054612037e-12,0.360606861955619,0.360606861955619
"ENSG00000157856","DRC1",54.8105110082391,4.89517141175368,0.635195623481,4.7243116981116,0.663127404835997,1.29257308114026e-14,1.27601820283181e-11,-0.170859713642079,0.170859713642079
"ENSG00000234638","ENSG00000234638",405.647931198204,4.49937851322716,0.593762194623799,4.30264108672407,0.67529599756236,3.51612561113605e-14,3.34253318744552e-11,-0.196737426503094,0.196737426503094
"ENSG00000170549","IRX1",30.1191225165684,7.60604531373074,1.0074724139561,9.95908932982042,2.95905552268136,4.36492003779513e-14,4.00122866464599e-11,2.35304401608967,-2.35304401608967
"ENSG00000163631","ALB",71544.148290415,-6.96430154936884,0.924359860742482,-6.49049347804165,1.40823831125004,4.91380535386503e-14,4.3490566212984e-11,0.473808071327196,0.473808071327196
"ENSG00000181195","PENK",29.7954313403997,6.6057331174238,0.891857333808663,6.59559381831682,1.05817401967671,1.29466248084676e-13,1.10767006319646e-10,-0.0101392991069851,0.0101392991069851
"ENSG00000116132","PRRX1",1105.80942149094,4.07842952218208,0.555598366066258,3.88388826686231,0.641895512315771,2.12626542222485e-13,1.76047918039501e-10,-0.194541255319775,0.194541255319775
"ENSG00000148584","A1CF",678.411410772887,-6.10172243020598,0.839230594421857,-5.75043871671365,1.06755732471103,3.5785488313256e-13,2.87033165167607e-10,0.351283713492339,0.351283713492339
"ENSG00000119547","ONECUT2",365.442502534043,-6.14600224080089,0.854264707048336,-5.72593738199731,1.12559309888812,6.26928605713039e-13,4.87617470388987e-10,0.420064858803581,0.420064858803581
"ENSG00000146678","IGFBP1",7990.42903520077,-6.6651197743366,0.935374700670019,-6.237738389287,1.25584525249106,1.0361715541367e-12,7.82218096471376e-10,0.427381385049593,0.427381385049593
"ENSG00000136872","ALDOB",21232.1026631944,-6.7581964102967,0.95489955361973,-6.18115602135402,1.52063402708588,1.46894863871181e-12,1.07724299170903e-09,0.577040388942682,0.577040388942682
"ENSG00000070193","FGF10",179.152039356232,3.88873198858248,0.550788538789251,3.69625345275693,0.617128242777897,1.66144236321112e-12,1.17341609003163e-09,-0.192478535825543,0.192478535825543
"ENSG00000103942","HOMER2",1425.21868752933,-1.62234962769797,0.229866015368201,-1.56266565577747,0.235621280301724,1.69152590217674e-12,1.17341609003163e-09,0.0596839719205022,0.0596839719205022
"ENSG00000100665","SERPINA4",293.440518442623,-7.48682644564099,1.07206129367867,-6.95310958625624,1.55361827222237,2.87750248950031e-12,1.94360148415801e-09,0.533716859384749,0.533716859384749
"ENSG00000104760","FGL1",30441.3881732784,-6.78407386039987,0.975429719733543,-6.24146164308155,1.49691186159343,3.52664196004514e-12,2.32098254329433e-09,0.542612217318319,0.542612217318319
"ENSG00000196549","MME",621.181873167214,4.0056755600898,0.579590701821284,3.7909680308204,0.657054850635296,4.80522417782185e-12,3.08339222430383e-09,-0.214707529269401,0.214707529269401
"ENSG00000169856","ONECUT1",119.992852371505,-6.85677005292645,0.995446253211843,-6.32554791394534,1.30904649971621,5.65278065535775e-12,3.53877856295286e-09,0.531222138981108,0.531222138981108
"ENSG00000158486","DNAH3",147.316331999515,4.69725698261484,0.682666805930149,4.42821681981342,0.805338417685128,5.95398766759442e-12,3.63859527295586e-09,-0.269040162801414,0.269040162801414
"ENSG00000110245","APOC3",21586.1486767494,-6.97396445440634,1.03115696898195,-6.38639767862441,1.56681624789359,1.34937261773203e-11,8.05449929751813e-09,0.587566775781927,0.587566775781927
"ENSG00000183644","HOATZ",50.6666583566815,5.08507329826676,0.753169461729608,4.81258423130496,0.839237960056551,1.46257868407487e-11,8.53181979185222e-09,-0.272489066961793,0.272489066961793
"ENSG00000162706","CADM3",1685.52456222676,4.32491267211432,0.6467799192309,4.07231764347844,0.75261462242678,2.28043762168251e-11,1.25541441449075e-08,-0.252595028635877,0.252595028635877
"ENSG00000108242","CYP2C18",347.151891931829,-6.04413548912597,0.904044561518323,-5.62444633627324,1.13879079389012,2.29884589087409e-11,1.25541441449075e-08,0.419689152852735,0.419689152852735
"ENSG00000270765","GAS2L2",52.14912845192,4.58134566597645,0.684997146985505,4.35042136422066,0.730998798632734,2.26050001555653e-11,1.25541441449075e-08,-0.230924301755786,0.230924301755786
"ENSG00000276490","ENSG00000276490",208.797716904239,-4.77488107799974,0.72410700568021,-4.48550929520913,0.847322402751551,4.27655865490564e-11,2.28680064573881e-08,0.289371782790612,0.289371782790612
"ENSG00000140835","CHST4",204.487021275056,-4.13163437966856,0.628325795187369,-3.86292357739407,0.731345527949605,4.84494426021403e-11,2.53786090463089e-08,0.268710802274487,0.268710802274487
"ENSG00000174175","SELP",579.478761765212,3.68046799297327,0.564451853261433,3.46105347987611,0.650600161066384,7.01067855627472e-11,3.59886173007807e-08,-0.219414513097166,0.219414513097166
"ENSG00000161055","SCGB3A1",2221.7734491059,4.53856071323499,0.698436658967934,4.24726899588481,0.828268835237165,8.13024628175919e-11,4.09174571203751e-08,-0.291291717350188,0.291291717350188
"ENSG00000225383","SFTA1P",167.133170741744,6.95139675573081,1.07268697262295,6.21635001504081,1.6423070664605,9.15045872926568e-11,4.51663123469351e-08,-0.735046740690003,0.735046740690003
"ENSG00000210140","MT-TC",2957.41717202251,3.17867155160385,0.493469343989772,3.00040346473869,0.551053797741872,1.18316188252915e-10,5.72985208280674e-08,-0.178268086865159,0.178268086865159
"ENSG00000137672","TRPC6",362.277568353745,3.87729675212845,0.60594174338293,3.62415523288826,0.713647232646188,1.56608349574206e-10,7.44382686763176e-08,-0.253141519240188,0.253141519240188
"ENSG00000106004","HOXA5",347.064656620164,3.12952699159871,0.492801618203114,2.93873289568277,0.546121389674767,2.14643632179618e-10,1.00168329220987e-07,-0.190794095915941,0.190794095915941
"ENSG00000259954","IL21R-AS1",40.3749889812273,2.75316641218355,0.434394874999611,2.60799890558645,0.451771118708558,2.32865266185509e-10,1.06731299771133e-07,-0.145167506597106,0.145167506597106
"ENSG00000210144","MT-TY",3477.21044828518,3.11517134184535,0.495367733900971,2.92926587557126,0.557205363884611,3.2033414971334e-10,1.44245905626181e-07,-0.185905466274094,0.185905466274094
"ENSG00000267272","LINC01140",200.231184424885,3.47843852142667,0.553871936852761,3.25812266426994,0.630377632874248,3.3809070568054e-10,1.49616795563835e-07,-0.220315857156725,0.220315857156725
"ENSG00000253215","ENSG00000253215",4913.47525434415,-7.1918821481687,1.14862402578344,-6.37273427939308,1.87963482858626,3.8177583642596e-10,1.6608543039907e-07,0.819147868775617,0.819147868775617
"ENSG00000163885","CFAP100",164.870734315233,4.08484205626425,0.6583730751796,3.79740984026059,0.781028787804835,5.48889285253727e-10,2.3480568807679e-07,-0.287432216003656,0.287432216003656
"ENSG00000034239","CLXN",80.6817735654359,4.76522797509131,0.769368968038044,4.44706354620158,0.886001512560681,5.87741452092644e-10,2.46378392019257e-07,-0.318164428889731,0.318164428889731
"ENSG00000246430","LINC00968",145.317816135895,6.20485791549499,1.00212305543597,5.65774009782604,1.29079979215377,5.95140075006581e-10,2.46378392019257e-07,-0.547117817668952,0.547117817668952
"ENSG00000146374","RSPO3",178.769258209313,2.66492365015169,0.433382476460176,2.50654856707784,0.469564080815777,7.79108466522185e-10,3.17418682701983e-07,-0.15837508307385,0.15837508307385
"ENSG00000134121","CHL1",204.272664935696,4.3327992172824,0.705278815016641,3.96772496816764,0.896804513361665,8.07812181764421e-10,3.23970551083553e-07,-0.365074249114753,0.365074249114753
"ENSG00000172005","MAL",144.085875992299,4.3506431779429,0.708843099323629,4.00932732808704,0.836187088449975,8.37419610270919e-10,3.26417949900796e-07,-0.341315849855864,0.341315849855864
"ENSG00000170927","PKHD1",165.847264117456,-4.90427092418323,0.799092379601941,-4.45066887899109,1.04975124026,8.39349541958644e-10,3.26417949900796e-07,0.453602045192144,0.453602045192144
"ENSG00000187492","CDHR4",155.061825665417,4.82949752042646,0.789374778655949,4.40425950071954,1.03759968912908,9.46798112494509e-10,3.62708464976068e-07,-0.425238019706923,0.425238019706923
"ENSG00000131055","COX4I2",131.085236316967,4.01474854659386,0.657992529890663,3.71964078570644,0.780620998186563,1.05070520050956e-09,3.96594858551161e-07,-0.295107760887418,0.295107760887418
"ENSG00000274536","MIR223HG",101.058898054467,3.08411516486849,0.507086414404294,2.88806069846165,0.552770692305215,1.18669801949596e-09,4.41434464730474e-07,-0.196054466406839,0.196054466406839
"ENSG00000290677","ENSG00000290677",95.055856622875,3.57381792328665,0.588384986773514,3.33797332498226,0.66102574601842,1.24805654972766e-09,4.57626678026569e-07,-0.235844598304387,0.235844598304387
"ENSG00000171564","FGB",128249.584687249,-8.45374555447999,1.39535979822784,-0.135451245128223,0.352601831541972,1.37422322818957e-09,4.96791374618897e-07,8.31829430935177,8.31829430935177
"ENSG00000102802","MEDAG",441.102430417425,2.77246142001275,0.46028697388776,2.59227739796953,0.509703184397563,1.70862082940896e-09,6.09099594839442e-07,-0.180184022043216,0.180184022043216
"ENSG00000145192","AHSG",2219.80762161961,-6.80472796979063,1.13587265984228,-6.97985058137419,1.91532954619022,2.08876837151882e-09,7.34416682079089e-07,-0.175122611583567,-0.175122611583567
"ENSG00000210135","MT-TN",2373.35614531783,3.09516584300585,0.516861456425415,2.89075639969478,0.585747312099933,2.11933774107691e-09,7.35095159462446e-07,-0.204409443311073,0.204409443311073
"ENSG00000007908","SELE",2057.29523636052,2.30495326799119,0.387211500280922,2.16261341528534,0.412098192338435,2.63757134122195e-09,9.02647248201917e-07,-0.142339852705844,0.142339852705844
"ENSG00000143867","OSR1",349.497063317713,3.11079657898369,0.523560851386586,2.89689262113219,0.584282562776452,2.82229049294452e-09,9.53154343189565e-07,-0.213903957851509,0.213903957851509
"ENSG00000169064","ZBBX",70.0956820991831,4.69263817651074,0.791253339830823,4.35233837855556,1.00494264150217,3.01757398335342e-09,1.00587105754198e-06,-0.340299797955185,0.340299797955185
"ENSG00000118432","CNR1",421.042326348666,4.4609142060953,0.754003339838889,4.01354258803349,1.00894614228755,3.2925314346316e-09,1.08345390170114e-06,-0.447371618061812,0.447371618061812
"ENSG00000170323","FABP4",2202.9623016714,3.5628559937735,0.603801342142406,3.28391909083377,0.721797941203431,3.61942872730349e-09,1.17594781194555e-06,-0.278936902939732,0.278936902939732
"ENSG00000197057","DTHD1",92.2241308421908,4.09902226992043,0.69544398860996,3.77149339686124,0.819228342958709,3.76709774907069e-09,1.20862622406747e-06,-0.327528873059197,0.327528873059197
"ENSG00000172061","LRRC15",1023.07884720724,3.9603823807762,0.672179509323356,3.65138442760667,0.788417026355429,3.8189047270863e-09,1.21012132876696e-06,-0.308997953169527,0.308997953169527
"ENSG00000091583","APOH",6666.7053181107,-6.42263570553404,1.09295855101784,-5.66454089776343,2.15277383942991,4.19344543241418e-09,1.31259955992408e-06,0.758094807770612,0.758094807770612
"ENSG00000105880","DLX5",38.2758446518444,5.00379326089328,0.852323043728568,4.62179112893191,0.965968144520557,4.33773543123145e-09,1.34140548570383e-06,-0.382002131961372,0.382002131961372
"ENSG00000197406","DIO3",295.507076931397,2.45620434264272,0.419853929367376,2.29762942320231,0.454543709373797,4.9115888692089e-09,1.50078275602363e-06,-0.158574919440413,0.158574919440413
"ENSG00000066405","CLDN18",1339.10085990995,5.5412490579096,0.951853032299977,4.78186751917799,1.54133185883341,5.83083756598863e-09,1.76070715066153e-06,-0.759381538731612,0.759381538731612
"ENSG00000149021","SCGB1A1",1671.84836182764,9.23722501858325,1.58806447192049,7.60917244467365,3.29766714214269,6.0036450462614e-09,1.79180880700455e-06,-1.62805257390961,1.62805257390961
"ENSG00000175445","LPL",1039.6110560525,3.66997371904635,0.634547929680056,3.36624643334717,0.77712915537551,7.31171033249236e-09,2.15712263338025e-06,-0.303727285699182,0.303727285699182
"ENSG00000198523","PLN",324.301203771219,3.14278818375784,0.545692831986772,2.89774688169276,0.63167752993844,8.44823084559335e-09,2.46409933083914e-06,-0.245041302065077,0.245041302065077
"ENSG00000260597","ENSG00000260597",96.9083337907575,-1.80410949552034,0.314398482605579,-1.70373707829886,0.326677694672871,9.56375640626459e-09,2.75812287280442e-06,0.100372417221484,0.100372417221484
"ENSG00000143674","MAP3K21",437.863744450935,-1.43314857058216,0.249927063085234,-1.34866782822397,0.258879234986182,9.79348125422986e-09,2.79299203724798e-06,0.0844807423581888,0.0844807423581888
"ENSG00000166292","TMEM100",1026.93726824909,3.46793917663239,0.605946478038021,3.19539769561185,0.702512785379589,1.0455000558697e-08,2.94888460813272e-06,-0.272541481020532,0.272541481020532
"ENSG00000180210","F2",3509.14171009563,-6.10614666022835,1.0685302873877,-5.16414578186454,1.87804552969137,1.10008684514293e-08,3.0691227232917e-06,0.942000878363813,0.942000878363813
"ENSG00000047936","ROS1",127.092176905907,3.71991099879502,0.651183456888632,3.43881887552635,0.733209465385938,1.11302791747219e-08,3.07183737180202e-06,-0.28109212326867,0.28109212326867
"ENSG00000185008","ROBO2",374.332809192392,3.80199358018741,0.666965068421326,3.46088681461044,0.815089979718255,1.19499401432861e-08,3.26296929423111e-06,-0.341106765576967,0.341106765576967
"ENSG00000174844","DNAH12",117.109868677962,3.73362246906522,0.65533983153164,3.41381783658363,0.789476096260426,1.21768821154475e-08,3.28993719218096e-06,-0.319804632481588,0.319804632481588
"ENSG00000272783","ENSG00000272783",26.9230869152009,3.11778510486537,0.549258425516484,2.90927339871362,0.575596829732845,1.37596114487549e-08,3.67883278182491e-06,-0.208511706151753,0.208511706151753
"ENSG00000142609","CFAP74",136.666288934063,3.5173303892106,0.620672876627302,3.23360002818124,0.716751242349156,1.45350492076424e-08,3.84609389703669e-06,-0.283730361029362,0.283730361029362
"ENSG00000167434","CA4",275.287524252723,4.5504409165634,0.803437256945384,4.20867914843449,1.0406989609885,1.48128993711222e-08,3.87961926692442e-06,-0.341761768128912,0.341761768128912
"ENSG00000225243","ENSG00000225243",392.543880433414,3.50951745344192,0.622693492159828,3.20282241775973,0.74908253167422,1.74017914798605e-08,4.51163416074322e-06,-0.306695035682192,0.306695035682192
"ENSG00000164266","SPINK1",219.410576791174,-3.97381257731597,0.705332715905353,-3.58593456456299,0.889689234605719,1.76123291531805e-08,4.52055652374685e-06,0.387878012752979,0.387878012752979
"ENSG00000164107","HAND2",400.330125304283,-4.22971950213083,0.752201139438192,-3.75186193274404,1.02116476970479,1.87535808130842e-08,4.71909959538658e-06,0.477857569386792,0.477857569386792
"ENSG00000103522","IL21R",85.4587862263551,2.46457201466445,0.438169679900454,2.29357465913363,0.470059468138239,1.858330579336e-08,4.71909959538658e-06,-0.170997355530822,0.170997355530822
"ENSG00000171234","UGT2B7",88.0790273265088,-4.36327481151829,0.776208237018532,-4.12144793897044,0.888196974508824,1.89560531882886e-08,4.72373803091071e-06,0.241826872547852,0.241826872547852
"ENSG00000274072","ENSG00000274072",393.444262786023,1.8135435093114,0.324534173645144,1.6949840912282,0.343169704478152,2.29510055464338e-08,5.6382584438136e-06,-0.118559418083199,0.118559418083199
"ENSG00000162344","FGF19",132.915564201834,-5.45700480470642,0.976683526063799,-4.79226720461232,1.33042777324592,2.30653031753001e-08,5.6382584438136e-06,0.664737600094094,0.664737600094094
"ENSG00000198759","EGFL6",380.756831082844,4.05904020432815,0.728268389771505,3.67230879493625,0.909826311181957,2.49600127785132e-08,6.04385516968018e-06,-0.3867314093919,0.3867314093919
"ENSG00000055957","ITIH1",2804.85791614006,-5.96459124992342,1.0705578686018,-4.91680417121196,2.09249718493502,2.52585047327615e-08,6.05897234556813e-06,1.04778707871146,1.04778707871146
"ENSG00000141161","UNC45B",20.2711148127951,4.92213532294835,0.883788762872506,4.54985283219019,0.988576966995752,2.55680817567121e-08,6.07644402268084e-06,-0.37228249075816,0.37228249075816
"ENSG00000154678","PDE1C",160.869222470303,4.22314337768406,0.759996700823605,3.81686914692581,0.945637996708982,2.74778304306957e-08,6.43457087115716e-06,-0.406274230758255,0.406274230758255
"ENSG00000243836","WDR86-AS1",84.8158052090863,4.00638060644879,0.721069205104208,3.64951454508722,0.847558547572933,2.75763741702298e-08,6.43457087115716e-06,-0.356866061361566,0.356866061361566
"ENSG00000136881","BAAT",2681.77098614273,-5.49768577985339,0.990293362656414,-4.62162109660837,1.68300037439023,2.83110631236856e-08,6.5464870017625e-06,0.876064683245021,0.876064683245021
"ENSG00000106511","MEOX2",354.462610680403,4.06045605028937,0.732104680155493,3.66688224654174,0.912096828616856,2.91814795749549e-08,6.68750925223543e-06,-0.393573803747621,0.393573803747621
"ENSG00000048540","LMO3",496.025359705468,3.80616438407012,0.687514016246339,3.40725695036164,0.898296744792167,3.09234720729888e-08,7.02400670528675e-06,-0.398907433708487,0.398907433708487
"ENSG00000094963","FMO2",3771.94672283449,3.33079429587554,0.604669802674405,3.03336150775286,0.706226880255219,3.62003897838212e-08,8.13192834741726e-06,-0.297432788122683,0.297432788122683
"ENSG00000266524","GDF10",156.369506521349,5.0457043967119,0.916182271234618,4.56453783380327,1.23265468057249,3.64347901956982e-08,8.13192834741726e-06,-0.481166562908633,0.481166562908633
"ENSG00000286196","ENSG00000286196",20.8424310758341,2.47543013858917,0.450853130951983,2.30593367892577,0.466315879284889,4.00691683849791e-08,8.86599435290739e-06,-0.169496459663396,0.169496459663396
"ENSG00000187048","CYP4A11",489.994466033178,-5.43332430206925,0.990906237985947,-4.592462965951,1.62017083777646,4.17730804482798e-08,9.16401415270083e-06,0.840861336118246,0.840861336118246
"ENSG00000210127","MT-TA",1588.26360602086,3.01988948457481,0.552774363778571,2.7554945661137,0.64578056933001,4.67757978505278e-08,1.01745288426229e-05,-0.264394918461111,0.264394918461111
"ENSG00000158874","APOA2",32554.4372071082,-6.08451582899942,1.11436793441625,-5.04074057626713,2.13622884306159,4.75973590732523e-08,1.0266230380951e-05,1.04377525273229,1.04377525273229
"ENSG00000286215","ENSG00000286215",79.8027668618241,2.62083396773828,0.480627855500759,2.41624593565798,0.530126411882729,4.95443059854723e-08,1.05777736560536e-05,-0.204588032080297,0.204588032080297
"ENSG00000235142","LINC02532",524.357091013433,-4.63608520780774,0.850607255701538,-4.06441089976084,1.17941237147833,5.0278115324679e-08,1.05777736560536e-05,0.571674308046901,0.571674308046901
"ENSG00000129654","FOXJ1",246.274140430398,3.73582767717167,0.685289640713043,3.40258752841714,0.82461490079821,4.99585285354154e-08,1.05777736560536e-05,-0.333240148754531,0.333240148754531
"ENSG00000198734","F5",833.590022089337,-2.34578096120938,0.430792433230778,-2.16465466576391,0.472385200774858,5.1726964794978e-08,1.07941138649813e-05,0.181126295445476,0.181126295445476
"ENSG00000163623","NKX6-1",101.113137503449,4.91531589870278,0.903238465147862,4.48209260204591,1.1792533858515,5.27210035505148e-08,1.09128225655731e-05,-0.433223296656867,0.433223296656867
"ENSG00000174944","P2RY14",127.633382260516,4.50962180585705,0.829451719470416,4.0601625559202,1.00516813253353,5.42244374999309e-08,1.11342290984858e-05,-0.449459249936853,0.449459249936853
"ENSG00000204003","ENSG00000204003",263.240690771539,2.826232254528,0.520065512000118,2.58995249493542,0.595492093311072,5.49880948524545e-08,1.12014240522059e-05,-0.236279759592579,0.236279759592579
"ENSG00000187905","LRRC74B",56.9093787558526,5.07410993875205,0.93587321984876,4.53036002593673,1.30142488923822,5.90045148742651e-08,1.19249518368328e-05,-0.543749912815311,0.543749912815311
"ENSG00000164825","DEFB1",515.37651254291,-4.7147578680372,0.871450499767076,-4.15653302116992,1.14479266893054,6.29397298069334e-08,1.26208909762075e-05,0.558224846867279,0.558224846867279
"ENSG00000267026","ENSG00000267026",75.0629348456003,2.71227162531909,0.503349117547256,2.49113306556359,0.555350683191277,7.10678706632107e-08,1.41403026070747e-05,-0.221138559755495,0.221138559755495
"ENSG00000203985","LDLRAD1",102.254960970333,3.45191014737779,0.641931905755839,3.12525648219205,0.760988651105617,7.55786268663841e-08,1.48082184410647e-05,-0.326653665185743,0.326653665185743
"ENSG00000110900","TSPAN11",126.524307066551,2.0666795650483,0.384277663825923,1.91047443277404,0.413084929512072,7.52805069364221e-08,1.48082184410647e-05,-0.156205132274263,0.156205132274263
"ENSG00000235997","LINC01936",143.454435644278,4.07187574624021,0.760135342260807,3.62008317704325,0.967448255014586,8.47194357974481e-08,1.64734375652508e-05,-0.451792569196964,0.451792569196964
"ENSG00000135638","EMX1",217.969527711094,-2.65725286978719,0.4964443285629,-2.4612278927967,0.534386504222653,8.67138858387779e-08,1.66095918494322e-05,0.196024976990493,0.196024976990493
"ENSG00000221818","EBF2",115.565311765879,4.6351033593361,0.865863211064531,3.95713223429717,1.25855606322708,8.64318821536852e-08,1.66095918494322e-05,-0.677971125038927,0.677971125038927
"ENSG00000176029","C11orf16",69.0289870216297,4.32922200090263,0.809932853273195,3.99702276936661,1.05319970678009,9.03364120953327e-08,1.71752939944511e-05,-0.332199231536022,0.332199231536022
"ENSG00000139144","PIK3C2G",93.9699690051326,-3.3525510756551,0.628926804614717,-3.04415218719852,0.731004257365831,9.78940836145984e-08,1.84753488539404e-05,0.308398888456583,0.308398888456583
"ENSG00000112214","FHL5",637.257138894874,4.14451636822971,0.778241384376552,3.59116345073289,1.10485725667554,1.00681498870637e-07,1.88627155584865e-05,-0.553352917496817,0.553352917496817
"ENSG00000240666","MME-AS1",76.4868388285699,4.10910062085735,0.779521055140545,3.692885896332,0.936076775389686,1.35450160084016e-07,2.48328518491174e-05,-0.416214724525348,0.416214724525348
"ENSG00000169282","KCNAB1",163.939858711296,1.58587493558799,0.300766792437061,1.4700636237531,0.31599677886564,1.34377943637461e-07,2.48328518491174e-05,-0.115811311834892,0.115811311834892
"ENSG00000197471","SPN",298.409652659198,1.53988484847404,0.292118016616341,1.42763954067722,0.306779007084333,1.35351854747923e-07,2.48328518491174e-05,-0.112245307796812,0.112245307796812
"ENSG00000171557","FGG",117772.766580646,-4.81916235389611,0.914571155366051,-4.07807134751996,1.4141720956494,1.3693474195458e-07,2.49269788776468e-05,0.74109100637615,0.74109100637615
"ENSG00000197249","SERPINA1",300786.802797244,-3.68191393651116,0.699024424391436,-3.27366023149144,0.910540498536941,1.3850679444722e-07,2.50355907963154e-05,0.408253705019711,0.408253705019711
"ENSG00000286342","ENSG00000286342",106.366920420847,-1.81536268201089,0.345523701006878,-1.67634296258412,0.365395099195354,1.48874979193205e-07,2.65359311871666e-05,0.139019719426765,0.139019719426765
"ENSG00000183690","EFHC2",42.8161699962534,3.86720970815337,0.735951904077926,3.46879764276324,0.886099140764133,1.48262405154534e-07,2.65359311871666e-05,-0.398412065390129,0.398412065390129
"ENSG00000121075","TBX4",774.97020689307,5.83261520504707,1.11065894669343,4.2970185018887,2.23101599109639,1.50873096598401e-07,2.67066191061459e-05,-1.53559670315836,1.53559670315836
"ENSG00000162849","KIF26B",644.042238143698,1.81089710780169,0.345727343393967,1.67538505388325,0.370280167980198,1.6238385080974e-07,2.85473034159835e-05,-0.135512053918448,0.135512053918448
"ENSG00000152583","SPARCL1",18407.0771621097,2.88654722747722,0.553500559880966,2.60114545926068,0.660881304160792,1.8374234799362e-07,3.20824139180425e-05,-0.285401768216535,0.285401768216535
"ENSG00000184905","TCEAL2",41.2677441254955,3.60768397133812,0.692441038456074,3.24617892843838,0.821158833508246,1.8874340494054e-07,3.22965131640589e-05,-0.361505042899741,0.361505042899741
"ENSG00000256948","IQSEC3-AS2",41.6239588692664,4.04567760501597,0.776441756157493,3.65537138522335,0.883341662245752,1.88295991052898e-07,3.22965131640589e-05,-0.390306219792623,0.390306219792623
"ENSG00000125872","LRRN4",280.372314297106,3.41166734429593,0.654788612713663,3.05584782156659,0.805397697929677,1.88501015529522e-07,3.22965131640589e-05,-0.35581952272934,0.35581952272934
"ENSG00000168309","FAM107A",1490.91493477763,3.04726653059883,0.586639387489184,2.7580005403391,0.686859253809592,2.05330527888365e-07,3.49021103265607e-05,-0.289265990259736,0.289265990259736
"ENSG00000145113","MUC4",335.704728762303,2.96018817271519,0.570370278393898,2.66184705911377,0.677155575703447,2.10360566400867e-07,3.55218727487569e-05,-0.298341113601422,0.298341113601422
"ENSG00000171303","KCNK3",1096.34533898428,3.42187316704858,0.662579167303839,3.0274481746259,0.838788424031411,2.41115433771518e-07,4.04067665870578e-05,-0.394424992422677,0.394424992422677
"ENSG00000248464","FGF10-AS1",19.3868441142446,3.9460338089233,0.764224052095985,3.57981377654257,0.844314015747116,2.42437450984022e-07,4.04067665870578e-05,-0.366220032380734,0.366220032380734
"ENSG00000237125","HAND2-AS1",415.950833162514,-3.66649570341965,0.710788821345598,-3.20122511135416,0.94601575294838,2.49138975240919e-07,4.12558069516688e-05,0.465270592065492,0.465270592065492
"ENSG00000187922","LCN10",227.437902218176,2.84496525598311,0.551800431546369,2.56414436030676,0.646919586438775,2.5256844448268e-07,4.15556042598522e-05,-0.280820895676352,0.280820895676352
"ENSG00000145390","USP53",2608.91929045521,1.31870691116565,0.255978885256803,1.22220576574489,0.26751420741378,2.5824069884118e-07,4.22182421474941e-05,-0.096501145420762,0.096501145420762
"ENSG00000087245","MMP2",15835.0849898808,2.82663733526454,0.549656038560377,2.53848000183192,0.658190161712916,2.71024630390405e-07,4.4027779672345e-05,-0.28815733343262,0.28815733343262
"ENSG00000141485","SLC13A5",1800.31845728936,-4.52070304526829,0.879814211205723,-3.76701139459919,1.4363015187756,2.77312701063946e-07,4.47659440138887e-05,0.753691650669102,0.753691650669102
"ENSG00000259803","SLC22A31",290.860764667078,3.0682933836928,0.599129567181715,2.74552607697029,0.717132872008135,3.03514012745975e-07,4.86893385321933e-05,-0.322767306722507,0.322767306722507
"ENSG00000101230","ISM1",240.14964574953,2.04119284913767,0.40003586112203,1.86612059749067,0.435201117196775,3.3515204567331e-07,5.34307301633345e-05,-0.175072251647005,0.175072251647005
"ENSG00000260695","ENSG00000260695",32.5324250815844,5.80934549339862,1.14008779047531,5.15543345574981,1.72780373850969,3.47776676669231e-07,5.51011355559824e-05,-0.65391203764881,0.65391203764881
"ENSG00000122121","XPNPEP2",138.529582007562,3.15677646133441,0.619945689583718,2.81368190850301,0.746650354207297,3.5426688054212e-07,5.57850798949362e-05,-0.343094552831401,0.343094552831401
"ENSG00000196990","FAM163B",82.2276756008403,-4.33136066725375,0.851508814801569,-3.79196270653268,1.09700282919426,3.64368268031623e-07,5.70258557046809e-05,0.539397960721076,0.539397960721076
"ENSG00000117600","PLPPR4",64.2833737648133,5.46725867253207,1.07754608855235,4.37010470642355,1.71344260707442,3.89938771658879e-07,6.01323782291177e-05,-1.09715396610852,1.09715396610852
"ENSG00000132554","RGS22",102.113813926926,2.65301530453856,0.522776654106197,2.39552638107883,0.596377056668575,3.87793210843621e-07,6.01323782291177e-05,-0.25748892345973,0.25748892345973
"ENSG00000138109","CYP2C9",357.68585619159,-5.12258919402903,1.00974159146754,-3.90910369802404,1.83685694806167,3.91245847362865e-07,6.01323782291177e-05,1.21348549600499,1.21348549600499
"ENSG00000168079","SCARA5",266.712397209455,4.97914768673693,0.983017827678871,3.93669367942098,1.64414553686818,4.08046344544827e-07,6.23412233656671e-05,-1.04245400731595,1.04245400731595
"ENSG00000070808","CAMK2A",33.8344629156405,3.38873174334343,0.66979049277364,3.06291695790736,0.749009813294606,4.20598438069545e-07,6.38786988753314e-05,-0.325814785436069,0.325814785436069
"ENSG00000177272","KCNA3",312.440148029311,2.64667096006838,0.524171944926898,2.38156799312382,0.609375916949373,4.43566719346112e-07,6.69707469732745e-05,-0.265102966944558,0.265102966944558
"ENSG00000228278","ORM2",19976.7708587799,-4.72664640082226,0.937202827250089,-4.11492949416867,1.31895708681899,4.5743985595715e-07,6.86614548704806e-05,0.611716906653598,0.611716906653598
"ENSG00000006210","CX3CL1",2127.33044274312,1.88336192985157,0.373564537473954,1.7231419470467,0.405763739936875,4.61662231884294e-07,6.88923517777568e-05,-0.160219982804864,0.160219982804864
"ENSG00000172482","AGXT",3899.91944763163,-5.0770867700229,1.00900427283805,-4.74689571308963,1.73813438206165,4.85948608523797e-07,7.20973580056665e-05,0.330191056933272,0.330191056933272
"ENSG00000138741","TRPC3",24.8486090911561,4.17355302205764,0.830436199338073,3.73925757234783,0.959905900727724,5.01505658349695e-07,7.39778490394347e-05,-0.434295449709806,0.434295449709806
"ENSG00000119514","GALNT12",186.981902688962,2.18740440812524,0.435403483636785,1.98900556667108,0.47986498417704,5.06442127189531e-07,7.42791433061353e-05,-0.198398841454156,0.198398841454156
"ENSG00000203685","STUM",159.771747661316,1.81669592533473,0.362698982334282,1.66113235047899,0.389197312255757,5.47631854350309e-07,7.98640159409624e-05,-0.155563574855744,0.155563574855744
"ENSG00000084674","APOB",16527.3880502579,-5.08997016990459,1.01799407245866,-3.81548534303772,2.22864634859191,5.73303705703103e-07,8.3135515334924e-05,1.27448482686687,1.27448482686687
"ENSG00000112782","CLIC5",893.471586761149,3.64788638092585,0.730041879914356,3.14933378968214,0.973716471588598,5.82840382489136e-07,8.40436185244306e-05,-0.498552591243709,0.498552591243709
"ENSG00000224957","LINC01266",13.7316059920656,4.24101137043533,0.850269125239967,3.83513671017109,0.936124135620932,6.1056238024074e-07,8.75491877856931e-05,-0.405874660264242,0.405874660264242
"ENSG00000144481","TRPM8",95.5511753880416,-4.57285326845226,0.919272578331684,-4.18230763509054,1.30245496069609,6.54413101119299e-07,9.33156725912725e-05,0.390545633361717,0.390545633361717
"ENSG00000184845","DRD1",20.0120561504948,3.41619624528228,0.6878430143066,3.08931802911951,0.754275152892482,6.81598380347957e-07,9.61240968592913e-05,-0.326878216162773,0.326878216162773
"ENSG00000101076","HNF4A",346.019476079845,-4.73194918460924,0.952621873673265,-3.78425231368804,1.60802640890953,6.78949893768851e-07,9.61240968592913e-05,0.947696870921203,0.947696870921203
"ENSG00000197245","FAM110D",177.095602462615,1.85922328652699,0.374560545610969,1.69607573443204,0.403922632188332,6.91464791981087e-07,9.69826601955112e-05,-0.163147552094949,0.163147552094949
"ENSG00000127241","MASP1",1085.65724941567,-3.98307697180592,0.802989271015059,-3.45801924941974,1.06733898310115,7.03802023990539e-07,9.81765573356802e-05,0.52505772238618,0.52505772238618
"ENSG00000179144","GIMAP7",451.374172668819,2.04330570802194,0.412144328953218,1.85333574147797,0.454395114920647,7.13167736534308e-07,9.89452772628437e-05,-0.189969966543969,0.189969966543969
"ENSG00000253120","IGLV2-34",16.1724573496865,3.11840785520458,0.629250435849892,2.85779346959225,0.672444489344153,7.2051807185947e-07,9.94276201635324e-05,-0.260614385612327,0.260614385612327
"ENSG00000149809","TM7SF2",1360.88557832334,-1.23164867075279,0.248748782104413,-1.13399275962315,0.25985068835217,7.3690688308696e-07,0.000101145395551834,0.097655911129634,0.097655911129634
"ENSG00000058335","RASGRF1",115.431564566958,2.62693132097404,0.532917578260213,2.35705759280857,0.611803394101137,8.25083621956742e-07,0.000112645858110445,-0.269873728165472,0.269873728165472
"ENSG00000131910","NR0B2",192.081072046649,-5.18025691969979,1.05118124178394,-4.36717408128912,1.48838354786936,8.30611573764754e-07,0.000112800567533439,0.813082838410673,0.813082838410673
"ENSG00000274415","ENSG00000274415",139.378835973208,1.70716822758786,0.346569977037166,1.55886606365655,0.370246135552181,8.39739566521721e-07,0.000112846049496927,-0.148302163931303,0.148302163931303
"ENSG00000148053","NTRK2",521.66290044863,2.57462561377022,0.522621379786361,2.29230799171821,0.614592398773789,8.37718533683268e-07,0.000112846049496927,-0.282317622052013,0.282317622052013
"ENSG00000138759","FRAS1",791.944943904207,3.47338589976874,0.707438249592432,2.96686818018219,0.969664408206573,9.11656591032542e-07,0.000121872342302251,-0.506517719586554,0.506517719586554
"ENSG00000284341","ENSG00000284341",2216.70516734794,2.37420457736953,0.48389095485846,2.12757984890657,0.557746266038287,9.27222311508273e-07,0.000123310958909237,-0.246624728462963,0.246624728462963
"ENSG00000159588","CCDC17",457.759652034118,2.34950012582087,0.478979825964789,2.10589809595869,0.550111970088757,9.33239666791143e-07,0.000123471456327465,-0.243602029862186,0.243602029862186
"ENSG00000157445","CACNA2D3",48.7725760922736,3.703979408725,0.755539423407026,3.28229497917541,0.894553951713284,9.46581762021006e-07,0.000124048570613586,-0.421684429549591,0.421684429549591
"ENSG00000155906","RMND1",1650.43366912293,-1.23650555997664,0.252230291853812,-1.13623731521616,0.263922718375471,9.47267691598661e-07,0.000124048570613586,0.100268244760479,0.100268244760479
"ENSG00000196169","KIF19",102.19964197848,3.00863267945269,0.614934110771547,2.65543051292111,0.738562237874098,9.95075494254108e-07,0.000129647729497564,-0.353202166531584,0.353202166531584
"ENSG00000153902","LGI4",493.186900560203,2.3062020271879,0.471748966182794,2.0767480334517,0.529017924177596,1.01544640154605e-06,0.000131633650446881,-0.229453993736204,0.229453993736204
"ENSG00000163239","TDRD10",263.371912120478,1.53314263470625,0.313877014712824,1.40085986401229,0.332544098168508,1.03674281572953e-06,0.000133718984177537,-0.132282770693961,0.132282770693961
"ENSG00000107317","PTGDS",2304.31935364743,2.37401035611584,0.486754543656864,2.10483276299798,0.563897550840465,1.0758989096593e-06,0.000138075486571126,-0.269177593117861,0.269177593117861
"ENSG00000183813","CCR4",60.4777586478102,2.29926149008948,0.472590573968076,2.07188457031808,0.523425944911604,1.14324207504995e-06,0.000145988031543816,-0.227376919771396,0.227376919771396
"ENSG00000168685","IL7R",2275.18259100169,2.72812600027273,0.561051158403186,2.42465618931473,0.653987562489191,1.15896987749092e-06,0.000146538324362362,-0.303469810957996,0.303469810957996
"ENSG00000180383","DEFB124",30.3153910095769,2.81864080227947,0.57965634854704,2.53031111184151,0.644817800566825,1.158499352401e-06,0.000146538324362362,-0.288329690437956,0.288329690437956
"ENSG00000151655","ITIH2",1255.09187643768,-4.05583543714885,0.834868355460431,-3.4108833992542,1.21052481188386,1.18545166142674e-06,0.000149151900950196,0.644952037894657,0.644952037894657
"ENSG00000105989","WNT2",151.251477325425,4.37542060659055,0.905008999168675,3.54436022424345,1.3717474952204,1.33366135816373e-06,0.00016698090770726,-0.8310603823471,0.8310603823471
"ENSG00000125999","BPIFB1",658.582561128829,4.28842054285939,0.887482862069592,3.53641162577121,1.33348928304593,1.35089190908342e-06,0.000168317197235165,-0.752008917088184,0.752008917088184
"ENSG00000152580","IGSF10",474.770750067035,3.97714613700254,0.823886287787414,3.29758644666376,1.20592051242328,1.38396679419973e-06,0.000171605196650843,-0.679559690338775,0.679559690338775
"ENSG00000095917","TPSD1",177.269105983213,3.07148301412122,0.636909133343234,2.68840559562409,0.768630400632752,1.41782623606666e-06,0.000174958394236168,-0.383077418497127,0.383077418497127
"ENSG00000046653","GPM6B",573.405843206914,2.65121021777261,0.550490102576229,2.34108454856801,0.656097197341657,1.46398060841933e-06,0.000178933287029995,-0.310125669204598,0.310125669204598
"ENSG00000226091","LINC00937",46.5424502438979,1.75442097091716,0.364216280720112,1.59618995171235,0.384719752742446,1.45750436000258e-06,0.000178933287029995,-0.15823101920481,0.15823101920481
"ENSG00000205231","TTLL10-AS1",40.0702235707469,3.19504664346605,0.664226569544909,2.83784211722027,0.764298543144558,1.50797523962311e-06,0.000183436969077755,-0.357204526245784,0.357204526245784
"ENSG00000196358","NTNG2",121.550922288672,1.59074244253879,0.331159368530021,1.45201423641339,0.352080108173137,1.5587257155991e-06,0.000188716098784349,-0.138728206125402,0.138728206125402
"ENSG00000185303","SFTPA2",3793.03327583777,4.62760085985663,0.964342697157323,3.74486168790678,1.54459559061133,1.59690885761406e-06,0.000192431265954837,-0.882739171949847,0.882739171949847
"ENSG00000169218","RSPO1",94.855197946696,3.28748054387938,0.685273965227584,2.89129106911276,0.814650939196869,1.60800204806461e-06,0.000192862563400347,-0.396189474766613,0.396189474766613
"ENSG00000017483","SLC38A5",373.813786181763,2.63338218987153,0.551997841850046,2.31563744396769,0.660621567357676,1.83642807665348e-06,0.000219235346248674,-0.317744745903836,0.317744745903836
"ENSG00000131400","NAPSA",1909.02370528907,3.94475037150448,0.827662842214716,3.1980064094557,1.30502127278733,1.8779623531756e-06,0.000223155832032213,-0.746743962048779,0.746743962048779
"ENSG00000265107","GJA5",378.167992201609,1.71942845747839,0.361266201052281,1.55641359206037,0.39191735013219,1.94121106788038e-06,0.000229608592070441,-0.163014865418016,0.163014865418016
"ENSG00000130413","STK33",59.7985204957969,2.86291281564406,0.602013955733601,2.53472409712022,0.701721357807113,1.97898164907278e-06,0.000233002394434638,-0.328188718523839,0.328188718523839
"ENSG00000279030","ENSG00000279030",1781.50495330916,2.81998167246781,0.593385916245743,2.4552815373055,0.740077016235488,2.01059031181423e-06,0.000235643020700164,-0.36470013516231,0.36470013516231
"ENSG00000047617","ANO2",510.156476741275,2.68319216825335,0.565001156214511,2.36470242682383,0.679284817576897,2.04421942062715e-06,0.000238495363041987,-0.318489741429526,0.318489741429526
"ENSG00000196154","S100A4",1316.70252584237,2.09173259476419,0.441279778147044,1.87454122059166,0.497080752858825,2.13559450234978e-06,0.000247866986104902,-0.217191374172526,0.217191374172526
"ENSG00000158163","DZIP1L",207.071487509918,1.72994556684795,0.365016104205397,1.56081288219214,0.395454542975174,2.14386063487312e-06,0.000247866986104902,-0.169132684655817,0.169132684655817
"ENSG00000140285","FGF7",1568.50429828047,3.05776854217529,0.645834880399297,2.6337142037595,0.826015963218471,2.19489683560717e-06,0.000252629673002373,-0.424054338415788,0.424054338415788
"ENSG00000267206","LCN6",92.0249812062348,2.94414736299335,0.622237005198712,2.57997870125774,0.750889077142687,2.22808635481693e-06,0.000255304877094134,-0.364168661735612,0.364168661735612
"ENSG00000129990","SYT5",339.172419408039,2.93484676727362,0.620645518572038,2.5833608676606,0.728834384347612,2.25961427065109e-06,0.000257766753265784,-0.351485899613019,0.351485899613019
"ENSG00000289258","ENSG00000289258",64.0278736387903,2.64376537267625,0.559966029598809,2.34531096166995,0.636508281207073,2.3434660672557e-06,0.000266149307735629,-0.298454411006301,0.298454411006301
"ENSG00000118322","ATP10B",34.4098683471808,-2.55909638821808,0.542433227135944,-2.29579490017427,0.58920572178824,2.38398088399923e-06,0.00026955787378682,0.263301488043806,0.263301488043806
"ENSG00000171811","CFAP46",162.276898240787,2.90661476459225,0.61793032606939,2.52832519641401,0.756892518475318,2.55375364762446e-06,0.000287487696813934,-0.378289568178245,0.378289568178245
"ENSG00000111728","ST8SIA1",108.553359330014,1.67878192341732,0.357047239829688,1.51246174955416,0.383036892032768,2.57817141463869e-06,0.000288969107858215,-0.166320173863167,0.166320173863167
"ENSG00000117069","ST6GALNAC5",135.420890902135,4.06864012006625,0.865616596512759,3.34701166168903,1.27097808217613,2.59805391741753e-06,0.000289931521297199,-0.721628458377221,0.721628458377221
"ENSG00000133116","KL",150.788074933155,2.51034278491445,0.53420230668969,2.21868628354014,0.623326919853192,2.61136372354718e-06,0.000290155293040197,-0.291656501374312,0.291656501374312
"ENSG00000169562","GJB1",566.882279141953,-3.95241596540914,0.841564292486196,-3.19855388769606,1.29517089853827,2.64642976654554e-06,0.000292784106973812,0.753862077713085,0.753862077713085
"ENSG00000077942","FBLN1",13407.6831958342,2.42332398316707,0.51609701058944,2.13323983963078,0.614853813256061,2.65979396478969e-06,0.000292999706842304,-0.290084143536293,0.290084143536293
"ENSG00000261065","ENSG00000261065",666.575421707537,-1.24886538992212,0.266107834057378,-1.13893986748603,0.279734569536002,2.69122008502463e-06,0.000295194640693705,0.109925522436097,0.109925522436097
"ENSG00000166257","SCN3B",59.411055798117,1.82661141235653,0.389417742320086,1.6493614173193,0.417308819673755,2.72375820227886e-06,0.000297492347991028,-0.17724999503723,0.17724999503723
"ENSG00000104537","ANXA13",78.9336534225379,-2.93355468413421,0.625656205994884,-2.57924412942642,0.736360581787409,2.74859318060906e-06,0.000298932801553782,0.354310554707786,0.354310554707786
"ENSG00000196260","SFTA2",358.688809145062,3.98628287913093,0.851405474597202,3.35552131987877,1.19794761844483,2.84085497119438e-06,0.000307663394707367,-0.630761559252159,0.630761559252159
"ENSG00000120217","CD274",289.12417874344,1.68624978077317,0.360394529114852,1.5171507632635,0.390236537142725,2.88418765046465e-06,0.000311043884136455,-0.169099017509672,0.169099017509672
"ENSG00000080618","CPB2",3278.39036673353,-3.65934235115828,0.78243066699972,-3.12935108722025,1.03290990387908,2.91258047485975e-06,0.000312791644553243,0.529991263938024,0.529991263938024
"ENSG00000152760","DYNLT5",91.3343043966284,3.05962515046498,0.654630886590303,2.64123290129673,0.814090939753731,2.95652387435821e-06,0.000313280591944438,-0.418392249168249,0.418392249168249
"ENSG00000177363","LRRN4CL",76.9267155774151,2.97789120426222,0.636911956860432,2.61122722288048,0.754867947690765,2.93217299843585e-06,0.000313280591944438,-0.366663981381741,0.366663981381741
"ENSG00000111249","CUX2",58.4872101626107,-3.72223918889979,0.796513805525234,-3.15719401640169,1.05433665324406,2.96595565677713e-06,0.000313280591944438,0.565045172498101,0.565045172498101
"ENSG00000213279","ENSG00000213279",18.7334937438748,2.88234822999073,0.616613247588176,2.57233808724873,0.679929471821236,2.94694842335812e-06,0.000313280591944438,-0.310010142741993,0.310010142741993
"ENSG00000144868","TMEM108",242.250354328418,2.82351657753522,0.604372114267449,2.4440470314828,0.753317065140201,2.98545308710935e-06,0.000314047640929655,-0.379469546052416,0.379469546052416
"ENSG00000135549","PKIB",2283.28659413096,-1.96428478678846,0.420670024119376,-1.74794806475015,0.472578566931607,3.02052121906726e-06,0.000315153325730892,0.216336722038303,0.216336722038303
"ENSG00000197893","NRAP",261.257682517567,-3.68084916227608,0.788236438354933,-3.1447020429231,1.04052889433894,3.01599925269404e-06,0.000315153325730892,0.536147119352981,0.536147119352981
"ENSG00000144063","MALL",89.3330774138468,2.8568310005849,0.61206114598897,2.49339372399433,0.737822697821113,3.04800475066339e-06,0.000315456201351924,-0.363437276590576,0.363437276590576
"ENSG00000261189","DSP-AS1",88.0852869701626,-1.34869219768526,0.288928553747114,-1.22611994340415,0.302116905343521,3.04280599624132e-06,0.000315456201351924,0.122572254281118,0.122572254281118
"ENSG00000251680","ENSG00000251680",13.2423168129006,2.61916964059756,0.561461972800243,2.35938276012993,0.592683937020393,3.08751957617938e-06,0.000316989459847185,-0.25978688046763,0.25978688046763
"ENSG00000196136","SERPINA3",67291.5361301189,-2.7778227900484,0.595466940755574,-2.40696047404705,0.738801286511694,3.08693892410979e-06,0.000316989459847185,0.370862316001357,0.370862316001357
"ENSG00000106927","AMBP",11689.0881347826,-3.99357913065199,0.858311386175984,-3.34325669430556,1.23174231051271,3.27406163283255e-06,0.000334802151115192,0.650322436346429,0.650322436346429
"ENSG00000173110","HSPA6",1797.52827073906,1.77311466261526,0.381234154209573,1.58790116968157,0.419480501235131,3.30351972823833e-06,0.000335144035038313,-0.185213492933691,0.185213492933691
"ENSG00000124140","SLC12A5",54.7308761263616,2.08500274246216,0.448215449085853,1.86270009722173,0.492924482708876,3.29071085998992e-06,0.000335144035038313,-0.222302645240426,0.222302645240426
"ENSG00000149256","TENM4",142.920067410467,2.31859596946858,0.498982413801163,2.05218256277489,0.572840436161191,3.37371017807488e-06,0.000340502542691938,-0.266413406693697,0.266413406693697
"ENSG00000158113","LRRC43",84.9360530569093,3.07793836805195,0.662479423895116,2.67049487146774,0.815513293696507,3.38287093881031e-06,0.000340502542691938,-0.407443496584213,0.407443496584213
"ENSG00000163751","CPA3",1074.99386207235,3.04730545807455,0.657913232880114,2.57690236995932,0.855161194642826,3.62545646464787e-06,0.000360019047468157,-0.470403088115237,0.470403088115237
"ENSG00000171759","PAH",1396.10521543214,-3.2010672911701,0.690944036301654,-2.70756814461442,0.925123251859481,3.60597233225688e-06,0.000360019047468157,0.493499146555672,0.493499146555672
"ENSG00000018236","CNTN1",94.8488990717769,3.58238764593895,0.773187384977767,2.96315846258741,1.0915718878743,3.59930714303621e-06,0.000360019047468157,-0.61922918335154,0.61922918335154
"ENSG00000211666","IGLV2-14",395.185898966771,2.40179535800042,0.518594965055172,2.11748053872967,0.605484262745122,3.63287229883713e-06,0.000360019047468157,-0.284314819270744,0.284314819270744
"ENSG00000128284","APOL3",1491.90883022472,1.09280763232246,0.236042716063046,1.00262768761556,0.246184476409607,3.6619086557577e-06,0.000361500805643588,-0.0901799447068945,0.0901799447068945
"ENSG00000169252","ADRB2",146.018429827633,2.3135949083335,0.500295844503657,2.04989528140387,0.569020595422432,3.75587185614663e-06,0.000369356179815002,-0.263699626929624,0.263699626929624
"ENSG00000198650","TAT",3392.13578413347,-3.86845206882826,0.837178556610735,-3.21396834434494,1.19395217169014,3.82224862342883e-06,0.00037444906647919,0.654483724483312,0.654483724483312
"ENSG00000119147","ECRG4",118.231889675992,3.10160134342003,0.675018273860777,2.63503302494382,0.871999984706935,4.330802811281e-06,0.000422656713905511,-0.466568318476206,0.466568318476206
"ENSG00000184374","COLEC10",165.98096862313,-3.21692125654252,0.700448461126959,-2.71275865244512,0.93691063527424,4.37632862142746e-06,0.000425481919417344,0.504162604097404,0.504162604097404
"ENSG00000273259","ENSG00000273259",67162.5292952262,-2.75247903751544,0.599774100377615,-2.36919633873553,0.748058442817636,4.4496311617338e-06,0.000429473961501892,0.383282698779904,0.383282698779904
"ENSG00000237338","FTCD-AS1",60.7271084752608,-3.65335867313023,0.796088644191934,-3.09332590594307,1.0335106373929,4.45085416135518e-06,0.000429473961501892,0.56003276718716,0.56003276718716
"ENSG00000113600","C9",5049.31851369978,-4.73397769797653,1.03186048006567,-3.71264203474371,1.81832242213661,4.47924439063379e-06,0.00043059462836853,1.02133566323282,1.02133566323282
"ENSG00000291083","CYP2B7P",2303.69938892232,2.09433734734702,0.45680663806576,1.85114876641005,0.520489419043656,4.54562744646909e-06,0.000435345595778068,-0.243188580936968,0.243188580936968
"ENSG00000183273","CCDC60",28.0198033805133,5.48000982420714,1.19586724486975,4.40306604167499,2.10385400163614,4.59544966729203e-06,0.000437927149732952,-1.07694378253215,1.07694378253215
"ENSG00000103710","RASL12",716.128543719078,2.02825170221828,0.442686572303288,1.79802629311558,0.501096698144854,4.61237958066592e-06,0.000437927149732952,-0.230225409102699,0.230225409102699
"ENSG00000101115","SALL4",90.9446610103526,2.58940744731487,0.565228135844427,2.25837234399376,0.671685817911981,4.623768168373e-06,0.000437927149732952,-0.33103510332111,0.33103510332111
"ENSG00000182963","GJC1",479.175327636343,2.01666025694547,0.440398061397895,1.78508981421689,0.499751121730125,4.66811162607858e-06,0.000440501548185878,-0.231570442728578,0.231570442728578
"ENSG00000171873","ADRA1D",60.5777171369968,2.56954132223586,0.56145474400338,2.25101521854211,0.656113955068855,4.72643963206687e-06,0.000444371890242712,-0.318526103693756,0.318526103693756
"ENSG00000158270","COLEC12",1138.06029706351,2.92250183055969,0.639718822512101,2.45356374507347,0.852175284869286,4.9142347740616e-06,0.000460341839218391,-0.468938085486213,0.468938085486213
"ENSG00000157765","SLC34A2",3650.26580766795,4.12621114781122,0.904468451960618,3.35605466471269,1.3874046128371,5.06616902419773e-06,0.000471135363565519,-0.770156483098529,0.770156483098529
"ENSG00000074211","PPP2R2C",1572.63201580138,-1.68360770855335,0.369006113082305,-1.50381761651581,0.401068802893726,5.05367924786302e-06,0.000471135363565519,0.179790092037541,0.179790092037541
"ENSG00000198729","PPP1R14C",65.0311228355463,2.30519998506735,0.505983074400606,2.0406628273686,0.568848493112881,5.21658225319471e-06,0.000483371901417865,-0.264537157698747,0.264537157698747
"ENSG00000138650","PCDH10",239.096474520753,3.31898509770821,0.729352330162367,2.76824984847313,0.997736624338984,5.34951139666056e-06,0.000493906147547074,-0.550735249235077,0.550735249235077
"ENSG00000155511","GRIA1",408.580979126303,4.87189974999256,1.07137452037752,3.90683541076942,1.77489850502343,5.43292679511549e-06,0.000499809792294729,-0.965064339223143,0.965064339223143
"ENSG00000170209","ANKK1",28.4347012179285,2.15441746373017,0.474514442352772,1.92341998426792,0.512002279949634,5.6185731035077e-06,0.000515042556599043,-0.230997479462246,0.230997479462246
"ENSG00000167208","SNX20",143.11298874113,1.67906040108322,0.370196909157068,1.50257331062291,0.402185129967365,5.74434096496264e-06,0.000524697507287174,-0.17648709046031,0.17648709046031
"ENSG00000124253","PCK1",10939.6957638958,-4.1729039404015,0.921409349465638,-3.18486799777551,1.70074500006892,5.93119133329609e-06,0.000539843574296846,0.988035942625995,0.988035942625995
"ENSG00000154175","ABI3BP",1370.4672476522,2.5845605723749,0.570961084345189,2.24252608042487,0.685001553498264,5.99163484302104e-06,0.000543417991221982,-0.342034491950026,0.342034491950026
"ENSG00000132465","JCHAIN",851.999879226925,2.41621390884777,0.534637355036198,2.1046205263282,0.635603729276753,6.20294601667246e-06,0.000558635141789235,-0.311593382519577,0.311593382519577
"ENSG00000213462","ERV3-1",2729.91781962809,-1.12669717900735,0.249293696871712,-1.02114381328607,0.261646088442935,6.19690376117335e-06,0.000558635141789235,0.105553365721283,0.105553365721283
"ENSG00000126861","OMG",72.8151256970252,2.66565428408957,0.589966937087893,2.31021356768858,0.704462985126149,6.23347889576284e-06,0.000559422037823583,-0.355440716400997,0.355440716400997
"ENSG00000240041","IGHJ4",464.945584085552,1.85731805811881,0.41153455333736,1.65841144856943,0.455392505434976,6.38711640581147e-06,0.000571212950480708,-0.198906609549381,0.198906609549381
"ENSG00000174899","SLC66A1LP",50.8280796009787,3.02985340451104,0.671818357549271,2.61409209709376,0.802712382005265,6.48491847857144e-06,0.000575946029721429,-0.415761307417278,0.415761307417278
"ENSG00000279019","ENSG00000279019",45.1474832453042,1.73542104337738,0.384737794763532,1.55473268655245,0.413472253600082,6.46265018649365e-06,0.000575946029721429,-0.18068835682493,0.18068835682493
"ENSG00000254369","HOXA-AS3",118.22680522246,2.89672092320041,0.64300467819851,2.4935432707416,0.792394035973995,6.63803082104074e-06,0.000586744954341727,-0.403177652458811,0.403177652458811
"ENSG00000148346","LCN2",2336.97925991904,-2.64160625574008,0.586434224318093,-2.2609220265053,0.736027575922955,6.65222977805908e-06,0.000586744954341727,0.380684229234783,0.380684229234783
"ENSG00000187122","SLIT1",237.994737806507,2.3262056486394,0.517747059815309,2.02918556906531,0.608519145704637,7.02471077932386e-06,0.000617476888948307,-0.297020079574088,0.297020079574088
"ENSG00000230798","FOXD3-AS1",168.050442544272,-2.09278531306589,0.466067378888226,-1.87880959389495,0.517354494299785,7.1120807617429e-06,0.000623023129391314,0.213975719170938,0.213975719170938
"ENSG00000140093","SERPINA10",2495.92867583776,-4.62015545374011,1.02950424299754,-3.59402509853016,1.74597574218944,7.19800491236173e-06,0.000628405415257104,1.02613035520995,1.02613035520995
"ENSG00000237234","ENSG00000237234",129.047074453208,2.56215713781495,0.571145560685894,2.20464021323839,0.697089299019635,7.25738422089916e-06,0.000631441629823115,-0.357516924576561,0.357516924576561
"ENSG00000268297","CLEC4GP1",94.5363533800943,3.84165700067174,0.856825831435211,3.16984024841164,1.16192983080766,7.33971143769138e-06,0.000636447207673057,-0.671816752260107,0.671816752260107
"ENSG00000170891","CYTL1",50.5246903616774,2.89725936878233,0.646860308909476,2.5157962868976,0.761872960902569,7.50087161410468e-06,0.000648231891310521,-0.381463081884722,0.381463081884722
"ENSG00000231663","COA6-AS1",508.634786702949,-1.1700796325682,0.26138926743809,-1.05631609435215,0.275227997262745,7.59166649747864e-06,0.000653876859029477,0.11376353821605,0.11376353821605
"ENSG00000140937","CDH11",2701.65681312479,2.59054233056409,0.580191064423822,2.20414343765087,0.735833297168632,8.00756954892196e-06,0.000687392266261471,-0.386398892913213,0.386398892913213
"ENSG00000161798","AQP5",40.2810461870556,4.19241118622985,0.939868152751154,3.38153956124119,1.38284134936925,8.17161862062002e-06,0.000699136450451513,-0.810871624988658,0.810871624988658
"ENSG00000154342","WNT3A",49.8772331472004,5.43326579588619,1.21901582887769,3.7483828172825,2.29163021930085,8.30789237729898e-06,0.000708434131721372,-1.68488297860369,1.68488297860369
"ENSG00000198624","CCDC69",1291.92407375326,1.97588288440505,0.443581015684418,1.74040753826911,0.500162052841212,8.4132010385825e-06,0.000715038513434759,-0.235475346135949,0.235475346135949
"ENSG00000096696","DSP",12377.705452078,-1.17645033080121,0.264210929754358,-1.06495377752035,0.278911206626065,8.47996994536579e-06,0.000718334615801002,0.111496553280851,0.111496553280851
"ENSG00000143387","CTSK",1727.49277489663,1.73003444768064,0.388694301899141,1.53142388485313,0.431526998389695,8.55163008087322e-06,0.000722022004229516,-0.198610562827507,0.198610562827507
"ENSG00000257433","RPAP3-DT",352.576047398487,1.50915764294154,0.339125210574593,1.34703305230945,0.367037685430735,8.58108205127915e-06,0.000722133222984203,-0.162124590632087,0.162124590632087
"ENSG00000131203","IDO1",156.551770736545,3.40002073741923,0.764285610868031,2.83553173683671,1.01782779544511,8.64214007071979e-06,0.000724894801291388,-0.564489000582518,0.564489000582518
"ENSG00000111913","RIPOR2",751.962230463427,2.11181200448571,0.475751541118106,1.84025228762065,0.551418324707781,9.042114733656e-06,0.00075597380739006,-0.271559716865058,0.271559716865058
"ENSG00000164099","PRSS12",117.428088428942,2.59778142662497,0.585632053067939,2.23966465110703,0.699934114212525,9.17057061244429e-06,0.000762865826989556,-0.358116775517943,0.358116775517943
"ENSG00000177098","SCN4B",196.336060797131,3.03926691257716,0.685207199487265,2.56038853751603,0.875469037378765,9.18399269644964e-06,0.000762865826989556,-0.478878375061128,0.478878375061128
"ENSG00000157152","SYN2",92.7346897318168,2.86689502235556,0.646584531710668,2.44248750470173,0.800879893870298,9.254099531962e-06,0.000766209589312479,-0.424407517653825,0.424407517653825
"ENSG00000108342","CSF3",1033.86370262406,3.79878976255144,0.857117681587315,3.07331022413439,1.12182018618506,9.33406868537289e-06,0.000770345790827865,-0.725479538417049,0.725479538417049
"ENSG00000198121","LPAR1",591.22700809604,1.81053262088343,0.408782651709826,1.59647148188402,0.458516993470292,9.46342490445551e-06,0.000778518355841858,-0.214061138999407,0.214061138999407
"ENSG00000188596","CFAP54",82.9366774597439,2.71426964717719,0.612953035120804,2.32349142762014,0.752695980089661,9.50292253126515e-06,0.000779270008338603,-0.39077821955705,0.39077821955705
"ENSG00000179133","C10orf67",14.2920912109109,4.42545800657571,0.999836957041738,3.70881103646827,1.25220454612777,9.59166454305346e-06,0.000784042209638705,-0.716646970107449,0.716646970107449
"ENSG00000106772","PRUNE2",601.161348627002,2.43003162198097,0.549629967415861,2.07317727301085,0.674097567215923,9.81479796155322e-06,0.000799734664378369,-0.356854348970122,0.356854348970122
"ENSG00000248994","ENSG00000248994",23.790690587366,3.43738984887432,0.777680858989769,2.91161841986111,0.964584159026284,9.86771462598922e-06,0.000801501997801473,-0.525771429013202,0.525771429013202
"ENSG00000110777","POU2AF1",100.57616367401,2.17744548952875,0.493184573479038,1.90382878193229,0.565063881782324,1.00976292654919e-05,0.00081702100339294,-0.273616707596463,0.273616707596463
"ENSG00000077238","IL4R",4256.99105004124,1.16033522694445,0.26284389607383,1.04550521768231,0.277469712984527,1.01224404519015e-05,0.00081702100339294,-0.11483000926214,0.11483000926214
"ENSG00000168077","SCARA3",826.414942319903,2.49133178273589,0.564674305785368,2.13113971582239,0.699022224576076,1.02429544384782e-05,0.00082415646260947,-0.360192066913495,0.360192066913495
"ENSG00000289449","ENSG00000289449",99.2649787485572,2.75326749205155,0.624540633267389,2.34098019929557,0.775238130984114,1.04104324619517e-05,0.000835014281252859,-0.41228729275598,0.41228729275598
"ENSG00000146221","TCTE1",30.3634157485435,2.61850531952208,0.594486612819777,2.3009829160798,0.661596764232098,1.05954920356648e-05,0.000844579174159654,-0.31752240344228,0.31752240344228
"ENSG00000270164","LINC01480",93.7686594127438,1.75776508134455,0.399021591149395,1.55603120408621,0.43728473303998,1.05692227441803e-05,0.000844579174159654,-0.201733877258337,0.201733877258337
"ENSG00000102854","MSLN",587.10152289179,3.53827818208148,0.805234802401343,2.80210810050417,1.17383300727877,1.11235191319411e-05,0.000883923732382456,-0.736170081577311,0.736170081577311
"ENSG00000213203","GIMAP1",524.146474089077,1.90361921504109,0.433678071087107,1.66895031329715,0.491599531026063,1.13624441867523e-05,0.000900123009078303,-0.234668901743942,0.234668901743942
"ENSG00000196754","S100A2",35.2213502850991,2.13935553293386,0.487637398157632,1.88006456598397,0.541544667028692,1.14827058992731e-05,0.000905744454823214,-0.259290966949899,0.259290966949899
"ENSG00000187140","FOXD3",74.5639288907291,-1.60708085191358,0.366346543862899,-1.44466404176882,0.389378018936275,1.15042255294214e-05,0.000905744454823214,0.162416810144754,0.162416810144754
"ENSG00000181541","MAB21L2",37.8358685498825,-2.63555653310687,0.600886215622874,-2.27603869711129,0.700509093747224,1.15392697521016e-05,0.000905744454823214,0.359517835995576,0.359517835995576
"ENSG00000204305","AGER",3535.83061829302,3.04494499047011,0.69450899913771,2.46418542541738,0.987522605250668,1.16352259899122e-05,0.000910491906960599,-0.580759565052735,0.580759565052735
"ENSG00000289404","ENSG00000289404",52.291219526118,2.36727620018087,0.540203582098264,2.06910994341587,0.610112099213532,1.17490812585792e-05,0.000916606895635112,-0.298166256765001,0.298166256765001
"ENSG00000127152","BCL11B",102.511512116479,2.07111158258386,0.472846374853711,1.81075333797008,0.53428737911573,1.18628109193567e-05,0.000922675054142816,-0.260358244613775,0.260358244613775
"ENSG00000144857","BOC",548.200974068973,1.8312648391797,0.418317364491445,1.60704878534833,0.4712631385347,1.19942344991225e-05,0.00092727715930415,-0.224216053831371,0.224216053831371
"ENSG00000154330","PGM5",517.839630432489,2.30484523163687,0.526457269277192,1.9842925456491,0.621698570403221,1.1975737716093e-05,0.00092727715930415,-0.320552685987771,0.320552685987771
"ENSG00000151023","ENKUR",67.6386943217934,3.04919001759031,0.696982603728391,2.55137820238637,0.888239712183331,1.21519465494055e-05,0.000931792096210607,-0.497811815203939,0.497811815203939
"ENSG00000110799","VWF",21398.9022495297,3.41427497760143,0.780464298606523,2.64495297067235,1.23674936996249,1.21615440928256e-05,0.000931792096210607,-0.769322006929083,0.769322006929083
"ENSG00000172551","MUCL1",2631.42408639943,-1.86893058279239,0.427107543668032,-1.64196324509678,0.468615682979214,1.20996493488001e-05,0.000931792096210607,0.226967337695614,0.226967337695614
"ENSG00000248801","C8orf34-AS1",37.2391191267869,5.02671105862817,1.15092885662266,3.36393733574399,2.27208630428378,1.25662164464471e-05,0.000959931778365944,-1.66277372288419,1.66277372288419
"ENSG00000173705","SUSD5",147.281924195998,2.21850997014029,0.508040649325461,1.91784991096255,0.595791408944664,1.2608227635956e-05,0.000960283022943865,-0.300660059177743,0.300660059177743
"ENSG00000145362","ANK2",206.430796058411,2.30739743357654,0.52924045985961,1.98840276341747,0.623076927880484,1.3016464910673e-05,0.000988442617935633,-0.318994670159074,0.318994670159074
"ENSG00000271811","ENSG00000271811",20.6546130218936,3.30269515408153,0.758921211367574,2.83163834575492,0.895717951414467,1.35006690989815e-05,0.00101918139342223,-0.471056808326613,0.471056808326613
"ENSG00000128564","VGF",589.759666919578,-2.00142395806029,0.459898615963697,-1.76500957757539,0.500066948847167,1.34974640927942e-05,0.00101918139342223,0.236414380484902,0.236414380484902
"ENSG00000113296","THBS4",354.170149215885,2.2687283554258,0.521504518317846,1.95682342892744,0.620087158273353,1.35919011815304e-05,0.00102305961180745,-0.311904926498365,0.311904926498365
"ENSG00000077522","ACTN2",90.4025161883795,2.48569227154612,0.571877000291522,2.14278557957726,0.675311987638811,1.38295211324225e-05,0.00103790151726868,-0.342906691968859,0.342906691968859
"ENSG00000211949","IGHV3-23",86.1961540079356,1.73868486973986,0.400112729789272,1.53653807125595,0.435559668482888,1.38966679746906e-05,0.00103990022421686,-0.202146798483904,0.202146798483904
"ENSG00000135744","AGT",12496.6538919174,-2.65745569096819,0.611779247464481,-2.2591731476446,0.731998712734277,1.40029638703629e-05,0.00104480835366455,0.398282543323585,0.398282543323585
"ENSG00000157551","KCNJ15",280.396537034649,2.09747183155109,0.483191858967501,1.82176573952252,0.558829368166249,1.41921295693371e-05,0.00105585330335123,-0.275706092028564,0.275706092028564
"ENSG00000143845","ETNK2",2101.47691506433,-1.24989644729722,0.288235207826736,-1.11540586147223,0.307103625458223,1.44850601191793e-05,0.00107453190196236,0.134490585824987,0.134490585824987
"ENSG00000133687","TMTC1",1564.30010433153,2.71322468196824,0.625940206158434,2.2494365373801,0.826275702675731,1.45999669289171e-05,0.00107993472958073,-0.463788144588146,0.463788144588146
"ENSG00000183018","SPNS2",1425.46045779915,1.53493043306395,0.35416753827231,1.35779355259671,0.388143524272931,1.46483709141028e-05,0.00108040154095482,-0.177136880467246,0.177136880467246
"ENSG00000146476","ARMT1",3960.00942929314,-1.26288173766005,0.29218611005278,-1.12483399012487,0.312383943698179,1.54493202342867e-05,0.00113621118181501,0.138047747535175,0.138047747535175
"ENSG00000171056","SOX7",690.056385828704,2.16031587445414,0.500304232812757,1.86194836056119,0.581723153358445,1.57446298450293e-05,0.00115462118352105,-0.298367513892949,0.298367513892949
"ENSG00000183971","NPW",273.850847116791,-1.82846266787542,0.424110179181242,-1.59689053679689,0.474646753302128,1.6230367278647e-05,0.00118685138729639,0.231572131078531,0.231572131078531
"ENSG00000128656","CHN1",522.284286546382,1.90841866530347,0.442838040293166,1.65108784147031,0.507667016480283,1.63610475784035e-05,0.00119300854600819,-0.257330823833162,0.257330823833162
"ENSG00000184347","SLIT3",2295.97831119514,2.85410959990665,0.662661201783367,2.31840035831572,0.913666129888541,1.6545223544356e-05,0.00120002560529328,-0.53570924159093,0.53570924159093
"ENSG00000166341","DCHS1",1721.22740265881,1.07141183933181,0.24876245891775,0.958856209472656,0.261572340206234,1.65507875588819e-05,0.00120002560529328,-0.112555629859149,0.112555629859149
"ENSG00000244137","ENSG00000244137",679.237939457993,-2.19221736302262,0.509667892323174,-1.88990358466938,0.593136065915263,1.69824769013694e-05,0.00122785699895056,0.302313778353238,0.302313778353238
"ENSG00000165376","CLDN2",333.226536009551,-4.59053020764937,1.06755618190013,-0.157655119601539,0.368352206409161,1.70770226584786e-05,0.00123122455217744,4.43287508804783,4.43287508804783
"ENSG00000185437","SH3BGR",316.40394513178,-1.24241483628133,0.289797768008013,-1.10687620377216,0.308626536130306,1.80956668007599e-05,0.00130101254838965,0.135538632509165,0.135538632509165
"ENSG00000170099","SERPINA6",1815.28488111237,-3.58606046664319,0.836825591113317,-2.87813681649645,1.17013511152999,1.82481221668683e-05,0.0013083088035112,0.707923650146738,0.707923650146738
"ENSG00000111907","TPD52L1",1719.0330753802,-1.58276301632298,0.36956427893944,-1.39326905012396,0.408458910619793,1.8457149113834e-05,0.00130867305609054,0.189493966199019,0.189493966199019
"ENSG00000164530","PI16",95.3441996922335,3.88472816248746,0.906823833948296,2.74850751453748,1.70318156129982,1.83658647217754e-05,0.00130867305609054,-1.13622064794997,1.13622064794997
"ENSG00000108001","EBF3",93.6360343614658,3.47238254770296,0.810648025218809,2.72678388058979,1.21219311778895,1.84004948399262e-05,0.00130867305609054,-0.74559866711317,0.74559866711317
"ENSG00000257520","SFTA3",401.347748331414,6.84455244422575,1.59808182599756,0.0795583932677519,0.321708970210568,1.84406781398115e-05,0.00130867305609054,-6.764994050958,6.764994050958
"ENSG00000164972","SPMIP6",115.029400769021,3.3010577023925,0.771845636430991,2.56900051145274,1.1994964361916,1.89567800562434e-05,0.00134039579532672,-0.732057190939755,0.732057190939755
"ENSG00000264514","ENSG00000264514",36.0140152611561,3.06223392229848,0.71699177419334,2.55777126620607,0.906337156488419,1.94644599002315e-05,0.001372511791921,-0.504462656092403,0.504462656092403
"ENSG00000160838","LRRC71",89.9257582038221,2.81343015290689,0.658834463606038,2.32623082754709,0.86255164988865,1.95197795077628e-05,0.00137264159075547,-0.487199325359807,0.487199325359807
"ENSG00000166250","CLMP",635.04095269803,2.39461106666882,0.561032709081894,2.01880288737519,0.701831016424733,1.97038893325788e-05,0.00138180253415109,-0.375808179293631,0.375808179293631
"ENSG00000132854","KANK4",59.1490760518592,2.97624368667373,0.69783017837546,2.44841487693861,0.914935189996762,1.99904798776984e-05,0.00139808078207326,-0.527828809735115,0.527828809735115
"ENSG00000169442","CD52",608.60413863095,1.82013241188539,0.427519701802834,1.57851572973151,0.485678813929789,2.06796417721377e-05,0.00144234881892788,-0.241616682153883,0.241616682153883
"ENSG00000279204","ENSG00000279204",31.8315727234583,2.5899107229257,0.609308813101458,2.20410396100153,0.730310919089319,2.13225679518795e-05,0.00148316084450106,-0.385806761924167,0.385806761924167
"ENSG00000112305","SMAP1",1384.10591811871,-0.736350590232944,0.173416776199355,-0.673099953781572,0.177218212554861,2.1749215175525e-05,0.00150468222617305,0.0632506364513721,0.0632506364513721
"ENSG00000102837","OLFM4",3506.21250962575,-3.7592839550522,0.885222018175533,-2.87085080298543,1.35284165586327,2.16929434913924e-05,0.00150468222617305,0.888433152066762,0.888433152066762
"ENSG00000168658","VWA3B",67.2981499884522,3.17339369298824,0.747494382817511,2.54679863741878,1.05970259687528,2.18228494910422e-05,0.00150571795130801,-0.626595055569465,0.626595055569465
"ENSG00000133246","PRAM1",232.215953581369,1.54685935901077,0.364610268918892,1.35894948161083,0.399459396575904,2.21042749330769e-05,0.00152104671503293,-0.187909877399942,0.187909877399942
"ENSG00000165138","ANKS6",414.330483733198,2.1155227146981,0.498863455985863,1.81095148270136,0.585089525327623,2.22838801728927e-05,0.0015293057550739,-0.304571231996742,0.304571231996742
"ENSG00000235584","ENSG00000235584",48.9785946302069,3.85268427812842,0.909530145759219,3.11242258925774,1.3162643069355,2.27631911144314e-05,0.001549768770117,-0.740261688870683,0.740261688870683
"ENSG00000145287","PLAC8",186.072169157908,2.35674075279792,0.556233440870178,1.98228263588169,0.677533442733774,2.26563010250474e-05,0.001549768770117,-0.374458116916225,0.374458116916225
"ENSG00000138722","MMRN1",1954.52977159142,2.38876147090994,0.563927507860168,2.01913223780871,0.700695618333089,2.27600454890782e-05,0.001549768770117,-0.369629233101225,0.369629233101225
"ENSG00000181374","CCL13",37.1768054736232,3.5306591421755,0.834660398879159,2.81578321421101,1.15389894053581,2.33634495496071e-05,0.00158642767087239,-0.714875927964497,0.714875927964497
"ENSG00000189058","APOD",10994.9957518596,3.03660839814262,0.718472670404563,2.3470900426366,1.0899194954818,2.3737825606683e-05,0.00160759569880404,-0.689518355506026,0.689518355506026
"ENSG00000196664","TLR7",38.7024254753512,2.53450379785133,0.599853529751329,2.16610617508937,0.700964344146233,2.38723954434899e-05,0.0016124546680212,-0.368397622761958,0.368397622761958
"ENSG00000228262","LINC01320",84.1556009113247,-3.98462488987937,0.943215281855482,-3.37568658118349,1.356082813876,2.39458401818496e-05,0.0016131702885762,0.608938308695885,0.608938308695885
"ENSG00000138411","HECW2",667.960903372795,1.58548870566266,0.375527345377362,1.38026828499944,0.41711615278721,2.42109049562922e-05,0.0016258291071976,-0.205220420663217,0.205220420663217
"ENSG00000225342","LRRK2-DT",60.739773816933,3.3272856721571,0.788162703139526,2.67537261552413,1.08603118174526,2.42604335550193e-05,0.0016258291071976,-0.651913056632974,0.651913056632974
"ENSG00000184113","CLDN5",4311.03448064673,2.39874814954292,0.570808700940693,2.00925621302336,0.719582105491499,2.64137417034004e-05,0.00176552476120098,-0.389491936519565,0.389491936519565
"ENSG00000127928","GNGT1",203.824187828975,-2.97887311035339,0.709211002844923,-2.44975073725763,0.90617043464908,2.66604486803256e-05,0.00177454512850559,0.529122373095761,0.529122373095761
"ENSG00000101166","PRELID3B",3882.40642634666,-0.942984038193642,0.224517954950475,-0.848015430895987,0.234041121011695,2.66869684654677e-05,0.00177454512850559,0.094968607297655,0.094968607297655
"ENSG00000075886","TUBA3D",511.739094859034,-1.86611987892075,0.445346536074115,-1.61217954267543,0.501662525696046,2.78629195299887e-05,0.00182949352398245,0.253940336245325,0.253940336245325
"ENSG00000183807","FAM162B",134.10202021414,2.76201491183812,0.659014475165349,2.27973229033753,0.846767453621122,2.77569344090017e-05,0.00182949352398245,-0.482282621500592,0.482282621500592
"ENSG00000147408","CSGALNACT1",498.038245461383,2.02536676524451,0.483200850844929,1.73164288122049,0.56469312402727,2.77039341635172e-05,0.00182949352398245,-0.293723884024018,0.293723884024018
"ENSG00000119125","GDA",372.228155868998,-4.01104405121454,0.956718091624857,-2.74586269719101,1.873666307901,2.75892692761157e-05,0.00182949352398245,1.26518135402353,1.26518135402353
"ENSG00000171885","AQP4",1004.43145349867,4.09690032500805,0.977731645657306,0.187893348007599,0.391640570396165,2.78697147261908e-05,0.00182949352398245,-3.90900697700045,3.90900697700045
"ENSG00000127528","KLF2",3175.01590075975,1.94890737212252,0.465291599618177,1.67144872350919,0.537091705427359,2.80715235512111e-05,0.00183804029333912,-0.277458648613326,0.277458648613326
"ENSG00000132855","ANGPTL3",824.048016992788,-3.73019768426495,0.89078557509945,-2.95781950557465,1.28826254077084,2.81997878637018e-05,0.00184174034375988,0.772378178690298,0.772378178690298
"ENSG00000225706","PTPRD-AS1",22.2008446070468,2.80499790041951,0.670283943459385,2.39289661448964,0.776430262804939,2.85429177851569e-05,0.00185941896140006,-0.412101285929873,0.412101285929873
"ENSG00000139567","ACVRL1",2176.48695174659,2.20614658958566,0.527254764022579,1.89412564273633,0.623452827368386,2.86154872191038e-05,0.00185942711507022,-0.312020946849325,0.312020946849325
"ENSG00000206384","COL6A6",250.008494204235,3.64139778004187,0.8717656848138,2.94015808749185,1.18374061856281,2.95330614445202e-05,0.00191420476792045,-0.701239692550018,0.701239692550018
"ENSG00000078596","ITM2A",650.40573359451,2.50519212774424,0.599871382321236,2.11339511801279,0.722173236773492,2.96399118340234e-05,0.00191629122681078,-0.391797009731457,0.391797009731457
"ENSG00000197956","S100A6",7083.20674001658,1.5552840129418,0.372743327018932,1.35676705355526,0.414807467523929,3.01231313454981e-05,0.00194263922674598,-0.198516959386547,0.198516959386547
"ENSG00000106852","LHX6",230.368670680732,2.08417858089897,0.499870314439992,1.77665087421657,0.587250332761675,3.05350870950537e-05,0.00196427087836777,-0.307527706682399,0.307527706682399
"ENSG00000255310","ENSG00000255310",84.1343653214772,2.33758900335519,0.561056123781006,1.98519722237937,0.670316947772277,3.09436008279495e-05,0.00198557350612745,-0.352391780975825,0.352391780975825
"ENSG00000254192","ENSG00000254192",290.470378147119,2.40976408632738,0.579075851152743,1.99297220746678,0.730489738561205,3.16307669245133e-05,0.00202271036433742,-0.416791878860604,0.416791878860604
"ENSG00000183196","CHST6",128.326756951446,2.60490037187814,0.626021254713044,2.15241263477096,0.791249804435791,3.1679961291294e-05,0.00202271036433742,-0.45248773710718,0.45248773710718
"ENSG00000108576","SLC6A4",104.494885648901,3.18192560331156,0.764863182581707,2.52116680854741,1.10120434692705,3.18075001279821e-05,0.00202581415827523,-0.660758794764156,0.660758794764156
"ENSG00000165084","C8orf34",42.5758141702759,3.48023967038208,0.836996229974589,2.77289041463469,1.14873066810765,3.21030335271123e-05,0.00203957564737721,-0.707349255747397,0.707349255747397
"ENSG00000271894","ENSG00000271894",125.02555529125,3.25442177719179,0.783240374353028,2.5066007310632,1.17160913884639,3.25182168246791e-05,0.00205577603753458,-0.747821046128588,0.747821046128588
"ENSG00000073734","ABCB11",188.106956914498,-3.2517597979019,0.78259266817173,-2.6550549919811,1.03509707363283,3.25128946477438e-05,0.00205577603753458,0.596704805920795,0.596704805920795
"ENSG00000120594","PLXDC2",2759.0030002266,2.12340597423969,0.511267311117614,1.79035939646148,0.621816674306606,3.27828296293523e-05,0.00206741250146581,-0.333046577778207,0.333046577778207
"ENSG00000116824","CD2",137.999162862254,2.22908405587136,0.537299581617691,1.88150381424883,0.646093808008153,3.34397784710218e-05,0.0021036735147444,-0.347580241622533,0.347580241622533
"ENSG00000188176","SMTNL2",87.5835687331922,2.97575335618047,0.717842302182046,2.34842741771745,1.01428600541286,3.3920065035193e-05,0.00212867068278313,-0.62732593846302,0.62732593846302
"ENSG00000142961","MOB3C",802.359586326528,0.807911469462057,0.194985115621629,0.730762859301876,0.200874891511767,3.42116687162096e-05,0.00214173390472915,-0.0771486101601813,0.0771486101601813
"ENSG00000144837","PLA1A",465.404725900075,2.71584103253045,0.655690252237618,2.19784206324449,0.862197855950619,3.44354450109768e-05,0.00214956621333893,-0.517998969285961,0.517998969285961
"ENSG00000112769","LAMA4",2629.68791649614,2.3012395207687,0.555653712979179,1.91683215094295,0.696823282901299,3.45042770832446e-05,0.00214956621333893,-0.384407369825751,0.384407369825751
"ENSG00000134780","DAGLA",509.323576040584,-1.1290815837063,0.272690739875534,-0.998793918368767,0.289354119863448,3.4651872038121e-05,0.00215353413947325,0.130287665337529,0.130287665337529
"ENSG00000015520","NPC1L1",307.996750633975,-2.54952339028771,0.616129045600789,-2.11969890902924,0.770442627920331,3.50392460263076e-05,0.00217234861777111,0.429824481258472,0.429824481258472
"ENSG00000225492","GBP1P1",98.7799485753222,1.37312629037896,0.331967926326365,1.20798948661895,0.356983666510883,3.52916630471938e-05,0.00218272557935499,-0.165136803760009,0.165136803760009
"ENSG00000286848","ENSG00000286848",214.925591919639,2.37421049974878,0.57427018591104,1.98461120407412,0.703198295425983,3.56023923706609e-05,0.00219615010825999,-0.389599295674659,0.389599295674659
"ENSG00000196735","HLA-DQA1",1159.54266571403,1.42101879801476,0.343755226612076,1.24423963491646,0.375922968174255,3.56798455271133e-05,0.00219615010825999,-0.176779163098307,0.176779163098307
"ENSG00000168275","COA6",1007.13012720389,-1.20641309745941,0.291906162103862,-1.06188211213888,0.312869857304799,3.58246012237197e-05,0.0021997847837541,0.14453098532053,0.14453098532053
"ENSG00000147485","PXDNL",199.490372978227,3.20405411821403,0.775826497310162,2.52877592788717,1.06376175381591,3.62985629606834e-05,0.00222356853344119,-0.675278190326864,0.675278190326864
"ENSG00000177465","ACOT4",342.18246580342,-1.7718666738873,0.429300731892349,-1.51787659301083,0.491735012286918,3.66996268510457e-05,0.00224278410091855,0.253990080876473,0.253990080876473
"ENSG00000288797","ENSG00000288797",329.565994102396,-1.75666342653907,0.425882320807895,-1.50654112609945,0.486581026734539,3.71117510534794e-05,0.00226258269427472,0.250122300439618,0.250122300439618
"ENSG00000198570","RD3",41.136659987932,3.11822673885569,0.756229696761355,2.52909218265769,0.969469703850402,3.73343716034877e-05,0.00227076141219601,-0.589134556198001,0.589134556198001
"ENSG00000233608","TWIST2",224.543648167941,2.43999343501964,0.592084870852253,2.00688328219585,0.750430544273147,3.77199116135891e-05,0.00228878716639714,-0.433110152823787,0.433110152823787
"ENSG00000163600","ICOS",18.2087514482184,2.74410526804178,0.666788049582835,2.32584460738637,0.774867687302288,3.86494145292694e-05,0.00233965689321405,-0.418260660655406,0.418260660655406
"ENSG00000140287","HDC",286.160199278116,2.69365019172936,0.654810978885941,2.20728072348171,0.824437195825274,3.8948526629236e-05,0.00235221607762965,-0.486369468247641,0.486369468247641
"ENSG00000145536","ADAMTS16",62.601714731143,2.48211068279764,0.603667710664823,2.09725533492413,0.711231011207955,3.92727807648916e-05,0.00236270225962958,-0.384855347873509,0.384855347873509
"ENSG00000079337","RAPGEF3",1735.6029512266,1.62261730052638,0.394651432562208,1.39588934586577,0.443902683227748,3.93062634847014e-05,0.00236270225962958,-0.22672795466061,0.22672795466061
"ENSG00000168405","CMAHP",1035.8951745768,1.86750865641018,0.454597699715903,1.59308595550311,0.531290940935163,3.99019144712513e-05,0.0023929028942374,-0.274422700907072,0.274422700907072
"ENSG00000145569","OTULINL",503.497844321786,2.46990433716118,0.601608974916971,2.03560331058957,0.768479462115841,4.03445082689329e-05,0.00241380534671026,-0.434301026571612,0.434301026571612
"ENSG00000206538","VGLL3",1601.94243258614,2.6122600419408,0.636786857793713,2.07198868988049,0.88605767006464,4.09148630516753e-05,0.00244223672080779,-0.54027135206031,0.54027135206031
"ENSG00000251196","ENSG00000251196",17.3163993784692,2.27381200009579,0.555504338924756,1.96132359278082,0.614281946920664,4.25388933929843e-05,0.00253328486477431,-0.312488407314975,0.312488407314975
"ENSG00000158352","SHROOM4",1288.41589994311,2.14246436055398,0.523578318999451,1.77744267506321,0.643701795687775,4.2773250053958e-05,0.0025413449285531,-0.365021685490768,0.365021685490768
"ENSG00000239951","IGKV3-20",577.463348395509,1.70221490549304,0.416055410356763,1.46656803305565,0.467814732221738,4.28928867726906e-05,0.00254256749375207,-0.235646872437397,0.235646872437397
"ENSG00000007174","DNAH9",136.048866136448,3.30882452427446,0.808860307120646,2.63728411158288,1.12387924178587,4.30028064408728e-05,0.00254320975326701,-0.671540412691584,0.671540412691584
"ENSG00000255150","EID3",44.3172838694857,2.00450286405047,0.490110529284269,1.71785753373017,0.553426718261264,4.3155993263989e-05,0.00254640202093519,-0.286645330320298,0.286645330320298
"ENSG00000227392","HPN-AS1",970.615391818534,-2.48737204827646,0.609044839953972,-2.01126208648815,0.792671331922941,4.42567286897612e-05,0.00260536113596353,0.47610996178831,0.47610996178831
"ENSG00000091972","CD200",475.051819286926,2.1895161058746,0.537071058669291,1.80932068366249,0.664995013251059,4.56652843196289e-05,0.00268213009755587,-0.38019542221211,0.38019542221211
"ENSG00000186827","TNFRSF4",221.856538659224,1.42294987454333,0.349088128525723,1.23896102165002,0.382072193916378,4.57794276510568e-05,0.00268269536420017,-0.183988852893309,0.183988852893309
"ENSG00000155966","AFF2",135.164072922896,3.17115988317257,0.778296682665775,2.47807798237535,1.13077582729141,4.61158464260154e-05,0.00269625382737253,-0.693081900797226,0.693081900797226
"ENSG00000172236","TPSAB1",1669.85050586555,2.75990590618948,0.67753769971893,2.17963695442518,0.936000939145226,4.63247474239368e-05,0.00270231202756861,-0.580268951764292,0.580268951764292
"ENSG00000153446","C16orf89",147.272970727191,2.47733001113581,0.608355160993918,2.03798151368225,0.764402064723972,4.65757250990409e-05,0.00271079169187547,-0.439348497453556,0.439348497453556
"ENSG00000157404","KIT",1166.24155542263,2.34469848797101,0.575984287541977,1.94526914400104,0.70247711287274,4.6858369992597e-05,0.00272107190633481,-0.399429343969972,0.399429343969972
"ENSG00000136352","NKX2-1",638.921580895633,8.07471372370505,1.98403169356318,0.0548415378994252,0.314637951580757,4.7043179032428e-05,0.00272563719238223,-8.01987218580562,8.01987218580562
"ENSG00000278518","ENSG00000278518",1006.72494575399,-3.98032855898197,0.978882290476579,-2.7854781056579,1.71282784051413,4.77864769839142e-05,0.00276246735303182,1.19485045332408,1.19485045332408
"ENSG00000280439","ENSG00000280439",24.9003320979932,2.54228581158281,0.625930484294489,2.27346996662964,0.724055059817907,4.873534587968e-05,0.00281098903976123,-0.268815844953171,0.268815844953171
"ENSG00000211674","IGLJ1",732.548067330144,1.91743406784297,0.472302261903034,1.6299769471772,0.551243655692906,4.91230758479325e-05,0.00282699997262081,-0.287457120665771,0.287457120665771
"ENSG00000106236","NPTX2",240.354406365095,2.80612142727851,0.692765669200202,2.22018027561964,0.956819136901806,5.10849563490613e-05,0.00293332790740796,-0.585941151658869,0.585941151658869
"ENSG00000121577","POPDC2",83.1573556240487,1.07129193973291,0.264649890651587,0.947301851954666,0.278228176513251,5.16661662264532e-05,0.00296007921547851,-0.123990087778246,0.123990087778246
"ENSG00000197646","PDCD1LG2",126.294949971064,2.25127067534129,0.556299312814317,1.87072534203103,0.681897223399856,5.19071787805469e-05,0.00296726404846392,-0.380545333310261,0.380545333310261
"ENSG00000157150","TIMP4",127.627234185902,2.08864836422818,0.516468606694892,1.75211120984336,0.616952349366363,5.252550917263e-05,0.00297609766872824,-0.33653715438482,0.33653715438482
"ENSG00000127083","OMD",249.64446162901,2.77096851029851,0.685120763640957,2.18105208269236,0.94563161663992,5.2435698323073e-05,0.00297609766872824,-0.589916427606147,0.589916427606147
"ENSG00000184828","ZBTB7C",180.137315398242,1.9346082041831,0.478313668140722,1.63535066870592,0.558264499161284,5.24028333949479e-05,0.00297609766872824,-0.299257535477182,0.299257535477182
"ENSG00000228601","RPL39P",22.3852093021954,3.5306630600606,0.872717273288113,2.77593979311251,1.18720994268196,5.21897765504029e-05,0.00297609766872824,-0.754723266948088,0.754723266948088
"ENSG00000258603","ENSG00000258603",30.1440252243224,-2.09984517185872,0.519485850181903,-1.79627419271322,0.584918948225851,5.29609657000375e-05,0.00299416102780366,0.303570979145503,0.303570979145503
"ENSG00000289984","ENSG00000289984",21.3410643153858,2.23977238006829,0.554231369329855,1.92070578120724,0.614165793708527,5.31732362552016e-05,0.0029995548460709,-0.319066598861049,0.319066598861049
"ENSG00000197345","MRPL21",1503.77976205402,-1.13085653749482,0.280397765787891,-0.993958792908102,0.299496121911215,5.50589566565334e-05,0.00309911894847202,0.136897744586719,0.136897744586719
"ENSG00000233968","ENSG00000233968",50.934172284866,3.37220415765914,0.836363966767481,2.63473884868987,1.12476363896839,5.53085091165548e-05,0.00310490888973492,-0.73746530896927,0.73746530896927
"ENSG00000100902","PSMA6",4810.4090608955,-0.987377023497747,0.24491084767678,-0.874335968607774,0.257761699475895,5.54037585810026e-05,0.00310490888973492,0.113041054889973,0.113041054889973
"ENSG00000127249","ATP13A4",481.70247164808,2.95946572901375,0.734218372733233,2.28460471055799,1.07921718972586,5.55943161760659e-05,0.00310880024682153,-0.674861018455763,0.674861018455763
"ENSG00000167165","UGT1A6",1081.93760386995,-3.84234363856362,0.953725026526011,-2.66912832913829,1.67377121155991,5.60682240138566e-05,0.00312848501252969,1.17321530942533,1.17321530942533
"ENSG00000197852","INKA2",244.093880379865,1.59312239312752,0.396160455249777,1.36742400850597,0.445082177789102,5.78515697074488e-05,0.00320016430965752,-0.225698384621549,0.225698384621549
"ENSG00000142733","MAP3K6",3917.36938883803,1.35891652746519,0.33788928645427,1.18115480340966,0.369672899951313,5.77598825357593e-05,0.00320016430965752,-0.177761724055535,0.177761724055535
"ENSG00000139168","ZCRB1",2274.11890047913,-0.80633258244413,0.20048700283388,-0.723589257692046,0.207038834119097,5.77380206295459e-05,0.00320016430965752,0.0827433247520838,0.0827433247520838
"ENSG00000128268","MGAT3",313.268912265917,2.01748353776376,0.501633159949927,1.69220639547139,0.595112123040617,5.77476109966046e-05,0.00320016430965752,-0.325277142292367,0.325277142292367
"ENSG00000255248","MIR100HG",500.67199670906,2.03570152105312,0.506409043600592,1.70162311595643,0.6084985142527,5.82288003463871e-05,0.00321410455589402,-0.33407840509669,0.33407840509669
"ENSG00000145247","OCIAD2",1316.94749429463,-1.36862685380968,0.340576807828419,-1.1835819783873,0.374079144798084,5.85559814224254e-05,0.00322522827289569,0.185044875422375,0.185044875422375
"ENSG00000225937","PCA3",43.523137188057,3.45968663250774,0.8611931011221,2.50323725678356,1.35146213759787,5.88642409260314e-05,0.00323526439367976,-0.956449375724181,0.956449375724181
"ENSG00000242366","UGT1A8",1064.66933406509,-3.84034763724934,0.956244840310693,-2.67537621124691,1.64887207653874,5.91763123702046e-05,0.0032454666871924,1.16497142600243,1.16497142600243
"ENSG00000278893","ENSG00000278893",274.420752692214,2.7390559871655,0.682773157419757,2.13989773739809,0.954654937381865,6.02924610627113e-05,0.0032996302731271,-0.59915824976741,0.59915824976741
"ENSG00000163421","PROK2",54.8783810642477,4.06365100783418,1.0141958041858,0.320884731476515,0.630783893896431,6.155431837131e-05,0.0033543836298013,-3.74276627635767,3.74276627635767
"ENSG00000148357","HMCN2",270.459580219949,2.31052996015735,0.576584529554501,1.89728062485138,0.72680733399552,6.14245972939468e-05,0.0033543836298013,-0.413249335305972,0.413249335305972
"ENSG00000286039","ENSG00000286039",47.8707179478362,-2.13486843039197,0.533774195536169,-1.78630474404082,0.631983283442654,6.34570884136158e-05,0.00345074806845821,0.348563686351149,0.348563686351149
"ENSG00000136546","SCN7A",1779.07951594324,3.37218190046572,0.843687097262619,2.1908474624004,1.66037478440618,6.41616769500101e-05,0.00347434127062428,-1.18133443806532,1.18133443806532
"ENSG00000095370","SH2D3C",1055.96389527753,1.8362472988663,0.459394268591029,1.5538353008318,0.532479459438901,6.41217627499541e-05,0.00347434127062428,-0.282411998034507,0.282411998034507
"ENSG00000175857","GAPT",36.4254415736792,1.97493115267676,0.494290376401965,1.68021065790847,0.558156095759007,6.45611907403114e-05,0.00348128588809154,-0.294720494768296,0.294720494768296
"ENSG00000171033","PKIA",251.263519270668,2.54615578113735,0.637245286876998,2.04601856868572,0.832662674680186,6.45397966368343e-05,0.00348128588809154,-0.50013721245163,0.50013721245163
"ENSG00000197769","MAP1LC3C",64.4583445410455,3.40021648144633,0.851538732484163,2.47668886760789,1.31492105042422,6.52353532054529e-05,0.00351026375413912,-0.923527613838445,0.923527613838445
"ENSG00000110717","NDUFS8",3383.78819145926,-0.978753987498519,0.245222445524917,-0.857762843176483,0.258226752425069,6.57147583621194e-05,0.00351395979766775,0.120991144322035,0.120991144322035
"ENSG00000167210","LOXHD1",64.0083373730086,2.26533107139861,0.567445425724714,1.87879002615082,0.690114620425557,6.54750750538365e-05,0.00351395979766775,-0.386541045247795,0.386541045247795
"ENSG00000125910","S1PR4",90.3486100203795,2.06393118505945,0.517062243963416,1.72860835831642,0.611125336716816,6.5615336586638e-05,0.00351395979766775,-0.335322826743035,0.335322826743035
"ENSG00000264230","ANXA8L1",84.5221001404814,3.16388554338384,0.793073328232998,2.4277010090549,1.13945678628609,6.62410572430475e-05,0.00353473849533742,-0.736184534328943,0.736184534328943
"ENSG00000162739","SLAMF6",125.157638832337,2.09637086962404,0.525844764617159,1.74323596005301,0.632551791901587,6.70064118509864e-05,0.00356816093979101,-0.353134909571029,0.353134909571029
"ENSG00000102468","HTR2A",20.7008883215141,4.18886880683436,1.05216397604001,3.10416429713411,1.57201026381688,6.85699825317948e-05,0.00364386281913784,-1.08470450970025,1.08470450970025
"ENSG00000183092","BEGAIN",119.5685896877,1.1304401487775,0.284018741907528,0.991775342346954,0.301710845405575,6.88687845252153e-05,0.00365217994299318,-0.138664806430547,0.138664806430547
"ENSG00000111834","RSPH4A",68.7283927465143,3.10301497061697,0.779792127471155,2.29281921543591,1.24129909249952,6.91228926131623e-05,0.00365809749423101,-0.810195755181061,0.810195755181061
"ENSG00000115525","ST3GAL5",809.392039344279,1.60016340072147,0.402246282489057,1.36290682614556,0.456871559366478,6.94772599118337e-05,0.00366928565875933,-0.237256574575913,0.237256574575913
"ENSG00000176153","GPX2",1260.65677302335,-3.47548556981965,0.873838512101364,-2.43134377174702,1.52595957627968,6.971305163947e-05,0.00367417843209502,1.04414179807263,1.04414179807263
"ENSG00000136274","NACAD",121.580071291534,1.68103294414336,0.422834746545393,1.42751120510327,0.480211123201332,7.01942745916283e-05,0.00369195993021173,-0.253521739040087,0.253521739040087
"ENSG00000205358","MT1H",1001.34548137885,-3.03263936117699,0.763452014678501,-2.40852029104662,1.0333502217782,7.11902465186553e-05,0.00373668723393523,0.624119070130369,0.624119070130369
"ENSG00000171747","LGALS4",705.117127772632,-2.84860878073785,0.717620309815512,-2.21494560669814,1.00530537853248,7.20173058291552e-05,0.00377238405860597,0.633663174039715,0.633663174039715
"ENSG00000213397","HAUS7",713.894845051128,0.98238412982284,0.247610270875912,0.867635064871513,0.260753520781063,7.26423492947347e-05,0.0037973751106883,-0.114749064951327,0.114749064951327
"ENSG00000267317","ENSG00000267317",224.028994880868,-0.929203538912642,0.234307852292652,-0.825278000645574,0.244851248029113,7.31692197885242e-05,0.00381714301689441,0.103925538267068,0.103925538267068
"ENSG00000175206","NPPA",53.119279885443,1.13849880161038,0.287326166484728,0.998121143155863,0.303436147403612,7.42026864611186e-05,0.00382556344554885,-0.140377658454522,0.140377658454522
"ENSG00000241351","IGKV3-11",257.434206385873,2.01709791263843,0.509131417540328,1.67775689129045,0.610558287961708,7.43739494030809e-05,0.00382556344554885,-0.339341021347976,0.339341021347976
"ENSG00000078081","LAMP3",526.124451646779,3.18859891970756,0.804668715054822,2.24211584133133,1.40095185659364,7.41307306126554e-05,0.00382556344554885,-0.946483078376239,0.946483078376239
"ENSG00000112294","ALDH5A1",863.453293476901,-1.11595101206866,0.281665013434518,-0.981200522390602,0.301217042410767,7.43309205686353e-05,0.00382556344554885,0.134750489678062,0.134750489678062
"ENSG00000258724","PINX1",471.170814882897,1.569084600986,0.395969654326361,1.33994741335366,0.445653328494659,7.41259758281996e-05,0.00382556344554885,-0.229137187632339,0.229137187632339
"ENSG00000258790","ENSG00000258790",5607.21123580623,-0.939881617900378,0.237137912443317,-0.836540094044447,0.248812826826176,7.38777897891079e-05,0.00382556344554885,0.103341523855931,0.103341523855931
"ENSG00000088756","ARHGAP28",166.219985539362,2.06561156699102,0.521157302302623,1.71394752155559,0.626836398241037,7.38561319682871e-05,0.00382556344554885,-0.351664045435437,0.351664045435437
"ENSG00000183019","MCEMP1",318.630464058388,2.23555709515909,0.564421147743627,1.83873438792347,0.697882768315379,7.47002918521028e-05,0.00383466478193584,-0.396822707235617,0.396822707235617
"ENSG00000088320","REM1",98.5970204698399,2.16526273939857,0.546874304033839,1.79380649118211,0.65985200504028,7.51563518939307e-05,0.00385037541728846,-0.371456248216469,0.371456248216469
"ENSG00000185565","LSAMP",413.512422697798,3.22329536524454,0.814203943130326,2.33686544396969,1.35607561751844,7.53176783437082e-05,0.00385095388455769,-0.886429921274847,0.886429921274847
"ENSG00000009790","TRAF3IP3",334.4638538965,1.02664936844263,0.259572164614873,0.903689223900455,0.274202108422048,7.64835396157705e-05,0.00390278928691448,-0.122960144542175,0.122960144542175
"ENSG00000130595","TNNT3",39.1383577241492,2.83620668685334,0.717481860452047,2.25492830886232,0.941285120561924,7.71770357406468e-05,0.00393036304832377,-0.581278377991023,0.581278377991023
"ENSG00000163875","MEAF6",4492.8775211562,-1.08263454566381,0.273944915906863,-0.946138327030512,0.29203234656974,7.74957293370381e-05,0.00393189026278465,0.136496218633296,0.136496218633296
"ENSG00000198074","AKR1B10",109.939694688889,-4.67344872097692,1.1825645080318,-0.15226499026568,0.361449792177513,7.75134013702042e-05,0.00393189026278465,4.52118373071124,4.52118373071124
"ENSG00000183831","ANKRD45",25.7326532998808,2.01568424900746,0.510360223344164,1.72001963077901,0.56494959141082,7.83040044661245e-05,0.0039526787274995,-0.295664618228453,0.295664618228453
"ENSG00000236609","ZNF853",218.985211474654,1.60510467656328,0.406408990271815,1.36572917175792,0.460391993908589,7.83207536939128e-05,0.0039526787274995,-0.239375504805364,0.239375504805364
"ENSG00000182010","RTKN2",446.272350673778,2.29473714636466,0.581051399097916,1.8462795700689,0.753088217810058,7.83852211905265e-05,0.0039526787274995,-0.448457576295751,0.448457576295751
"ENSG00000254709","IGLL5",2422.95971729139,1.82118047190901,0.461353488616786,1.52672764860934,0.543122126123104,7.89803988820067e-05,0.00397488215314601,-0.294452823299673,0.294452823299673
"ENSG00000131471","AOC3",3794.24389745075,2.05169292995433,0.519840441533427,1.69709418148041,0.631542393942656,7.92111398256319e-05,0.00397869339707337,-0.354598748473913,0.354598748473913
"ENSG00000118729","CASQ2",108.927811374744,2.89550461685191,0.734540088609565,2.24003008294995,1.02375720112697,8.08290252189391e-05,0.0040284244471738,-0.655474533901962,0.655474533901962
"ENSG00000144278","GALNT13",45.4195353474425,3.99184659153432,1.01261874227005,2.55994305652615,1.91083938027804,8.07705371061752e-05,0.0040284244471738,-1.43190353500817,1.43190353500817
"ENSG00000006453","BAIAP2L1",2392.58552580551,-0.8917638846321,0.226216258378177,-0.78907871057046,0.236220066346065,8.07760909249179e-05,0.0040284244471738,0.10268517406164,0.10268517406164
"ENSG00000204176","SYT15",57.6150617309227,1.63331397595203,0.414301658243843,1.39711347957507,0.45921941626171,8.06937468314999e-05,0.0040284244471738,-0.236200496376962,0.236200496376962
"ENSG00000152518","ZFP36L2",8872.22895047259,0.990853661744147,0.251572739135917,0.873168567779151,0.265734976155724,8.19458488048638e-05,0.00406828646281323,-0.117685093964996,0.117685093964996
"ENSG00000269918","ENSG00000269918",95.0789770148661,1.73988869716141,0.44170969054402,1.47292844071922,0.499361269494573,8.18263877062566e-05,0.00406828646281323,-0.266960256442191,0.266960256442191
"ENSG00000138430","OLA1",2743.3496037747,-0.872806949980526,0.221744416898388,-0.774910139463865,0.231035873571124,8.28184182652786e-05,0.00409576173721562,0.097896810516661,0.097896810516661
"ENSG00000290988","ZNF781",55.9555669278174,1.54372569668638,0.392174817735169,1.32564189697403,0.431145614403358,8.27405242140814e-05,0.00409576173721562,-0.218083799712345,0.218083799712345
"ENSG00000287387","ENSG00000287387",2806.01479297855,0.897548122268412,0.228066296386339,0.795999199069914,0.238329198644921,8.30339534443303e-05,0.0040985240058762,-0.101548923198498,0.101548923198498
"ENSG00000149488","TMC2",80.2006982651813,2.66074315163648,0.676432773315743,2.15056449372902,0.856636381048022,8.37204982389411e-05,0.00412447990076565,-0.510178657907461,0.510178657907461
"ENSG00000204381","LAYN",490.933292181694,1.96224934603192,0.498945489396884,1.62071717688892,0.605337052181843,8.39645266839568e-05,0.00412857759846192,-0.341532169143004,0.341532169143004
"ENSG00000031081","ARHGAP31",1186.73482168652,1.42889142320351,0.363392066909155,1.22592928936946,0.404447039254053,8.42094537795698e-05,0.00413270372879583,-0.202962133834051,0.202962133834051
"ENSG00000272789","ENSG00000272789",66.1337675338199,2.90934515644599,0.740656547201589,2.31230860757518,0.985307629795004,8.563298438482e-05,0.00419454543932285,-0.59703654887081,0.59703654887081
"ENSG00000164035","EMCN",690.931408471812,1.9975608416898,0.508623849692229,1.65721937783938,0.61074497049,8.58750455908084e-05,0.00419839008605577,-0.340341463850423,0.340341463850423
"ENSG00000114204","SERPINI2",18.5468723879423,4.397981003297,1.12013301729681,3.21688739419369,1.86540182624464,8.62616791828189e-05,0.00420927475206352,-1.18109360910332,1.18109360910332
"ENSG00000140043","PTGR2",839.831023074135,-0.821248781652969,0.209238182397028,-0.732196063617017,0.216750554606333,8.67488260228533e-05,0.00422501350574682,0.089052718035952,0.089052718035952
"ENSG00000189350","TOGARAM2",190.529861359888,2.56946817431144,0.655338471229671,2.01430457206111,0.892135791449566,8.82459342833515e-05,0.00428978862736891,-0.555163602250334,0.555163602250334
"ENSG00000139329","LUM",13780.3881606042,2.31074949240577,0.589799302682224,1.84278631300569,0.785407389965893,8.93395721734292e-05,0.00433474253114444,-0.46796317940008,0.46796317940008
"ENSG00000151224","MAT1A",1171.53699008585,-2.80136400362388,0.715135591362506,-2.19831713291409,0.986230933699951,8.95653149340498e-05,0.0043374961102118,0.603046870709787,0.603046870709787
"ENSG00000088926","F11",227.843381671676,-3.54529969283703,0.905588511126765,-2.4909459172042,1.52537527869685,9.04370360396619e-05,0.0043580956127574,1.05435377563283,1.05435377563283
"ENSG00000061455","PRDM6",305.093767501851,2.40582307904033,0.614571169685386,1.89815832533126,0.808183283127491,9.05402942244654e-05,0.0043580956127574,-0.507664753709069,0.507664753709069
"ENSG00000100519","PSMC6",3516.72261742071,-0.716751253166602,0.183111339011229,-0.636686926677863,0.187847397962652,9.06698506725544e-05,0.0043580956127574,0.0800643264887391,0.0800643264887391
"ENSG00000186198","SLC51B",75.1917523697602,1.61153156840468,0.411586324574937,1.3742266426577,0.459320993390701,9.02485644838769e-05,0.0043580956127574,-0.237304925746979,0.237304925746979
"ENSG00000169504","CLIC4",9589.08226629412,0.980049445000985,0.250799046596132,0.862391514541957,0.264908493939067,9.3175811444517e-05,0.00442059806348691,-0.117657930459029,0.117657930459029
"ENSG00000197479","PCDHB11",118.459643090089,1.40377201088288,0.359193650544187,1.20499024025811,0.39534051042301,9.30169758990043e-05,0.00442059806348691,-0.198781770624776,0.198781770624776
"ENSG00000245812","LINC02202",40.2442685546026,2.31933530852097,0.593520845024176,1.89403600360177,0.731408997243796,9.31568820162449e-05,0.00442059806348691,-0.425299304919194,0.425299304919194
"ENSG00000128536","CDHR3",566.896246412385,1.85959284225658,0.47566839863842,1.5406928553197,0.566151247735811,9.25137277514823e-05,0.00442059806348691,-0.318899986936882,0.318899986936882
"ENSG00000139155","SLCO1C1",19.5853623106862,3.01587804204122,0.771569672330212,2.40899117960063,0.98778820763563,9.27723781470883e-05,0.00442059806348691,-0.606886862440594,0.606886862440594
"ENSG00000278722","ENSG00000278722",118.180340856916,2.45961836569353,0.629272364789283,1.99956239414116,0.78838992460204,9.28054163215386e-05,0.00442059806348691,-0.460055971552365,0.460055971552365
"ENSG00000267107","PCAT19",878.90082907456,1.59855976959638,0.409001050121993,1.35283928352756,0.465275416454934,9.28905280019753e-05,0.00442059806348691,-0.24572048606882,0.24572048606882
"ENSG00000240040","ENSG00000240040",537.715888376498,1.86073101691761,0.476224041307104,1.54850974939266,0.563295771321803,9.3348794262932e-05,0.0044206337681673,-0.312221267524951,0.312221267524951
"ENSG00000087589","CASS4",189.104413010923,2.14365617789308,0.548735605433335,1.7641683063296,0.669036457557662,9.36281483766499e-05,0.00442569739297141,-0.379487871563477,0.379487871563477
"ENSG00000211596","IGKJ2",536.996818692595,1.85925346978056,0.476486289998136,1.54621362238949,0.563890649007001,9.53978762523681e-05,0.00449474115226388,-0.313039847391063,0.313039847391063
"ENSG00000253851","ENSG00000253851",92.3108645310061,2.37511655667845,0.608707084547369,1.89829175336977,0.778900967778234,9.54390434403637e-05,0.00449474115226388,-0.476824803308673,0.476824803308673
"ENSG00000277734","TRAC",206.202719710685,1.95819338174719,0.50195107184006,1.61767870005559,0.602700257098493,9.57313210735001e-05,0.0045002487509039,-0.340514681691601,0.340514681691601
"ENSG00000130427","EPO",353.337640353798,-3.02669424335888,0.776016730651133,-2.34588425578743,1.07258007674703,9.60755134789489e-05,0.00450817222022702,0.680809987571456,0.680809987571456
"ENSG00000100351","GRAP2",141.617018133405,2.00124211922796,0.513169233023202,1.65577791270767,0.616026198855033,9.62840025538402e-05,0.00450971075465222,-0.345464206520289,0.345464206520289
"ENSG00000148180","GSN",11737.0658524041,1.29646085660606,0.33252222956476,1.11624015177511,0.36514937583834,9.66427463488389e-05,0.00451826843449116,-0.180220704830948,0.180220704830948
"ENSG00000183580","FBXL7",939.068839296442,1.51512266210352,0.388707488951432,1.28534698547384,0.437708879520139,9.70513462700641e-05,0.00452912164493406,-0.229775676629684,0.229775676629684
"ENSG00000256694","ENSG00000256694",56.2669878152938,2.59928251502368,0.667729969033161,2.02967048784071,0.915508696052811,9.9128551788954e-05,0.00461766340974062,-0.569612027182975,0.569612027182975
"ENSG00000238279","ENSG00000238279",50.4127707701802,1.74659436874083,0.448817175777079,1.47507143007369,0.508594849741903,9.9605958961873e-05,0.00463149664614926,-0.271522938667139,0.271522938667139
"ENSG00000240583","AQP1",9295.32241013574,1.87036033500186,0.480815546831312,1.5476871064478,0.580358224163374,0.000100254654422994,0.00465323004534354,-0.322673228554059,0.322673228554059
"ENSG00000291164","C3P1",507.925796530707,-3.94565641433098,1.01494265581478,-2.61340865877594,2.05278686998716,0.000101254520989148,0.00469115485600806,1.33224775555504,1.33224775555504
"ENSG00000113749","HRH2",247.990212362541,2.08920925740036,0.537471894922919,1.69656635047209,0.667290924562513,0.000101447215839604,0.00469161385397318,-0.392642906928266,0.392642906928266
"ENSG00000204252","HLA-DOA",280.442775413329,1.36031414638754,0.350071928126551,1.15991311091632,0.386990989320455,0.000101987876901953,0.00470813459791803,-0.200401035471218,0.200401035471218
"ENSG00000255642","PABPC1P4",23.9958989441106,2.33407554849351,0.601458570892787,1.93343202379293,0.705293227098255,0.000104159620019751,0.00479975757099991,-0.400643524700586,0.400643524700586
"ENSG00000265972","TXNIP",54270.9713969791,1.8401875970535,0.474369573587904,1.52548976374428,0.567737627178548,0.000104788624538169,0.00480287433218069,-0.314697833309223,0.314697833309223
"ENSG00000283674","ENSG00000283674",90.8512936795831,1.87164467701557,0.482408482811578,1.55848120309344,0.563791162988482,0.000104545734441332,0.00480287433218069,-0.31316347392213,0.31316347392213
"ENSG00000277758","SYT15B",119.765758936308,2.04774767809017,0.527828194863132,1.69105077194767,0.629392842319203,0.000104640267779095,0.00480287433218069,-0.3566969061425,0.3566969061425
"ENSG00000110848","CD69",331.526341694285,2.33427977813134,0.602256899428896,1.84077312287155,0.792999889313749,0.000106236915612035,0.00486057560252066,-0.493506655259795,0.493506655259795
"ENSG00000054690","PLEKHH1",1325.5039710709,-1.12603734938061,0.290665187157544,-0.976122677739237,0.312831618209001,0.000107062785582607,0.00488964504901915,0.149914671641374,0.149914671641374
"ENSG00000263065","ENSG00000263065",337.950927137767,2.55567082725878,0.659875535597906,2.03665245454245,0.85130433889663,0.000107521966110854,0.00490189396832555,-0.519018372716327,0.519018372716327
"ENSG00000185904","LINC00839",179.587932438157,2.62528890982357,0.678032551237471,2.02148704602188,0.926526752442415,0.000107980668175592,0.00491407767741652,-0.60380186380169,0.60380186380169
"ENSG00000242515","UGT1A10",1078.62482275049,-3.61324775617724,0.933572705359292,-2.4417543354798,1.66909740074486,0.000108681772202955,0.00493723017191725,1.17149342069744,1.17149342069744
"ENSG00000055813","CCDC85A",220.222690237344,3.19539917399739,0.826019390439231,2.14006124078934,1.49238733095487,0.000109537837515486,0.00496732804860418,-1.05533793320805,1.05533793320805
"ENSG00000102760","RGCC",3974.03710929829,2.75164773862838,0.711689105742675,2.10395990842766,1.01774504257166,0.000110470911385532,0.00500080578929887,-0.647687830200712,0.647687830200712
"ENSG00000229525","DNPEP-AS1",25.6010586829924,-2.00301116976459,0.518406359412225,-1.69418179735393,0.572111707694691,0.000111643095177527,0.00503610425996763,0.30882937241066,0.30882937241066
"ENSG00000138115","CYP2C8",246.329849863116,-3.2571583975021,0.842977211437743,-1.86041671266451,2.01644689505604,0.000111602442756691,0.00503610425996763,1.3967416848376,1.3967416848376
"ENSG00000270069","MIR222HG",52.3509055105056,2.31300184852464,0.599151237352867,1.87115544566546,0.74704565065806,0.000113171863156111,0.00509477731198099,-0.441846402859181,0.441846402859181
"ENSG00000173068","BNC2",285.613705352251,1.98622589911337,0.514553007635813,1.62088232581819,0.632958350868938,0.000113340781748593,0.00509477731198099,-0.365343573295186,0.365343573295186
"ENSG00000178965","ERICH3",607.632486910247,2.88121307978457,0.746597229437829,2.06692329620957,1.16509708226677,0.000113793072764724,0.00510616573190937,-0.814289783575004,0.814289783575004
"ENSG00000211956","IGHV4-34",14.0621749291613,2.18909760904866,0.567633952698071,1.85309786887268,0.625086540244026,0.00011500778911128,0.00514400443866866,-0.335999740175984,0.335999740175984
"ENSG00000211675","IGLC1",2321.31191861068,1.81275672973958,0.470056209745667,1.49979912401246,0.559986329891369,0.000115037150730347,0.00514400443866866,-0.31295760572712,0.31295760572712
"ENSG00000215187","CIMIP2B",101.345538137858,1.98161625379649,0.513957222969663,1.62667513531923,0.621073317229294,0.000115443568265757,0.00515320011596033,-0.354941118477262,0.354941118477262
"ENSG00000154188","ANGPT1",608.724191593461,2.78383316310176,0.722977229378242,2.1273985534489,1.01192267972829,0.000117870711287473,0.00524330597333721,-0.656434609652866,0.656434609652866
"ENSG00000135426","TESPA1",80.1573790957571,2.43901935385824,0.633377927338986,1.92636327167545,0.824150642613117,0.000117726823448979,0.00524330597333721,-0.512656082182787,0.512656082182787
"ENSG00000250387","LINC02197",61.5430592636249,-3.11999040938423,0.810665480408858,-2.42700770067441,1.06386407251203,0.000118756982800716,0.00527014470761425,0.692982708709815,0.692982708709815
"ENSG00000139209","SLC38A4",635.169646330623,-3.32916838492622,0.865075283311941,-2.36689101873848,1.46013321198608,0.000118884707434007,0.00527014470761425,0.96227736618774,0.96227736618774
"ENSG00000115526","CHST10",378.34694565253,0.988154875064098,0.256924997909467,0.864417081641622,0.271378933751484,0.000120021104956226,0.00528873274827856,-0.123737793422476,0.123737793422476
"ENSG00000272398","CD24",26667.8253014528,-1.76103298430524,0.457802766582247,-1.45265738678563,0.544171863310778,0.00011971612174105,0.00528873274827856,0.308375597519613,0.308375597519613
"ENSG00000146701","MDH2",6681.62815038619,-0.996235805702338,0.259040809248362,-0.869006458263525,0.274747849133212,0.00012012822660406,0.00528873274827856,0.127229347438813,0.127229347438813
"ENSG00000077943","ITGA8",866.672049023034,2.31194532659469,0.601032422256492,1.86460345792881,0.75364134926983,0.000119756871215315,0.00528873274827856,-0.447341868665878,0.447341868665878
"ENSG00000130720","FIBCD1",399.7682034439,3.65021317310142,0.949371860933203,0.285137936691082,0.54252366403182,0.000120615439740014,0.00530108988323107,-3.36507523641034,3.36507523641034
"ENSG00000270550","IGHV3-30",74.9840564101233,2.02679836277692,0.527273302641267,1.67161033301284,0.624948763979871,0.000121082648542716,0.00531252707717247,-0.355188029764079,0.355188029764079
"ENSG00000166750","SLFN5",1787.83170865238,1.71243774737403,0.445687031745549,1.4276893530749,0.519918394272766,0.000121915189041565,0.00533992688930007,-0.284748394299132,0.284748394299132
"ENSG00000277494","GPIHBP1",658.775608319043,2.97451482881749,0.774414850137169,2.06852224131212,1.30217314033653,0.000122542244354459,0.00535824835748877,-0.905992587505373,0.905992587505373
"ENSG00000223552","CCR5AS",28.9831327234529,1.8477860345318,0.481405259598674,1.556009668868,0.5377689539412,0.000123880443607723,0.00538010041637803,-0.291776365663795,0.291776365663795
"ENSG00000237786","GFOD1-AS1",62.4306251383617,1.47239547052345,0.383557650954799,1.2527319047172,0.424117500389529,0.000123644489638819,0.00538010041637803,-0.219663565806254,0.219663565806254
"ENSG00000250349","ENSG00000250349",672.373051842902,2.22891280158073,0.58055458653174,1.75864683690845,0.758650923745076,0.000123394613689095,0.00538010041637803,-0.470265964672276,0.470265964672276
"ENSG00000262655","SPON1",2009.76518786902,2.38229162861399,0.620593971967122,1.87101688079239,0.813117132094841,0.000123673201745095,0.00538010041637803,-0.511274747821594,0.511274747821594
"ENSG00000211448","DIO2",66.0671342244537,2.36560720700324,0.616540673934519,1.90454089002769,0.764565318166188,0.000124595289995785,0.00539289596681587,-0.461066316975546,0.461066316975546
"ENSG00000274736","CCL23",159.467397893567,2.62622272230571,0.684435517220255,2.08750340042368,0.865964400803717,0.000124514149889861,0.00539289596681587,-0.538719321882027,0.538719321882027
"ENSG00000161544","CYGB",909.665076279082,2.00612035996391,0.523011461969516,1.63753737249763,0.637030204612302,0.000125202009720955,0.00541003364226893,-0.36858298746628,0.36858298746628
"ENSG00000271474","UNC5C-AS1",89.0168413512361,2.58342084312656,0.673651948144391,2.04124919158237,0.862856136367465,0.000125590367652368,0.00541103541936027,-0.542171651544189,0.542171651544189
"ENSG00000106327","TFR2",2354.16484267169,-2.66162161781886,0.694063549444826,-2.04126756670661,0.964816104524242,0.000125646827051807,0.00541103541936027,0.620354051112242,0.620354051112242
"ENSG00000289746","TARP",35.0922247125239,2.45575474720747,0.640756532997586,1.97947988389336,0.788812669420293,0.000126803064467139,0.0054425656449466,-0.476274863314107,0.476274863314107
"ENSG00000166592","RRAD",636.03237241992,2.17161610247174,0.566611804652005,1.7471332575883,0.710165978709244,0.000126778105897235,0.0054425656449466,-0.424482844883432,0.424482844883432
"ENSG00000124915","MYRF-AS1",68.6137508487529,-1.1438582350486,0.298655479662465,-0.990258121117164,0.317841943915339,0.000128129749979035,0.00546224415456851,0.153600113931434,0.153600113931434
"ENSG00000255390","DCHS1-AS1",390.319033715297,0.827087362238961,0.215945479543239,0.734073225286411,0.223933964226497,0.000128104257364489,0.00546224415456851,-0.09301413695255,0.09301413695255
"ENSG00000135424","ITGA7",1838.70984760986,1.58700694126133,0.414399986477995,1.32801836916539,0.478290434581888,0.000128325601948214,0.00546224415456851,-0.258988572095946,0.258988572095946
"ENSG00000260182","ENSG00000260182",81.3210714787632,3.28493287538035,0.857629954238168,2.36185506606264,1.3164333619192,0.000128015716187871,0.00546224415456851,-0.923077809317718,0.923077809317718
"ENSG00000256612","CYP2B7P",1120.09296063506,2.22830679028097,0.581641465908938,1.76856366131534,0.746435230635716,0.00012758931984972,0.00546224415456851,-0.459743128965626,0.459743128965626
"ENSG00000261276","ENSG00000261276",156.46505985826,1.84515460018932,0.482189804143903,1.52251368728678,0.574221166240395,0.000129917618972903,0.00552085352016141,-0.322640912902536,0.322640912902536
"ENSG00000099834","CDHR5",855.523833999228,-2.68278352610503,0.701375990889351,-2.07209376821288,0.974132620234735,0.000130756677880871,0.00553778052509034,0.610689757892151,0.610689757892151
"ENSG00000185532","PRKG1",771.944677167106,1.75726884350424,0.459424896192298,1.4535730865653,0.54507875285004,0.000130808352237408,0.00553778052509034,-0.303695756938946,0.303695756938946
"ENSG00000131097","HIGD1B",154.188876887317,2.37238448646672,0.620289588723429,1.87765879381117,0.801799011792037,0.000130963212636063,0.00553778052509034,-0.494725692655556,0.494725692655556
"ENSG00000149295","DRD2",9.74056749741253,4.43409694371201,1.15978118512922,0.279661615649788,0.532780017888404,0.000131720927656539,0.00555823927525495,-4.15443532806222,4.15443532806222
"ENSG00000139269","INHBE",613.110721247758,-3.25864127250739,0.852395704461131,-2.40206997494711,1.32646949895677,0.000131880146438239,0.00555823927525495,0.856571297560283,0.856571297560283
"ENSG00000164604","GPR85",55.1462367946575,2.40324341321945,0.628863854582859,1.90706481533495,0.802786363493344,0.000132608035137008,0.00557975481616654,-0.496178597884507,0.496178597884507
"ENSG00000178695","KCTD12",4613.92282467701,1.90451026776998,0.498438157771926,1.55153404204605,0.615657454107502,0.000132935371722888,0.00558437346319371,-0.352976225723936,0.352976225723936
"ENSG00000270547","LINC01235",149.329805730169,2.38075303681229,0.623915166017464,1.89776906564815,0.793541904165855,0.000135726960500259,0.00569232662607869,-0.482983971164138,0.482983971164138
"ENSG00000072657","TRHDE",159.843678449323,3.30024452367078,0.864981171417727,2.53771671155687,1.18469820187983,0.000135965461913216,0.00569302693462727,-0.762527812113909,0.762527812113909
"ENSG00000144821","MYH15",23.1720855843976,1.87554152221253,0.491898651572848,1.57412053352242,0.553911550203617,0.000137366994138644,0.00574234305953842,-0.30142098869011,0.30142098869011
"ENSG00000086696","HSD17B2",720.039952578931,-3.43546652315098,0.901564543814404,-2.05059639826815,2.12146718803336,0.000138651897347258,0.00576867477818787,1.38487012488283,1.38487012488283
"ENSG00000171346","KRT15",556.901360586668,1.41500526204038,0.371341142226056,1.19656098935053,0.413045612446703,0.000138671147315304,0.00576867477818787,-0.218444272689846,0.218444272689846
"ENSG00000124214","STAU1",7700.12808056613,-0.666272764757421,0.174818616086543,-0.598563839067153,0.178340856677009,0.00013828084024621,0.00576867477818787,0.0677089256902677,0.0677089256902677
"ENSG00000214402","LCNL1",37.0980410062668,2.61702997238916,0.687173680149711,2.06693400305829,0.884055947777231,0.000139870757748138,0.00580916300828717,-0.550095969330869,0.550095969330869
"ENSG00000247287","PRKCH-AS1",68.227997984894,1.32037905793871,0.346754358786776,1.12903330564122,0.378272412790517,0.000140195827809098,0.00581325737055916,-0.19134575229749,0.19134575229749
"ENSG00000288702","UGT1A3",1076.63058034891,-3.64096314815145,0.956707092846109,-2.33408817506865,1.83027069497046,0.000141389981455664,0.00585331718390728,1.30687497308281,1.30687497308281
"ENSG00000122694","GLIPR2",784.683318579328,1.31247732352503,0.344962445504284,1.1143033570421,0.381744198011449,0.000141978307709454,0.00585877367199126,-0.198173966482937,0.198173966482937
"ENSG00000177699","ENSG00000177699",20.4857890035567,2.46274853955082,0.647225231026742,2.02618555028464,0.76023039114713,0.00014175415611598,0.00585877367199126,-0.436562989266185,0.436562989266185
"ENSG00000255587","RAB44",56.4979739821487,2.32622944326134,0.611752791068191,1.86196467193487,0.760682286583051,0.000143205968865508,0.00589049295331892,-0.464264771326469,0.464264771326469
"ENSG00000258429","PDF",974.921981564061,-0.924019693722251,0.242995968788821,-0.808161738604388,0.255710687177836,0.000143177772718036,0.00589049295331892,0.115857955117863,0.115857955117863
"ENSG00000152953","STK32B",89.4043482081864,2.24800968435058,0.592032629491415,1.79453671310287,0.756602222943222,0.000146396162448419,0.00601208048250172,-0.453472971247711,0.453472971247711
"ENSG00000215595","C20orf202",21.8282753162309,2.93824280268496,0.773911134512385,2.27692086597958,1.00886386490099,0.000146685193023026,0.00601432723533866,-0.661321936705376,0.661321936705376
"ENSG00000226674","TEX41",54.1670189578177,2.7380996543282,0.721298730606593,2.08524537063974,1.00242113597144,0.000147008676979715,0.00601797721218238,-0.652854283688456,0.652854283688456
"ENSG00000238121","LINC00426",48.8470835549581,2.31368395749069,0.609647129137856,1.8391419271331,0.77413720935945,0.000147572116001006,0.00603142277292646,-0.47454203035759,0.47454203035759
"ENSG00000100427","MLC1",88.5695932157392,2.93036240116302,0.772387817066514,2.03167285466784,1.26899848215762,0.000148299216701523,0.00605150396673766,-0.89868954649518,0.89868954649518
"ENSG00000262370","ENSG00000262370",140.224331480899,1.84718496613397,0.487109028739089,1.51278734858934,0.580560614844425,0.000149355493518034,0.00608493246369426,-0.334397617544625,0.334397617544625
"ENSG00000282804","ENSG00000282804",32.2506962924801,2.39388018715014,0.631367736912122,1.91838932640616,0.785251132817383,0.000149692959777671,0.00608675676765777,-0.475490860743983,0.475490860743983
"ENSG00000187398","LUZP2",182.499823902387,3.02052724496313,0.796869327075012,2.34097367832359,1.12007428116483,0.00015034884445767,0.00608675676765777,-0.679553566639532,0.679553566639532
"ENSG00000235505","CASP4LP",72.3588959440703,1.83213414748885,0.483322906840024,1.51221577314217,0.567652132474748,0.000150220803900591,0.00608675676765777,-0.319918374346674,0.319918374346674
"ENSG00000172264","MACROD2",226.107418803924,1.74513833721113,0.460379585784654,1.44886021722182,0.537744334122247,0.000150252954005152,0.00608675676765777,-0.296278119989306,0.296278119989306
"ENSG00000140368","PSTPIP1",401.023218878887,1.87813992104182,0.496007226910955,1.52547484491988,0.602856449816053,0.000152773494759288,0.00617517683462465,-0.352665076121939,0.352665076121939
"ENSG00000185519","FAM131C",79.4166153097879,-2.66017460754165,0.702871118063628,-2.06921362755511,0.919775838851567,0.000153878007481189,0.00619057494987411,0.59096097998654,0.59096097998654
"ENSG00000145147","SLIT2",1382.18499125913,2.45630129234608,0.648951498747763,1.90146793610084,0.866978710495129,0.000153689655435141,0.00619057494987411,-0.554833356245243,0.554833356245243
"ENSG00000175267","VWA3A",272.410687719686,2.41578453864879,0.638289776045332,1.8992744863997,0.826063767487511,0.000153846394345134,0.00619057494987411,-0.516510052249092,0.516510052249092
"ENSG00000164736","SOX17",418.851595857572,1.65895864016804,0.438541326512936,1.37954412623623,0.510122660767301,0.000155010771012454,0.00621134420600807,-0.279414513931808,0.279414513931808
"ENSG00000183117","CSMD1",17.7048678656688,3.8718115365412,1.02355066853755,2.74396730771206,1.59441164914819,0.000155120256985669,0.00621134420600807,-1.12784422882914,1.12784422882914
"ENSG00000105707","HPN",5671.02873842008,-2.50597399804118,0.662470742337888,-1.89231733835191,0.929491172971215,0.000155093138766452,0.00621134420600807,0.613656659689263,0.613656659689263
"ENSG00000180537","RNF182",62.914034568079,3.65682998884594,0.967011397953058,0.219101724150504,0.427129129144628,0.000155836755086595,0.00622365904424995,-3.43772826469543,3.43772826469543
"ENSG00000256540","IQSEC3-AS1",28.2902257315518,3.51595235117797,0.929787582175088,2.19566177802034,1.91659005364015,0.00015591275822857,0.00622365904424995,-1.32029057315763,1.32029057315763
"ENSG00000173376","NDNF",619.553002709321,3.31566939091223,0.877614689738465,0.240466425389957,0.453128776913147,0.000158063164965928,0.006299700706802,-3.07520296552227,3.07520296552227
"ENSG00000119535","CSF3R",2188.0219450822,1.41744337402836,0.375371146853402,1.19007789232754,0.424363629724335,0.000159295586361863,0.00632935313960352,-0.227365481700819,0.227365481700819
"ENSG00000122691","TWIST1",370.06785542015,2.06875385428351,0.547854012524173,1.67109830087228,0.671989538717232,0.000159300351742855,0.00632935313960352,-0.397655553411226,0.397655553411226
"ENSG00000286289","ENSG00000286289",123.553020046265,2.97206647529348,0.78720090441786,2.14064522480515,1.20232212266622,0.000159695602284027,0.00633525042322121,-0.831421250488331,0.831421250488331
"ENSG00000254838","GVINP1",330.66581518091,2.1494759654871,0.569402938763062,1.70852457095237,0.720963769740732,0.000160030355538491,0.00633873323396057,-0.440951394534727,0.440951394534727
"ENSG00000152779","SLC16A12",57.1659248004434,2.81921728301396,0.747076527714416,2.25710330318905,0.923658690541515,0.00016086610317816,0.00636201890643119,-0.562113979824911,0.562113979824911
"ENSG00000172260","NEGR1",726.221130568042,3.20541575926384,0.850065402556607,0.26787938980154,0.49487291945149,0.000162733383181317,0.00642596576325365,-2.9375363694623,2.9375363694623
"ENSG00000196620","UGT2B15",120.747550255622,-3.30621378391406,0.876939659006323,-0.224296173447943,0.432988234356012,0.000163134752787247,0.00643191966173622,3.08191761046612,3.08191761046612
"ENSG00000228146","CASP16P",127.881266316006,-1.4317716485782,0.379817735661853,-1.20653164250337,0.422774843857909,0.000163490912123431,0.00643607552373022,0.225240006074833,0.225240006074833
"ENSG00000145864","GABRB2",26.451872887921,3.88872657764244,1.03194932656146,2.53933428378951,2.07134605504994,0.000164342729675457,0.00645970113718217,-1.34939229385293,1.34939229385293
"ENSG00000210151","MT-TS1",18805.3056815355,1.33307238428089,0.353944609210569,1.12541661835579,0.395047281156138,0.000165664449053235,0.00650169635145166,-0.207655765925105,0.207655765925105
"ENSG00000197614","MFAP5",159.540205399095,3.2500829590535,0.863211593177019,1.6816878205443,2.6450340340965,0.000166478589031682,0.00652038227786635,-1.5683951385092,1.5683951385092
"ENSG00000288765","ENSG00000288765",69.2033003762665,2.75889450868516,0.732803170784599,2.13162300417818,0.965810808839073,0.000166648645119427,0.00652038227786635,-0.627271504506979,0.627271504506979
"ENSG00000166961","MS4A15",419.88933429169,4.16378357051183,1.10672831954067,0.132012525642456,0.346946213878235,0.000168394671854429,0.00657866977547583,-4.03177104486938,4.03177104486938
"ENSG00000104435","STMN2",53.9780335816698,-2.53267366149721,0.673526722191753,-1.96779281527434,0.881070534180086,0.000169698502335391,0.0066094862813998,0.564880846222875,0.564880846222875
"ENSG00000017427","IGF1",1549.6507790933,2.8529311633,0.758646855932865,1.86574594749877,1.38411600951051,0.000169538636742455,0.0066094862813998,-0.987185215801232,0.987185215801232
"ENSG00000105825","TFPI2",1246.06403462934,-3.06618343638822,0.815735283130671,-2.01491959736653,1.43181232154454,0.000170732203267274,0.00662172252527756,1.05126383902169,1.05126383902169
"ENSG00000155849","ELMO1",752.694747634531,1.86954086978179,0.497293714911175,1.51375664153799,0.605686161375654,0.000170300973454174,0.00662172252527756,-0.355784228243804,0.355784228243804
"ENSG00000140795","MYLK3",21.6910055417952,1.71027433846147,0.455015413369562,1.43905918828865,0.503991166315351,0.000170786625306181,0.00662172252527756,-0.271215150172816,0.271215150172816
"ENSG00000160856","FCRL3",19.7546569934787,2.92669040007928,0.77877578143621,2.29372085599945,0.993319405608309,0.000171232060215109,0.00662897932057496,-0.632969544079832,0.632969544079832
"ENSG00000259070","LINC00639",55.187676055499,2.03856987467954,0.542528884618427,1.64783184550612,0.658841205643726,0.000171597138239121,0.00663310805298723,-0.390738029173417,0.390738029173417
"ENSG00000278936","ENSG00000278936",67.3437915978251,1.8008424962926,0.479619379843813,1.48198237339785,0.562519007998579,0.000173526670179099,0.00668141985499265,-0.318860122894744,0.318860122894744
"ENSG00000227954","TARID",971.805084450103,2.97026088895142,0.790966898838235,2.02965365374439,1.32636897345238,0.000173183887691666,0.00668141985499265,-0.940607235207032,0.940607235207032
"ENSG00000176971","FIBIN",766.129803134407,2.15700526049769,0.574498755290601,1.70591156610184,0.725536934353884,0.000173627889635723,0.00668141985499265,-0.451093694395858,0.451093694395858
"ENSG00000101935","AMMECR1",692.030239246231,-0.857766410864454,0.228539397157579,-0.752574300467983,0.23877586397003,0.000174553812249534,0.00670699505839637,0.105192110396471,0.105192110396471
"ENSG00000172123","SLFN12",122.80531413726,1.88008667055779,0.501038798302159,1.5287640965394,0.604757238645123,0.00017516549100348,0.00672043745528599,-0.351322574018385,0.351322574018385
"ENSG00000105639","JAK3",1432.07084807174,1.94688429346106,0.518920902562728,1.54311221660498,0.657598893180887,0.000175573751346161,0.00672604697880883,-0.403772076856076,0.403772076856076
"ENSG00000273711","ENSG00000273711",443.167231945017,-0.797614332892031,0.212729582991365,-0.703614218049148,0.220475320306181,0.000177238113654757,0.00676959920115572,0.0940001148428825,0.0940001148428825
"ENSG00000261997","ENSG00000261997",19.7435665002904,2.5130677780579,0.67019733640834,2.03089515327852,0.806580846061924,0.000177015884313066,0.00676959920115572,-0.482172624779381,0.482172624779381
"ENSG00000132622","HSPA12B",614.787915093067,1.43984172130764,0.384128459788199,1.20974122768755,0.433492403704636,0.000178013179173308,0.00678909995518765,-0.230100493620092,0.230100493620092
"ENSG00000169550","MUC15",186.386918389019,3.65087938113544,0.974656457132107,0.156760373206147,0.364311796895362,0.00017981156290964,0.00684751244095214,-3.49411900792929,3.49411900792929
"ENSG00000279803","ENSG00000279803",32.4267392067784,1.79501311432787,0.479273337817478,1.49038730116523,0.546699289467524,0.000180192292075578,0.00685184527511684,-0.304625813162636,0.304625813162636
"ENSG00000225936","SLC18A2-AS1",20.1072036193102,3.72968239501588,0.996069783783656,0.39029380427268,0.8823226370762,0.000180826320447153,0.00686578279129745,-3.33938859074321,3.33938859074321
"ENSG00000214140","PRCD",405.285580945538,1.78426053889278,0.476634323971869,1.45764518300434,0.56724774898876,0.000181505004985459,0.00688137217571902,-0.326615355888437,0.326615355888437
"ENSG00000134198","TSPAN2",148.808800016291,1.34787263163791,0.360229916292372,1.13837484845408,0.399909109115623,0.00018277891650098,0.00691749691992397,-0.209497783183825,0.209497783183825
"ENSG00000157064","NMNAT2",274.242865466161,1.71162909110544,0.457483396652548,1.41712360074048,0.525825496817814,0.000182996860117208,0.00691749691992397,-0.294505490364961,0.294505490364961
"ENSG00000105974","CAV1",3579.04624500165,2.30304818731331,0.616079786741621,1.77365264146437,0.839883064510069,0.000185320078073879,0.00699501535870921,-0.529395545848939,0.529395545848939
"ENSG00000267369","TAF5LP1",38.1984890257431,2.32967177314515,0.623411738566775,1.85004011331393,0.777543806563655,0.000186250175455594,0.00701979919738435,-0.479631659831212,0.479631659831212
"ENSG00000278965","ENSG00000278965",23.5969916232823,2.52985195159544,0.677306188827285,2.02290314137429,0.829231947489411,0.000187590409919398,0.00705994582316889,-0.506948810221148,0.506948810221148
"ENSG00000183876","ARSI",111.349717305702,2.28358377509713,0.611442175489742,1.77656088264978,0.811929166867076,0.000187901617583949,0.0070613042730999,-0.507022892447347,0.507022892447347
"ENSG00000260467","ENSG00000260467",36.8929856004577,1.8751494059518,0.502397937450318,1.55051753881717,0.573916050142497,0.000189664984732108,0.00711715082327341,-0.324631867134626,0.324631867134626
"ENSG00000183479","TREX2",671.524310682338,0.915116444881556,0.24521675627013,0.79739831577659,0.258213185205099,0.000190065467550519,0.00711785198665233,-0.117718129104966,0.117718129104966
"ENSG00000110665","C11orf21",110.602869292045,2.33562399826086,0.625897696418625,1.80280260753035,0.820341592316454,0.000190238300652336,0.00711785198665233,-0.53282139073051,0.53282139073051
"ENSG00000138769","CDKL2",39.5221346720034,3.56541485725925,0.955995815872509,2.27037179590841,1.79203957663983,0.000191837439743667,0.00715681913648359,-1.29504306135085,1.29504306135085
"ENSG00000176438","SYNE3",511.847629396644,1.57611101449248,0.422596631509401,1.2975560531394,0.488741698565745,0.000191793676364996,0.00715681913648359,-0.278554961353082,0.278554961353082
"ENSG00000101282","RSPO4",175.363433570014,3.32450772903834,0.891764618165816,2.24911166465951,1.48063398683631,0.000192997451435162,0.00718964526267968,-1.07539606437883,1.07539606437883
"ENSG00000115523","GNLY",261.535727752635,1.69046484421742,0.453657712577619,1.38960954497129,0.530566444296614,0.000194310931893247,0.00721762473068593,-0.30085529924613,0.30085529924613
"ENSG00000189129","PLAC9",300.654043185295,1.54026965034808,0.413348676329392,1.27807256830558,0.475709677602894,0.000194295315798609,0.00721762473068593,-0.262197082042499,0.262197082042499
"ENSG00000134709","HOOK1",1350.09290568228,-1.50471718626372,0.403938814083919,-1.24422010784392,0.464701481217227,0.000195228786191554,0.0072412388080616,0.260497078419799,0.260497078419799
"ENSG00000011201","ANOS1",629.054774747284,2.36011917424375,0.633770321816886,1.78648258212276,0.867673181877601,0.000196141824820269,0.00724370103260697,-0.573636592120989,0.573636592120989
"ENSG00000265206","MIR142HG",38.2941521874847,1.65624899083607,0.444700746192545,1.37729629403831,0.501853461035982,0.000195770644524784,0.00724370103260697,-0.278952696797756,0.278952696797756
"ENSG00000176490","DIRAS1",103.08583771708,2.09460224054285,0.562468548519391,1.67847429582419,0.695951712420398,0.000196133255607212,0.00724370103260697,-0.416127944718653,0.416127944718653
"ENSG00000102383","ZDHHC15",89.336146580082,2.40357294564919,0.645795062125587,1.85654448762265,0.856260919685789,0.000197743519289775,0.00729236050231416,-0.547028458026535,0.547028458026535
"ENSG00000287189","ENSG00000287189",47.3508792378331,3.58757394040248,0.964105846911507,2.42862616229215,1.97060712926794,0.000198324540744791,0.00730329409942117,-1.15894777811033,1.15894777811033
"ENSG00000170290","SLN",43.1150357746798,3.27964921716209,0.881705930612688,2.24390177460025,1.45234451026379,0.000199488512012107,0.00733563271893232,-1.03574744256185,1.03574744256185
"ENSG00000073737","DHRS9",76.0354150727146,2.34821877981417,0.631541219177931,1.85378180666068,0.801232856547235,0.000200619454509971,0.00736666600702064,-0.49443697315349,0.49443697315349
"ENSG00000290461","CYP4F35P",102.469596451672,1.71556063210537,0.461575230443818,1.40579928776284,0.538634949325664,0.000201800402539391,0.00739944418854078,-0.309761344342532,0.309761344342532
"ENSG00000115353","TACR1",97.4413184704038,2.73010101755244,0.734828301859447,2.02390869966718,1.0456682868272,0.000202969927112658,0.00742213810368447,-0.706192317885262,0.706192317885262
"ENSG00000291143","ENSG00000291143",384.548997091734,2.1397046571647,0.575923802721199,1.6727199804028,0.742366615870723,0.000202997660372716,0.00742213810368447,-0.466984676761896,0.466984676761896
"ENSG00000244474","UGT1A4",1091.5000229615,-3.64342880605515,0.981169176818423,-2.05535931489511,2.42449683918862,0.00020453021601764,0.00746753492820024,1.58806949116004,1.58806949116004
"ENSG00000145936","KCNMB1",139.444530984684,1.57848967527971,0.425185707748831,1.305479909076,0.490428901137742,0.000205245458733835,0.00748300453028598,-0.273009766203711,0.273009766203711
"ENSG00000289251","ENSG00000289251",96.6951296806317,3.51097836257605,0.945819996196852,1.92048854947676,2.87028706560867,0.000205546780649479,0.00748336059422721,-1.59048981309928,1.59048981309928
"ENSG00000251546","IGKV1D-39",57.584948639287,2.34628292473908,0.632342978596356,1.86253641272258,0.781778752492462,0.000206883506445564,0.00752075216834199,-0.483746512016506,0.483746512016506
"ENSG00000164946","FREM1",73.9038949734812,2.3734484214495,0.639722568629103,1.81809601879121,0.8518132273685,0.000207159846613075,0.00752075216834199,-0.555352402658295,0.555352402658295
"ENSG00000290376","HERC2P3",802.804678792725,0.787546617273629,0.212593493906192,0.691816711204249,0.220157907076581,0.000211831615076569,0.00767419617562922,-0.0957299060693793,0.0957299060693793
"ENSG00000157423","HYDIN",140.234399255699,2.95811521164301,0.798564906242736,1.84659892448439,1.66715658631344,0.000211984458196171,0.00767419617562922,-1.11151628715861,1.11151628715861
"ENSG00000163032","VSNL1",22.9331713780313,2.04410467415779,0.552011245434268,1.68076402522596,0.635777624304627,0.000213054178957977,0.00770205860748505,-0.363340648931832,0.363340648931832
"ENSG00000103742","IGDCC4",78.0092533405061,2.08536607008673,0.563432536033746,1.64339699635607,0.715526022490129,0.000214597915379141,0.00774695456263911,-0.441969073730666,0.441969073730666
"ENSG00000118526","TCF21",1421.66697985598,2.85613529916642,0.772578363328509,1.960746164887,1.2680064536964,0.000218258998843775,0.00786805298219547,-0.895389134279413,0.895389134279413
"ENSG00000106829","TLE4",477.399883336722,1.60490060944775,0.434254937215685,1.32227381445639,0.505218560963953,0.000219232812846027,0.00789207378305607,-0.282626794991359,0.282626794991359
"ENSG00000271447","MMP28",195.33295139447,2.41863885248292,0.65482328668974,1.80239020144049,0.926836191351066,0.000221123343823953,0.00794898160494315,-0.616248651042429,0.616248651042429
"ENSG00000198758","EPS8L3",79.2243520635392,-3.97924577740891,1.0781517904981,-0.142822481868745,0.353129890499102,0.000223547293591705,0.00798023419279318,3.83642329554017,3.83642329554017
"ENSG00000112514","CUTA",3252.26637733255,-0.765700496092151,0.207391051099973,-0.673989402680099,0.214646141508483,0.000222443735835324,0.00798023419279318,0.0917110934120525,0.0917110934120525
"ENSG00000152926","ZNF117",5291.82471543405,-1.01530502189271,0.275061340418447,-0.874319494187022,0.294445292197725,0.000223203004297896,0.00798023419279318,0.140985527705684,0.140985527705684
"ENSG00000232774","LINC03033",43.5917515525359,1.63231907117151,0.442259976308708,1.35537220092512,0.500405513026414,0.000223498292529363,0.00798023419279318,-0.276946870246394,0.276946870246394
"ENSG00000235649","MXRA5Y",42.0949983790053,2.25461130151007,0.610841892698901,1.81556328394484,0.761293432382293,0.000223382943702838,0.00798023419279318,-0.439048017565221,0.439048017565221
"ENSG00000223865","HLA-DPB1",1843.81836036615,1.18054487881152,0.319972610864012,1.0006859553639,0.350597105613054,0.000224678858423924,0.00799838038719396,-0.179858923447613,0.179858923447613
"ENSG00000254844","ENSG00000254844",164.951579318684,-2.62549333494646,0.7115624108007,-1.879808357385,1.06669129205204,0.000224467185553054,0.00799838038719396,0.745684977561456,0.745684977561456
"ENSG00000240207","ENSG00000240207",623.476131739073,2.12834194613306,0.577188714087334,1.6303662653008,0.765573919219226,0.000226531975152326,0.00804387046950036,-0.497975680832267,0.497975680832267
"ENSG00000156298","TSPAN7",1366.70426011746,2.38910822460225,0.647945961072871,1.80782210233076,0.886714256035962,0.000226732573043136,0.00804387046950036,-0.581286122271492,0.581286122271492
"ENSG00000101132","PFDN4",761.786913906542,-0.901503975158811,0.244507582093264,-0.780296814539584,0.257438121445753,0.000226896880037334,0.00804387046950036,0.121207160619227,0.121207160619227
"ENSG00000165655","ZNF503",643.973437325773,1.76655301383216,0.479199016270072,1.43700067765456,0.568037832393772,0.000227385830007418,0.0080500856535178,-0.329552336177597,0.329552336177597
"ENSG00000198929","NOS1AP",303.498715043958,-1.69345630463643,0.459764563994976,-1.37099595812997,0.549336224333717,0.000230223152651178,0.00812997493386168,0.322460346506454,0.322460346506454
"ENSG00000148541","FAM13C",350.460325297071,2.43879734412977,0.66213126827055,1.8538667050401,0.891261697201089,0.00023027590980315,0.00812997493386168,-0.584930639089676,0.584930639089676
"ENSG00000143158","MPC2",3842.9871974539,-1.28072515943394,0.347843204323605,-1.07333314114,0.387656047595103,0.000231498915416968,0.00813969445856649,0.207392018293934,0.207392018293934
"ENSG00000255410","ENSG00000255410",86.3961657324863,1.41613602390321,0.384580021185274,1.18556048544776,0.428460565708007,0.000231146231573738,0.00813969445856649,-0.230575538455452,0.230575538455452
"ENSG00000110841","PPFIBP1",2618.5023676737,1.04682873647361,0.284344515093955,0.896166343037232,0.305956944182701,0.000231819715947018,0.00813969445856649,-0.150662393436383,0.150662393436383
"ENSG00000166347","CYB5A",5947.52753888939,-1.09028187270546,0.296131527840524,-0.92350357486172,0.31951590415957,0.000231639661377304,0.00813969445856649,0.166778297843738,0.166778297843738
"ENSG00000198851","CD3E",276.260063175772,2.5074703286516,0.682878603261046,1.80605510226148,1.01190463972117,0.000240742322103225,0.00844143877243646,-0.701415226390112,0.701415226390112
"ENSG00000185811","IKZF1",415.818736720872,1.47034925193235,0.400767537955683,1.21548843097136,0.459363710210933,0.000243659973211348,0.0085204639406208,-0.254860820960987,0.254860820960987
"ENSG00000149534","MS4A2",158.051977484898,2.30855704682613,0.629229468904675,1.75770700645136,0.839318859749791,0.0002436310853017,0.0085204639406208,-0.550850040374779,0.550850040374779
"ENSG00000249825","THBS4-AS1",204.242622080333,1.74279958928669,0.475185033591416,1.40486163535874,0.570134397077775,0.000244815728975816,0.0085260316358511,-0.337937953927955,0.337937953927955
"ENSG00000133101","CCNA1",25.3168856621646,1.64199511698654,0.447642742375394,1.3719035722601,0.495049082430007,0.000244366502821872,0.0085260316358511,-0.270091544726438,0.270091544726438
"ENSG00000211945","IGHV1-18",26.460519477033,2.31395924201445,0.63088568770322,1.853809630754,0.762250717503867,0.000244651403749704,0.0085260316358511,-0.460149611260449,0.460149611260449
"ENSG00000241635","UGT1A1",1091.29110561351,-3.47079908675496,0.946489167138903,-1.93754996904718,2.45517838289418,0.00024538916810925,0.00853442246322509,1.53324911770778,1.53324911770778
"ENSG00000133477","FAM83F",1170.67847618872,-1.42659968888362,0.389113302833224,-1.17952447189259,0.444292955618033,0.000246101068503737,0.00854759962826172,0.247075216991028,0.247075216991028
"ENSG00000196381","ZNF781",27.2341660848951,2.05836363768982,0.561656677064468,1.66893449576077,0.658073929924941,0.000247524625455861,0.00858542508321025,-0.389429141929051,0.389429141929051
"ENSG00000137727","ARHGAP20",138.955928374978,2.77417987530624,0.758398621424189,2.0108851264286,1.10822554051702,0.00025424633114017,0.00880666745124795,-0.763294748877639,0.763294748877639
"ENSG00000083814","ZNF671",267.235603243086,1.74339456460508,0.476766207180714,1.40421212081386,0.576391035010555,0.000255475619941276,0.00883732174802256,-0.339182443791214,0.339182443791214
"ENSG00000159625","DRC7",42.5724276964559,2.99606886382798,0.819806241677972,2.14893970380272,1.24255553502427,0.000257577163181976,0.00889802563578973,-0.847129160025268,0.847129160025268
"ENSG00000171243","SOSTDC1",254.950845156861,5.88699657994128,1.61163544886652,0.0907946491884269,0.32609046579692,0.000259387104295777,0.00894850645962325,-5.79620193075285,5.79620193075285
"ENSG00000005381","MPO",122.111554747741,2.86251727140507,0.783792875668629,2.09135014527952,1.07742988550346,0.000260069254321064,0.00895999671229361,-0.771167126125548,0.771167126125548
"ENSG00000277801","ENSG00000277801",413.316118799183,0.891058857241401,0.244044634457454,0.777773534835907,0.256694278877318,0.000261005011166079,0.00898018179839109,-0.113285322405494,0.113285322405494
"ENSG00000073861","TBX21",60.3831138000334,2.07002807698379,0.567028743518931,1.62876390482952,0.709521799323666,0.000261569238450321,0.00898339828183446,-0.441264172154268,0.441264172154268
"ENSG00000011590","ZBTB32",38.387481241885,1.32397606666651,0.362690132974776,1.1156226279226,0.394933647614994,0.000261798492804464,0.00898339828183446,-0.208353438743916,0.208353438743916
"ENSG00000221866","PLXNA4",264.548971764075,2.19287220459307,0.600940264772807,1.66535348195918,0.811161700711753,0.000263192899551019,0.00901918845497465,-0.527518722633898,0.527518722633898
"ENSG00000288705","UGT1A5",1064.5052539531,-3.5792310542478,0.981152753002444,-0.233632148253072,0.445761827651971,0.000264304510793613,0.00904520517138624,3.34559890599473,3.34559890599473
"ENSG00000286656","ENSG00000286656",31.6560466894855,2.0808358811073,0.570770838307915,1.66169848558377,0.692060915130186,0.000266707380316005,0.00911528406201186,-0.419137395523525,0.419137395523525
"ENSG00000113263","ITK",297.988635519054,2.20845524580862,0.606137618451888,1.65888668104069,0.827429670486564,0.000268968013660673,0.00917620034238266,-0.549568564767932,0.549568564767932
"ENSG00000136040","PLXNC1",774.645372021726,1.74979678179893,0.4802830194786,1.39669293278636,0.587753058471201,0.000269204771021707,0.00917620034238266,-0.353103849012564,0.353103849012564
"ENSG00000275395","FCGBP",883.629024573345,1.67814055109778,0.460963115506506,1.35878387299954,0.546287220150469,0.000272099182051165,0.00926255929138894,-0.31935667809824,0.31935667809824
"ENSG00000156966","B3GNT7",474.169151998376,1.6070470567553,0.441946116610718,1.30470758168396,0.524263020954445,0.000276586103426078,0.00934496190250777,-0.302339475071338,0.302339475071338
"ENSG00000155008","APOOL",971.371318353025,-0.728765581947816,0.200433285193209,-0.642225995584343,0.206484477782932,0.000276957094868529,0.00934496190250777,0.0865395863634737,0.0865395863634737
"ENSG00000254102","BHLHE22-AS1",28.3363095918178,2.24696581320675,0.617872541933734,1.76790321448568,0.768954496965458,0.000276242158702373,0.00934496190250777,-0.479062598721064,0.479062598721064
"ENSG00000107518","ATRNL1",575.864262082669,-1.66726464791215,0.458480332724895,-1.34476200170416,0.544754112857429,0.000276365496082301,0.00934496190250777,0.322502646207986,0.322502646207986
"ENSG00000281344","HELLPAR",1156.69008445966,2.50974095081237,0.690212347292918,1.7275027930676,1.10329077559248,0.000276703827391854,0.00934496190250777,-0.782238157744779,0.782238157744779
"ENSG00000224383","PRR29",844.243866319269,1.85832370911163,0.511099469383075,1.46116080328776,0.638725324386937,0.000276975727337576,0.00934496190250777,-0.397162905823864,0.397162905823864
"ENSG00000134762","DSC3",256.598803635515,2.90418988394055,0.798765641904329,1.92229786297707,1.36379844336908,0.000277068453960666,0.00934496190250777,-0.981892020963477,0.981892020963477
"ENSG00000288905","LSP1P5",20.661375758281,1.94692034007146,0.535711692843554,1.58770485070784,0.617499047926181,0.000278770011423911,0.00938459766865789,-0.359215489363615,0.359215489363615
"ENSG00000180818","HOXC10",1829.64043573371,-1.73238056636105,0.476748404286738,-1.42572971818564,0.558736449542244,0.000279340500208619,0.00938459766865789,0.306650848175414,0.306650848175414
"ENSG00000174498","IGDCC3",227.137688784362,2.72679239776161,0.75040722735819,2.00547126118852,1.05263234889858,0.000279331335492046,0.00938459766865789,-0.721321136573092,0.721321136573092
"ENSG00000230018","PPIAP39",38.2542009516504,2.93155480658417,0.807184779435358,2.1174850302946,1.18897730385765,0.000281422669605862,0.00944219040624008,-0.814069776289566,0.814069776289566
"ENSG00000245248","USP2-AS1",60.5220764349794,1.30142774776045,0.358614143466785,1.0909717924893,0.394584437508393,0.000284468939532658,0.00953193769058058,-0.210455955271154,0.210455955271154
"ENSG00000244122","UGT1A7",1065.18720121933,-3.46048826513989,0.953827753111759,-1.83097002681655,2.7743425846118,0.000285623896433157,0.00954571425748677,1.62951823832334,1.62951823832334
"ENSG00000256377","MRPS35-DT",38.5905247267768,1.27315750501203,0.350907099562737,1.07218952072708,0.379669939716664,0.000285415581149141,0.00954571425748677,-0.200967984284947,0.200967984284947
"ENSG00000231106","LINC01436",38.8936497191562,2.46427409223057,0.679486827327422,1.93203527636913,0.857346906710228,0.000287100481703569,0.00958258525862876,-0.532238815861439,0.532238815861439
"ENSG00000290525","GBP1P1",69.377417837992,1.39677824717855,0.385337078368046,1.16398834117543,0.428855859865378,0.000289160750669515,0.00962631515879954,-0.23278990600312,0.23278990600312
"ENSG00000136542","GALNT5",352.695903817204,2.79895093737756,0.772103006563729,1.89569051436139,1.2625769506279,0.000288849184489945,0.00962631515879954,-0.903260423016175,0.903260423016175
"ENSG00000185905","C16orf54",48.3874886528696,1.6996568228422,0.468977350907128,1.38529567991158,0.54364528458827,0.000289883294049708,0.00963786853416302,-0.314361142930625,0.314361142930625
"ENSG00000162493","PDPN",1076.45854846175,2.21867159298395,0.612248678750579,1.63369449819072,0.875657557111579,0.000290297260789319,0.00963914591549733,-0.58497709479323,0.58497709479323
"ENSG00000211597","IGKJ1",742.399270177038,1.4939164865663,0.412526460188009,1.22851671002779,0.47384428433111,0.000293031838567686,0.00971737493606822,-0.265399776538511,0.265399776538511
"ENSG00000241119","UGT1A9",1066.79679474193,-3.53144287237828,0.975303457806763,-1.88629042226539,2.75009018242429,0.000293618867110163,0.00972427801563427,1.64515245011289,1.64515245011289
"ENSG00000145632","PLK2",2592.17064643025,1.29005822782068,0.356699158695802,1.07286496966285,0.40001947986826,0.000298433246224579,0.0098709872820184,-0.217193258157831,0.217193258157831
"ENSG00000092850","TEKT2",140.947894019024,2.57483322505047,0.712174084062845,1.78640285019785,1.12909167008118,0.000299820763391481,0.00990411780433608,-0.788430374852612,0.788430374852612
"ENSG00000101084","RAB5IF",2630.08993086541,-1.02302016943932,0.283197590135178,-0.869674102928958,0.304844929274116,0.000303387706292945,0.0100090645982275,0.153346066510364,0.153346066510364
"ENSG00000259863","SH3RF3-AS1",59.4781880416957,1.72632176201555,0.478383511660906,1.3963520891925,0.562908413640898,0.000307786837271423,0.010063649365918,-0.32996967282305,0.32996967282305
"ENSG00000153404","PLEKHG4B",272.640575518331,2.38726047013955,0.661231973306795,1.70933496742436,0.98298237299924,0.000305816882704216,0.010063649365918,-0.677925502715192,0.677925502715192
"ENSG00000274864","ENSG00000274864",59.6233098365807,1.89970044048686,0.526420837040643,1.51422650669628,0.634830775947864,0.000307722684648403,0.010063649365918,-0.385473933790583,0.385473933790583
"ENSG00000102010","BMX",118.750682942753,1.80650714534279,0.500600623742661,1.44796167416297,0.602330924614573,0.000307759688490021,0.010063649365918,-0.35854547117982,0.35854547117982
"ENSG00000149403","GRIK4",75.2578639266366,2.28743529691175,0.633831247293167,1.73813087736711,0.854912833999473,0.000307494910426033,0.010063649365918,-0.549304419544638,0.549304419544638
"ENSG00000135643","KCNMB4",228.696344174724,1.83666249250692,0.508787631107459,1.45449768122741,0.627286028361216,0.000306338231139489,0.010063649365918,-0.38216481127951,0.38216481127951
"ENSG00000235609","ENSG00000235609",350.515369583492,-0.898087921515945,0.24885684041722,-0.77457157137162,0.262251955132296,0.000307553020124752,0.010063649365918,0.123516350144325,0.123516350144325
"ENSG00000289520","ENSG00000289520",61.8275285879552,1.28011554730875,0.354770132374823,1.07278552140358,0.388605475783206,0.000308215069534485,0.010064829757941,-0.207330025905178,0.207330025905178
"ENSG00000100628","ASB2",49.9698026930025,2.13396324386128,0.591567291907951,1.64737961374686,0.762682329971635,0.000309394716182691,0.0100905135708528,-0.486583630114414,0.486583630114414
"ENSG00000115085","ZAP70",529.943455884932,1.73410769145138,0.480854926245348,1.37662803002158,0.589906093767479,0.000310592619443299,0.01011339320671,-0.357479661429802,0.357479661429802
"ENSG00000133392","MYH11",6501.12864124618,2.27606094269132,0.631177110255681,1.73003102414927,0.842571660138102,0.000310884296571246,0.01011339320671,-0.546029918542048,0.546029918542048
"ENSG00000171115","GIMAP8",968.059180604416,1.79193416478677,0.497115811764657,1.41858969656351,0.61495192981105,0.000312560191651815,0.0101550410621862,-0.373344468223265,0.373344468223265
"ENSG00000180644","PRF1",266.3101849832,1.9731621266355,0.547843498196802,1.52332371804383,0.702674889695021,0.000316155947375939,0.0102588807854592,-0.449838408591668,0.449838408591668
"ENSG00000223534","HLA-DQB1-AS1",662.304485923846,1.28126457733619,0.355889864970773,1.08418444142584,0.395445957750538,0.000318007265374255,0.0103059248489407,-0.197080135910354,0.197080135910354
"ENSG00000178772","CPN2",970.043085345351,-3.19486378335256,0.888360517391125,-2.03042408708839,1.66862406803344,0.000322701755046258,0.0104190193905346,1.16443969626417,1.16443969626417
"ENSG00000174640","SLCO2A1",3399.24084665036,2.31920112037483,0.644876547955249,1.65175165381566,0.946179554311094,0.00032271478612518,0.0104190193905346,-0.667449466559165,0.667449466559165
"ENSG00000105929","ATP6V0A4",80.321019830788,2.979699794315,0.828392225454754,2.09193405744803,1.21939404930494,0.000321948867294828,0.0104190193905346,-0.887765736866971,0.887765736866971
"ENSG00000226871","ENSG00000226871",76.7985085472616,1.60927753484418,0.44774411071978,1.3093817621432,0.518722601852685,0.000325401959252227,0.0104925780001594,-0.299895772700984,0.299895772700984
"ENSG00000188011","RTP5",20.4429492854962,2.03521838006685,0.56640779516495,1.64590327096533,0.650698811098362,0.000326637491418435,0.0105060206669636,-0.389315109101526,0.389315109101526
"ENSG00000279686","ENSG00000279686",686.26799487991,1.64246070789229,0.457090679713292,1.31841998447799,0.5479968678621,0.000326525152508125,0.0105060206669636,-0.324040723414298,0.324040723414298
"ENSG00000289326","ENSG00000289326",47.8938873945946,-2.01201546741618,0.56028342560296,-1.57765932234935,0.69858136405339,0.000329326622928806,0.0105660330383921,0.434356145066832,0.434356145066832
"ENSG00000275832","ARHGAP23",1344.32411353972,1.36020519310841,0.378745181102999,1.12201737996445,0.431312167632264,0.000328973872133633,0.0105660330383921,-0.238187813143961,0.238187813143961
"ENSG00000120068","HOXB8",48.0700677615733,2.75305473551385,0.7671445737191,2.00101357998348,1.09843748957135,0.000332326004833883,0.0106356752694156,-0.752041155530371,0.752041155530371
"ENSG00000259399","TGIF2-RAB5IF",2428.16963545227,-1.00458394000388,0.279923856311526,-0.853278889525066,0.300843336834273,0.000332234496109289,0.0106356752694156,0.151305050478814,0.151305050478814
"ENSG00000134825","TMEM258",2490.20918096108,-0.772697566708295,0.215351800124981,-0.673706505286721,0.22357335333717,0.000333133476146876,0.0106438493978581,0.0989910614215738,0.0989910614215738
"ENSG00000203883","SOX18",1002.1843660677,1.59786163775411,0.445353017601202,1.27215954910367,0.527723642983732,0.0003334107965823,0.0106438493978581,-0.325702088650431,0.325702088650431
"ENSG00000131386","GALNT15",2099.20527898318,2.07725701020107,0.579249779460601,1.59578921448399,0.751332766673811,0.000335639463144982,0.0107016870814189,-0.481467795717079,0.481467795717079
"ENSG00000175318","GRAMD2A",180.382042552949,2.26352449062254,0.631542492992743,1.67242041107085,0.877808963027882,0.000338215730860347,0.0107704505756731,-0.591104079551694,0.591104079551694
"ENSG00000154783","FGD5",1136.0696849829,1.6526902078145,0.461332595299651,1.32392847381711,0.552138231904093,0.000340417150325129,0.0108271214341946,-0.328761733997395,0.328761733997395
"ENSG00000254042","SLIT3-AS2",238.467422674744,2.12253376466991,0.592668417966133,1.59577363508146,0.799387725879883,0.000341865927760416,0.0108597435245379,-0.526760129588449,0.526760129588449
"ENSG00000064886","CHI3L2",1127.63673207166,3.16317669266113,0.883361338125627,0.261084806719747,0.484450535122316,0.000342489746291538,0.010866111641613,-2.90209188594138,2.90209188594138
"ENSG00000118849","RARRES1",2800.3439996384,2.22958675765419,0.623006362958196,1.61049094140742,0.891297998976981,0.000345235719761439,0.0109210926938009,-0.619095816246775,0.619095816246775
"ENSG00000173706","HEG1",2880.54464843512,1.78946325008104,0.500025096145613,1.40362850373611,0.629783930355564,0.000345245648595257,0.0109210926938009,-0.38583474634493,0.38583474634493
"ENSG00000137463","MGARP",37.9913683560111,1.69199184654254,0.472814264062796,1.3734293998287,0.546035872604478,0.000345499172765275,0.0109210926938009,-0.318562446713833,0.318562446713833
"ENSG00000226530","ENSG00000226530",9.39927457828427,3.79756423965811,1.06157983243809,2.66026844718936,1.56441573865837,0.000347193295222511,0.0109476785116415,-1.13729579246875,1.13729579246875
"ENSG00000270087","ENSG00000270087",78.1077769973448,1.95640573912523,0.546873737024526,1.53797556000402,0.67492881805987,0.000346981273143482,0.0109476785116415,-0.418430179121217,0.418430179121217
"ENSG00000187510","PLEKHG7",31.0878907082455,2.28036739299247,0.637690037003131,1.75087046849952,0.823964802497289,0.000348917126404754,0.0109885348262955,-0.529496924492953,0.529496924492953
"ENSG00000165995","CACNB2",292.348474364669,1.15930741532903,0.324302687502577,0.971818007775604,0.356004797410485,0.000350536334075908,0.0110260001062823,-0.187489407553425,0.187489407553425
"ENSG00000136014","USP44",35.1019621023663,2.89276891140533,0.809531589083783,2.01245774248277,1.22721182112411,0.00035239459234371,0.0110708837229939,-0.880311168922563,0.880311168922563
"ENSG00000019505","SYT13",778.345645052601,-2.97746712392812,0.833493985127194,-0.304350851160283,0.562717746155305,0.000353897721053374,0.0110912442287982,2.67311627276784,2.67311627276784
"ENSG00000161944","ASGR2",3780.03723301155,-2.94902768779007,0.825534396194242,-1.74048864838628,1.83475098976193,0.000353906924197832,0.0110912442287982,1.2085390394038,1.2085390394038
"ENSG00000179902","CFAP276",54.573981718979,2.66337389868802,0.745929531859619,1.89462152323682,1.11676877017949,0.000356241180099892,0.0111507833775902,-0.768752375451197,0.768752375451197
"ENSG00000165704","HPRT1",1594.48129110703,-0.951529969803983,0.266602888062233,-0.813302203113305,0.284136757904253,0.000358221983506184,0.0111991274672999,0.138227766690678,0.138227766690678
"ENSG00000163406","SLC15A2",417.419503888179,1.51116741743548,0.423547048329599,1.22252653894059,0.497436761590831,0.000359873544282443,0.0112370733103376,-0.288640878494882,0.288640878494882
"ENSG00000211592","IGKC",12282.0898817285,1.41087822750916,0.395571374286888,1.15479217690247,0.452398373135569,0.00036152651965288,0.0112749710570237,-0.256086050606688,0.256086050606688
"ENSG00000154133","ROBO4",1198.67865162265,1.88260709478818,0.527916839049642,1.46936077203906,0.662317289064889,0.000362325686025052,0.0112861812902973,-0.41324632274912,0.41324632274912
"ENSG00000281903","ASMER1",71.2823491232916,-1.13407637308254,0.318052544956317,-0.953178170039865,0.34381421013319,0.000362901901904564,0.0112904280196175,0.180898203042673,0.180898203042673
"ENSG00000133110","POSTN",7056.82895138416,2.76626112324131,0.776843727259115,1.56684959836642,1.68969807427627,0.00036958891863611,0.0114845505746163,-1.19941152487489,1.19941152487489
"ENSG00000284585","MIR4722",21.8240029486841,1.43296921904423,0.402538023918182,1.19153299247554,0.439627543103513,0.000371086921681752,0.0115171560082292,-0.24143622656869,0.24143622656869
"ENSG00000147443","DOK2",391.435456570789,2.12659874377659,0.597469835173511,1.57537848203081,0.82222081116577,0.00037178686438849,0.011524943778091,-0.551220261745772,0.551220261745772
"ENSG00000144230","GPR17",261.837742342993,2.18910177100177,0.61511055402603,1.61749091481135,0.860529435806025,0.000372446271821982,0.0115314577308261,-0.571610856190411,0.571610856190411
"ENSG00000260466","ENSG00000260466",225.104979771384,-1.38923821229853,0.3904605586099,-1.1354016857794,0.445270078801662,0.000373763831817435,0.0115583087605519,0.253836526519124,0.253836526519124
"ENSG00000290599","ENSG00000290599",100.575205535578,2.97021339786738,0.835540887126636,2.14815946521866,1.25309281325781,0.000378210489833871,0.0116730412149546,-0.822053932648716,0.822053932648716
"ENSG00000171766","GATM",2394.48665528194,-2.17785519312164,0.612665956781733,-1.63772001930789,0.814858731289118,0.000378383538818023,0.0116730412149546,0.540135173813751,0.540135173813751
"ENSG00000108622","ICAM2",838.421893942307,1.75955780360805,0.495079216103251,1.37498080428957,0.613835735761965,0.000379284404128275,0.0116738467628266,-0.384576999318471,0.384576999318471
"ENSG00000274892","ENSG00000274892",13.6290600805193,2.22993252139543,0.627430798686176,1.77465121789649,0.742048197304134,0.000379319289367569,0.0116738467628266,-0.455281303498939,0.455281303498939
"ENSG00000112309","B3GAT2",1133.91227845052,-0.710184178992887,0.199924938279809,-0.622910705402573,0.205800738495361,0.00038194584616541,0.0117265598487172,0.0872734735903139,0.0872734735903139
"ENSG00000133935","ERG28",1575.65141544983,-0.83191418875455,0.234193092612957,-0.718243618527267,0.245366693923634,0.000381940772693295,0.0117265598487172,0.113670570227282,0.113670570227282
"ENSG00000166839","ANKDD1A",478.491597260009,0.595859842091608,0.167759986579721,0.530084683257403,0.169945784852506,0.000382519573716866,0.0117301432480177,-0.065775158834205,0.065775158834205
"ENSG00000166501","PRKCB",329.839546616817,2.17465887128082,0.612493037617684,1.58840816189977,0.852136774040291,0.000384494552275063,0.01177663684158,-0.586250709381045,0.586250709381045
"ENSG00000022267","FHL1",3553.76883890988,1.96491133900441,0.55384508951923,1.52377958444953,0.698890030200315,0.000388517054651449,0.0118856582142297,-0.441131754554875,0.441131754554875
"ENSG00000087299","L2HGDH",635.542852607908,-0.816187419340259,0.230325489439264,-0.706995058241559,0.240722000366034,0.000394664501062012,0.0120593497009032,0.1091923610987,0.1091923610987
"ENSG00000160472","TMEM190",107.994432517813,2.50964600702573,0.708317057185782,1.82145830187172,1.01003638741258,0.000395436116424221,0.01206855981006,-0.68818770515401,0.68818770515401
"ENSG00000103888","CEMIP",1909.58760014184,2.30389717793427,0.650446058204847,1.58712291750187,1.02889073928462,0.000397065575214534,0.0121038980036003,-0.716774260432401,0.716774260432401
"ENSG00000177494","ZBED2",22.226387697686,2.9571539851643,0.835381888381998,2.0938466375378,1.21786537995098,0.000400304747030756,0.0121881636323113,-0.863307347626508,0.863307347626508
"ENSG00000173200","PARP15",179.27264990645,1.75587441775868,0.496304781898503,1.37830526448136,0.610472957599869,0.000403329762388777,0.0122512011967251,-0.377569153277324,0.377569153277324
"ENSG00000263586","HID1-AS1",25.1343989911562,1.4899845837687,0.421147348265535,1.22937994898367,0.464641210123446,0.000403296009079582,0.0122512011967251,-0.260604634785028,0.260604634785028
"ENSG00000175426","PCSK1",8729.72529063229,2.2611909438322,0.63943046379028,1.60486161041362,0.931306745867985,0.000405838495120846,0.0123128329246652,-0.656329333418589,0.656329333418589
"ENSG00000196159","FAT4",735.565264550348,2.07876398351144,0.587958946278405,1.58152805935215,0.764600074301295,0.000406912216373984,0.0123308333620673,-0.497235924159285,0.497235924159285
"ENSG00000109846","CRYAB",1507.12143815972,1.7747785839563,0.502375008453142,1.37327320952564,0.639387509754626,0.000411220082218884,0.0124466814272548,-0.401505374430657,0.401505374430657
"ENSG00000117154","IGSF21",152.297942859072,2.16774568933722,0.614020992829002,1.59519384695031,0.849096691509395,0.000414916569371821,0.0125256887000928,-0.572551842386916,0.572551842386916
"ENSG00000183378","OVCH2",17.8572965074971,3.88821608582879,1.10142493134172,0.185270824957364,0.391810761926261,0.00041529438905127,0.0125256887000928,-3.70294526087143,3.70294526087143
"ENSG00000087253","LPCAT2",656.881825351166,1.50094854070526,0.42513276520046,1.20807823118581,0.497220972789332,0.000414711167977233,0.0125256887000928,-0.292870309519446,0.292870309519446
"ENSG00000173421","IHO1",25.1794765758948,1.79537950676555,0.508714962825993,1.44183476427979,0.591340011349946,0.000416747837060802,0.0125400547876197,-0.35354474248576,0.35354474248576
"ENSG00000106278","PTPRZ1",55.5992123778116,2.23391386758787,0.632936433518074,1.6488116832808,0.87040983612556,0.000416433404659787,0.0125400547876197,-0.58510218430707,0.58510218430707
"ENSG00000279805","ENSG00000279805",27.0593139174912,2.1813362803998,0.618412282483132,1.71272088353608,0.753019320435054,0.000419793521456235,0.0126169090342122,-0.468615396863713,0.468615396863713
"ENSG00000237541","HLA-DQA2",79.392597722656,1.7876929969433,0.506943549914564,1.424956959943,0.601061125747809,0.000421227424820883,0.0126451980267574,-0.362736037000299,0.362736037000299
"ENSG00000180822","PSMG4",1529.80610105334,-0.831247006125758,0.23575926007641,-0.716225377634914,0.247181102456244,0.000422158307066244,0.0126505240869638,0.115021628490845,0.115021628490845
"ENSG00000105492","SIGLEC6",66.5992910077342,2.60162094191969,0.737905301774215,1.79711663108598,1.13100998446875,0.000422390584896091,0.0126505240869638,-0.804504310833712,0.804504310833712
"ENSG00000211890","IGHA2",1965.59748390178,2.05110531885209,0.582101181769907,1.51570021526096,0.802291363335286,0.000425688895448839,0.0127339651279069,-0.535405103591137,0.535405103591137
"ENSG00000267648","ENSG00000267648",38.82236783542,1.74259959811552,0.494589551057002,1.38666130441306,0.584528515235747,0.000426168856698173,0.0127339651279069,-0.355938293702456,0.355938293702456
"ENSG00000188522","FAM83G",949.958109079596,-0.972029002623526,0.275957184306142,-0.822267211711206,0.295835709788335,0.000427673452009226,0.0127492386675038,0.149761790912321,0.149761790912321
"ENSG00000225950","NTF4",38.6535013196589,2.05248261715833,0.582667097405354,1.60632571848497,0.711430257349827,0.000427392518464005,0.0127492386675038,-0.446156898673361,0.446156898673361
"ENSG00000165186","PTCHD1",12.5655215164268,3.04611675522936,0.865344503047689,2.30821097558135,1.07867725791741,0.000431351100131479,0.0128439543933581,-0.737905779648004,0.737905779648004
"ENSG00000198626","RYR2",236.078348156794,2.6324957124098,0.748261187639732,1.61888166161698,1.50079828116905,0.000434565301121119,0.0129246669569824,-1.01361405079282,1.01361405079282
"ENSG00000162631","NTNG1",93.077749729023,2.92726938217459,0.832543596235414,1.80827338249961,1.47075095638498,0.00043800962731709,0.0130120290559581,-1.11899599967498,1.11899599967498
"ENSG00000288075","ENSG00000288075",204.164238304661,1.21998644313534,0.34702539544189,1.00738295915694,0.385243906439244,0.000438837858145376,0.0130215622023322,-0.212603483978402,0.212603483978402
"ENSG00000143222","UFC1",3101.52321052001,-0.708281255849346,0.201586309187969,-0.61906076949844,0.207708691857244,0.000442180349641933,0.0131055924183135,0.089220486350906,0.089220486350906
"ENSG00000150873","C2orf50",74.2635793858195,1.56480649830577,0.445720435846227,1.26490421889972,0.511929080410617,0.000446869013392889,0.0132281267124755,-0.299902279406055,0.299902279406055
"ENSG00000249751","ECSCR",704.646016099578,1.63114168347604,0.464658863541833,1.28671655188896,0.564332098199807,0.000447421445255121,0.0132281267124755,-0.344425131587084,0.344425131587084
"ENSG00000258561","ENSG00000258561",18.7764244479527,-1.78692305747161,0.509073717237155,-1.45133561525689,0.573385333564494,0.000447860759463172,0.0132281267124755,0.335587442214717,0.335587442214717
"ENSG00000122188","LAX1",46.8539869064122,2.18862778151215,0.623786203050461,1.63741559753524,0.824108128730774,0.000450440602943954,0.0132890332824856,-0.551212183976908,0.551212183976908
"ENSG00000254418","SPON1-AS1",180.53170024032,2.11056409605141,0.601674379018592,1.58847225057115,0.789554430681248,0.000451798365130533,0.0133137871846216,-0.522091845480264,0.522091845480264
"ENSG00000066813","ACSM2B",510.285449031689,-3.79860994744847,1.08307311263837,-0.123940894289631,0.341931057876778,0.000452760778978102,0.0133268473784759,3.67466905315884,3.67466905315884
"ENSG00000284108","MIR611",1025.06384857608,-0.761994327865583,0.217329890675612,-0.660658063591921,0.225657727224599,0.000454614314052043,0.013361056081815,0.101336264273662,0.101336264273662
"ENSG00000156413","FUT6",154.521530604505,-2.46806924238071,0.703963948501838,-1.69352520116919,1.08451520285043,0.000454964078992726,0.013361056081815,0.774544041211521,0.774544041211521
"ENSG00000145990","GFOD1",1010.42769017394,1.20449124688258,0.343992371261471,0.985762921321887,0.385264762063272,0.000462637084266506,0.0135244943529253,-0.218728325560692,0.218728325560692
"ENSG00000276771","ENSG00000276771",84.8825305776842,1.91687778110183,0.547376961802422,1.46473320907792,0.70295057110934,0.0004618946944862,0.0135244943529253,-0.452144572023907,0.452144572023907
"ENSG00000233429","HOTAIRM1",317.133127125846,1.82688546930001,0.521724432743569,1.40325539442596,0.664987910197935,0.000462422830776232,0.0135244943529253,-0.423630074874048,0.423630074874048
"ENSG00000185808","PIGP",542.881427735141,-0.752357410079909,0.214851807736903,-0.653373223501309,0.222575579448378,0.000462212359662778,0.0135244943529253,0.0989841865785995,0.0989841865785995
"ENSG00000165633","VSTM4",681.84610207179,1.59229427313464,0.454851512686149,1.25725434905322,0.551566154274809,0.000464054806884302,0.0135505059480084,-0.335039924081421,0.335039924081421
"ENSG00000172935","MRGPRF",433.954757984728,1.77432648754983,0.506935307270321,1.36354679502489,0.646675973835915,0.000465076016313761,0.0135648933076424,-0.410779692524939,0.410779692524939
"ENSG00000284685","ENSG00000284685",55.9330671638436,1.61827149932629,0.462459837376521,1.29676974121575,0.53574815251077,0.000466535174385621,0.0135920071747511,-0.321501758110539,0.321501758110539
"ENSG00000086548","CEACAM6",3765.26497154582,3.41014901783235,0.974805441082845,0.167307975421434,0.371637165036471,0.000468257280015228,0.0136267115715996,-3.24284104241091,3.24284104241091
"ENSG00000172037","LAMB2",9761.66022749188,0.978838621695271,0.279920491962851,0.826728922422326,0.301160126853872,0.000470794983579527,0.013685045122917,-0.152109699272945,0.152109699272945
"ENSG00000152086","TUBA3E",109.704278575293,-2.1725960904276,0.621474473750185,-1.72148652635253,0.73669173418299,0.000472512800951845,0.013712692706318,0.451109564075072,0.451109564075072
"ENSG00000071205","ARHGAP10",768.299734511053,1.53533051093037,0.439205076987917,1.21978660014038,0.524571501405569,0.000472814627540866,0.013712692706318,-0.315543910789994,0.315543910789994
"ENSG00000269353","ENSG00000269353",13.9404527896535,3.00923567642785,0.861419014970602,2.34855336023481,1.14542269556659,0.000477005936807905,0.0138041395914815,-0.660682316193043,0.660682316193043
"ENSG00000248099","INSL3",15.7023720629477,3.29118062015073,0.9421337746382,2.18091722256737,1.53196370801128,0.000477043355968523,0.0138041395914815,-1.11026339758335,1.11026339758335
"ENSG00000177303","CASKIN2",2169.98353899674,1.21095249809963,0.346756997636775,0.998533680802993,0.387072769329979,0.000479019515226488,0.0138457138483314,-0.212418817296637,0.212418817296637
"ENSG00000239402","CYP4F62P",43.2719391327765,3.24523622995498,0.92991608007524,2.3140538675032,1.50938118725345,0.000483352805456446,0.0139552491087183,-0.931182362451776,0.931182362451776
"ENSG00000053254","FOXN3",2127.11684472359,0.825805340646644,0.236662675386756,0.709837834924083,0.248134140143672,0.000484147470199217,0.0139624866489925,-0.115967505722561,0.115967505722561
"ENSG00000110195","FOLR1",244.959079627213,2.5261199666677,0.724079987160619,1.7215630031428,1.17130741166716,0.000485320110015703,0.0139805962556375,-0.804556963524896,0.804556963524896
"ENSG00000211892","IGHG4",6472.61188736882,1.034693388628,0.296622938670928,0.866129414785902,0.321228283128384,0.000486202921460518,0.0139858747051845,-0.168563973842102,0.168563973842102
"ENSG00000258407","ENSG00000258407",41.3285823036273,1.93771424717733,0.555532533728477,1.51163451669625,0.678440514192603,0.000486593139507141,0.0139858747051845,-0.426079730481082,0.426079730481082
"ENSG00000267745","ENSG00000267745",59.7413467261239,1.73335056091651,0.49721668714499,1.3636434433083,0.600927212120035,0.000490104974313878,0.0140710563486737,-0.369707117608205,0.369707117608205
"ENSG00000204922","UQCC3",1241.06104358611,-1.01097964781388,0.290101058666517,-0.844306441141029,0.313737908934692,0.000492279974652745,0.0141093844213205,0.166673206672848,0.166673206672848
"ENSG00000167261","DPEP2",179.716799427526,1.73276994288223,0.497239218294336,1.34380189201427,0.6166327504024,0.000492539386819774,0.0141093844213205,-0.388968050867958,0.388968050867958
"ENSG00000106153","CHCHD2",9347.02558471068,-0.742859276511027,0.213320442688454,-0.644118862587704,0.221109620067731,0.000497008941261461,0.0142058391156692,0.0987404139233231,0.0987404139233231
"ENSG00000187908","DMBT1",414.411975098083,2.04798818552183,0.588103377136523,1.52596493195817,0.788209585197422,0.000497013422911558,0.0142058391156692,-0.522023253563658,0.522023253563658
"ENSG00000289106","ENSG00000289106",194.260669454016,-1.03833181152465,0.298341857409393,-0.868299782668627,0.322857184872114,0.000500773375703049,0.0142815002601891,0.17003202885602,0.17003202885602
"ENSG00000218336","TENM3",148.388419995352,2.36136421133184,0.678462644031325,1.61583827460201,1.07720016801869,0.000500547729735535,0.0142815002601891,-0.745525936729839,0.745525936729839
"ENSG00000273433","ENSG00000273433",117.757241977836,1.51085344447678,0.434174178813791,1.2092905688948,0.508980644846379,0.000501727243836391,0.0142928226054924,-0.301562875581975,0.301562875581975
"ENSG00000261143","ADAMTS7P3",380.787848013851,3.36034078247197,0.965885972545359,0.188326423565503,0.39306564129831,0.000503242926521661,0.0143042482779972,-3.17201435890647,3.17201435890647
"ENSG00000290418","TPTEP1",426.226173746082,2.15946329890631,0.620700775315576,1.55327679931703,0.875853467794343,0.000503151534254764,0.0143042482779972,-0.606186499589279,0.606186499589279
"ENSG00000179344","HLA-DQB1",2181.7018813383,1.2403448636267,0.356643826717537,1.01619970167665,0.400833895257795,0.000505499584007183,0.014352497591496,-0.224145161950043,0.224145161950043
"ENSG00000230623","ENSG00000230623",45.1494133791184,-2.70081231917762,0.777164729371082,-1.81183707119731,1.23762998751707,0.00051044946545713,0.0144610446246006,0.888975247980309,0.888975247980309
"ENSG00000269275","ENSG00000269275",86.7873984549079,2.58178441556274,0.742867540702776,1.77363295997846,1.15077056016287,0.000510034370255395,0.0144610446246006,-0.808151455584288,0.808151455584288
"ENSG00000211689","TRGC1",39.5641202981806,2.29524461923928,0.660707744828097,1.69537593309603,0.880054345441227,0.000512917492544885,0.0145149429781142,-0.599868686143249,0.599868686143249
"ENSG00000171951","SCG2",285.832135524799,2.67903188497307,0.77131833446356,1.6218569925214,1.50162847393833,0.000514070771899307,0.0145315578219598,-1.05717489245167,1.05717489245167
"ENSG00000145506","NKD2",1347.99560524193,2.62647973638755,0.756801826697537,1.57555924520173,1.55388367848003,0.000519492907125035,0.014668673759272,-1.05092049118582,1.05092049118582
"ENSG00000164484","TMEM200A",413.733404073731,1.61106122628891,0.464316428585681,1.26230349722209,0.568333464980328,0.000520945937297577,0.0146774087515004,-0.348757729066822,0.348757729066822
"ENSG00000186081","KRT5",134.908071284264,3.5753292126708,1.03039308181249,0.189557959870037,0.392256831014316,0.000520711887558175,0.0146774087515004,-3.38577125280076,3.38577125280076
"ENSG00000118946","PCDH17",1277.18060827245,1.77641258361895,0.512134350515958,1.37883882221424,0.632528579797723,0.000523088909857621,0.0147216261505653,-0.397573761404709,0.397573761404709
"ENSG00000181036","FCRL6",38.3422406280958,1.83954006669587,0.53060277592725,1.42721728358595,0.651641971265817,0.000526522445594885,0.0148020280515705,-0.412322783109918,0.412322783109918
"ENSG00000166840","GLYATL1",285.028342276103,-1.96872920081485,0.568177494431712,-1.49147291725089,0.732998846566835,0.000530251666422091,0.014890557463956,0.477256283563953,0.477256283563953
"ENSG00000171357","LURAP1",125.946111650782,1.52951128248756,0.44146204306855,1.21233181751044,0.523637057499147,0.000530922789467444,0.014893109548919,-0.317179464977124,0.317179464977124
"ENSG00000211651","IGLV1-44",128.95033670353,1.53830540629645,0.444081659292738,1.23493124342567,0.515905997842709,0.000532177381332688,0.0149120052911202,-0.30337416287078,0.30337416287078
"ENSG00000137266","SLC22A23",2255.05360258693,-0.978583752868034,0.282634463409284,-0.822689294394021,0.303970024789345,0.000535449903856589,0.0149873420744679,0.155894458474013,0.155894458474013
"ENSG00000133401","PDZD2",710.598919845808,1.41440767887448,0.40865203879696,1.131377242865,0.478304737111084,0.000537864834315639,0.0150385367128317,-0.283030436009481,0.283030436009481
"ENSG00000290531","TSPAN11-AS1",26.8204764151344,1.72216449451673,0.49771024140523,1.37276957763275,0.57906212232219,0.000539824598010337,0.0150769074615139,-0.349394916883982,0.349394916883982
"ENSG00000181847","TIGIT",49.1917183183316,2.06223632480649,0.596209407398311,1.54238723945218,0.778379362097225,0.000542360551804457,0.0151312698730054,-0.519849085354309,0.519849085354309
"ENSG00000291025","ENSG00000291025",16.1978540032,2.89908866129893,0.838500272572326,2.10987675927936,1.15731678106856,0.000545275063697471,0.0151960641258664,-0.78921190201957,0.78921190201957
"ENSG00000161649","CD300LG",130.141163771082,3.02616048274737,0.87544745085061,1.94200011424775,1.47126896559318,0.000546830288583958,0.0152228774588769,-1.08416036849962,1.08416036849962
"ENSG00000226051","ZNF503-AS1",34.2570177885658,2.21701651849881,0.641493572815345,1.68278192419744,0.817567701084069,0.000548208615792018,0.0152447134794515,-0.534234594301365,0.534234594301365
"ENSG00000148483","TMEM236",37.4792572324021,2.14714422216969,0.621485010134825,1.58981100427075,0.835950645021314,0.000550576926107642,0.0152940021238148,-0.557333217898941,0.557333217898941
"ENSG00000143164","DCAF6",4832.7088520139,-0.986750641411826,0.285692345809262,-0.824684467787196,0.308632739297206,0.000552557650919757,0.0153324294336837,0.162066173624631,0.162066173624631
"ENSG00000138316","ADAMTS14",281.674592418597,2.00660261975954,0.581549742924564,1.49994686509068,0.762171951532726,0.000559673114368521,0.0155130991646834,-0.506655754668857,0.506655754668857
"ENSG00000284543","LINC01226",479.575860298288,1.42465546453732,0.412935205436248,1.12729164145993,0.487344370699172,0.000560440707446716,0.0155176177325079,-0.29736382307739,0.29736382307739
"ENSG00000287156","ENSG00000287156",101.390997347766,2.69012965616333,0.780016699003398,1.32461486548138,2.28231836035602,0.000563062035072449,0.0155708484519423,-1.36551479068195,1.36551479068195
"ENSG00000142408","CACNG8",22.9462440235277,1.78996344722952,0.519046072348678,1.41298138807332,0.610828250863829,0.000563576507260468,0.0155708484519423,-0.376982059156197,0.376982059156197
"ENSG00000006468","ETV1",452.846090736354,1.73336136867458,0.502810421073877,1.33339200236855,0.629016240174518,0.000566123574212687,0.0156244019132441,-0.399969366306033,0.399969366306033
"ENSG00000185842","DNAH14",670.547055875928,-1.07452489837434,0.311834169293967,-0.888965607874899,0.341388172049866,0.000569326198535857,0.015641278374538,0.185559290499439,0.185559290499439
"ENSG00000261379","ENSG00000261379",152.641626919144,-1.74458739088075,0.506225782100227,-1.40632148546813,0.597448213870128,0.000568396023813467,0.015641278374538,0.338265905412616,0.338265905412616
"ENSG00000164330","EBF1",383.638299621741,2.29402337170696,0.665804873315972,1.52573318688128,1.05601286638459,0.00057002715252394,0.015641278374538,-0.768290184825687,0.768290184825687
"ENSG00000123243","ITIH5",490.977931376545,2.26624806536826,0.657776481749903,1.47329786843857,1.09746389851781,0.000570391419276408,0.015641278374538,-0.792950196929695,0.792950196929695
"ENSG00000261416","CORO1A-AS1",179.521441416097,1.64546269960609,0.477575665541795,1.27238882287512,0.590194994744764,0.000570111094011981,0.015641278374538,-0.373073876730971,0.373073876730971
"ENSG00000142168","SOD1",8312.37877718925,-1.17883329822149,0.34212724889993,-0.9633505661095,0.382658660606738,0.000569795260787702,0.015641278374538,0.215482732111991,0.215482732111991
"ENSG00000211638","IGLV8-61",18.8798068286249,2.01359253482012,0.584589168819596,1.58875223018829,0.684360877479102,0.000572206629428201,0.0156743090261832,-0.424840304631822,0.424840304631822
"ENSG00000233251","ENSG00000233251",142.91155235637,2.74831196033747,0.798395827463055,1.36840882500138,2.4860495960634,0.000576806214664823,0.0157681592839617,-1.37990313533609,1.37990313533609
"ENSG00000149300","C11orf52",408.176601455668,-0.969041798400093,0.281512708860492,-0.8120049845477,0.30253618629142,0.000576861400539216,0.0157681592839617,0.157036813852393,0.157036813852393
"ENSG00000142910","TINAGL1",3736.11677964756,1.56038306170155,0.453502466502675,1.207351325784,0.555755773157083,0.000580130490685563,0.015828626251999,-0.353031735917546,0.353031735917546
"ENSG00000291173","CASP4LP",106.625677100462,1.72005978778932,0.499922120658914,1.32880962703299,0.618757060905351,0.000580306903928433,0.015828626251999,-0.391250160756325,0.391250160756325
"ENSG00000065413","ANKRD44",606.900448891193,1.25940105222782,0.366146795841444,1.01797956154519,0.416506617069962,0.000582559626068112,0.0158489084853475,-0.241421490682632,0.241421490682632
"ENSG00000131018","SYNE1",2982.40758371134,1.46002048206543,0.424489681442128,1.14044876440503,0.502498742960449,0.000582849522678099,0.0158489084853475,-0.319571717660396,0.319571717660396
"ENSG00000172663","TMEM134",1855.73664228608,-0.80894610779957,0.235196530604661,-0.690554795168708,0.246485978369103,0.000582902934124286,0.0158489084853475,0.118391312630862,0.118391312630862
"ENSG00000289721","PYDC5",39.4996267996661,1.90416746749548,0.553724770153874,1.46642570404722,0.685209718795614,0.000584225741935352,0.0158680657336028,-0.437741763448258,0.437741763448258
"ENSG00000073282","TP63",50.0657294029892,2.57002061677489,0.747767863609816,1.69949744619257,1.22110149779495,0.000588362702896069,0.0159635364643059,-0.870523170582322,0.870523170582322
"ENSG00000138207","RBP4",16529.2443196799,-2.9700106942497,0.865094308721306,-0.212831985355244,0.412790109263967,0.000596580979703187,0.0161694234488297,2.75717870889446,2.75717870889446
"ENSG00000007237","GAS7",1294.72645949098,1.56572206511264,0.456205800181153,1.2230700953481,0.552763297343591,0.000599032512459511,0.0162187420857577,-0.342651969764534,0.342651969764534
"ENSG00000275871","LNPPS",13.077034104569,2.44484646754323,0.712866406443676,1.83159559935419,0.913107116512536,0.000604472143574351,0.0163487739822159,-0.61325086818904,0.61325086818904
"ENSG00000166823","MESP1",261.281069247521,-1.06772984280199,0.311389064929889,-0.884729899304696,0.338669525935144,0.000605976287466148,0.0163722035477828,0.182999943497297,0.182999943497297
"ENSG00000181192","DHTKD1",2164.32793106838,-0.897245127589037,0.261765439769816,-0.756934448084322,0.278642100094371,0.000608788576222853,0.0164308899957013,0.140310679504715,0.140310679504715
"ENSG00000232124","ENSG00000232124",24.1093875442999,-2.19092471416208,0.639282754774139,-1.68146479339572,0.782802448607378,0.000609928070462066,0.0164443527148633,0.509459920766358,0.509459920766358
"ENSG00000230749","MEIS1-AS2",99.3612818064119,2.13828710138154,0.623992611965657,1.52581553622966,0.885202435642363,0.000610777574667783,0.016449976924447,-0.61247156515188,0.61247156515188
"ENSG00000255122","ENSG00000255122",16.973414065986,2.13731343370088,0.624471375660881,1.64374730449289,0.767940346847213,0.000620261172158212,0.0166878862744076,-0.49356612920799,0.49356612920799
"ENSG00000161681","SHANK1",63.4171988299918,1.53956569678209,0.449927149774512,1.2168149308234,0.529130816334049,0.000622055246288417,0.0167186303732825,-0.322750765958694,0.322750765958694
"ENSG00000186529","CYP4F3",785.541775415002,-2.77200975632091,0.810587695395235,-1.57861074428426,1.95057833302103,0.000626780031905149,0.0168279948524157,1.19339901203664,1.19339901203664
"ENSG00000184497","TMEM255B",856.386476447778,1.28646416203832,0.376477659698023,1.0354144426345,0.430233194521032,0.000632905747504419,0.0169623143037388,-0.251049719403824,0.251049719403824
"ENSG00000184185","KCNJ12",98.4348791870256,2.30891940701435,0.675711272652078,1.59064386214939,1.00634286995007,0.000633104652003809,0.0169623143037388,-0.718275544864967,0.718275544864967
"ENSG00000174950","CD164L2",108.787622806469,3.80197432652104,1.11284932844211,0.122537317553707,0.33927304974752,0.00063447450962078,0.0169698983659035,-3.67943700896734,3.67943700896734
"ENSG00000174807","CD248",883.708078775251,2.07735261085525,0.608065347861168,1.44113929120026,0.917870741368555,0.000634710033555436,0.0169698983659035,-0.63621331965499,0.63621331965499
"ENSG00000068001","HYAL2",3286.21913469353,1.00769099403698,0.295107813776933,0.832376270022431,0.320610833775821,0.000638631458688017,0.0170569757025446,-0.175314724014547,0.175314724014547
"ENSG00000130032","PRRG3",29.3639982424085,2.83609621986461,0.832089716908636,1.91073163730753,1.28073334062988,0.000653445619702252,0.0174163953488034,-0.925364582557086,0.925364582557086
"ENSG00000259347","SMAD3-DT",108.642406446271,-2.51022230795005,0.736452024143608,-1.72682892575039,1.09623624411082,0.000653127686378603,0.0174163953488034,0.783393382199663,0.783393382199663
"ENSG00000049089","COL9A2",1147.7846163148,1.48616900369829,0.436174190998881,1.16779446651619,0.519780863813394,0.000656130043656825,0.0174447709642,-0.318374537182097,0.318374537182097
"ENSG00000182168","UNC5C",629.798273336964,1.46560510033296,0.430160918152997,1.15990836267869,0.513415157757733,0.000656549216948501,0.0174447709642,-0.305696737654266,0.305696737654266
"ENSG00000109099","PMP22",4732.85907404794,1.10588151784995,0.324528365025082,0.909110611073668,0.358533376716036,0.000655230815118617,0.0174447709642,-0.196770906776286,0.196770906776286
"ENSG00000185070","FLRT2",469.318064130985,2.11897574669762,0.622004018491837,1.42864617054674,0.953668293691054,0.000657554257548232,0.0174534075785837,-0.690329576150871,0.690329576150871
"ENSG00000134504","KCTD1",978.305751274837,-0.966663423352276,0.283785520523017,-0.805958589328038,0.306010336221273,0.000658456933665394,0.0174593121037083,0.160704834024238,0.160704834024238
"ENSG00000135052","GOLM1",5538.10236195291,-1.31627555798053,0.386521436717255,-1.04235221596196,0.448956972279589,0.000660575296602231,0.0174974057150562,0.27392334201857,0.27392334201857
"ENSG00000265190","ANXA8",87.7548094267638,2.13582875564722,0.627358359924592,1.56228139434359,0.845037179584321,0.000662902448220786,0.0175409455035906,-0.573547361303638,0.573547361303638
"ENSG00000132000","PODNL1",256.158132406073,1.90704557779698,0.560518680924714,1.38247145832681,0.766507798077125,0.000668243539495938,0.0176640648076645,-0.524574119470164,0.524574119470164
"ENSG00000142621","FHAD1",166.692070144231,1.31933051760648,0.388075922435374,1.05651255583998,0.445072518425549,0.000674669414529117,0.0178155759904515,-0.262817961766507,0.262817961766507
"ENSG00000113319","RASGRF2",329.443606738802,1.67499897487321,0.492744936591547,1.27244975801449,0.625152628357322,0.00067552998659492,0.017819967282561,-0.402549216858719,0.402549216858719
"ENSG00000276409","CCL14",1742.189105517,2.33110234812716,0.685951737640345,1.4073034660108,1.22995999619315,0.000677942564819268,0.0178652482661357,-0.923798882116362,0.923798882116362
"ENSG00000165379","LRFN5",22.8165364652401,3.48856845228755,1.02680865527136,0.206616090460667,0.411038720212062,0.000680079657221101,0.0178848407396455,-3.28195236182688,3.28195236182688
"ENSG00000105369","CD79A",62.872409294731,1.66301686804623,0.48945603306947,1.29146109542957,0.591484844301436,0.00067958902252093,0.0178848407396455,-0.371555772616663,0.371555772616663
"ENSG00000133561","GIMAP6",779.783823595048,1.76028002149345,0.518229032848959,1.33304669482489,0.652156989107744,0.000681981820662996,0.0179165070531803,-0.427233326668558,0.427233326668558
"ENSG00000164929","BAALC",320.787120356171,2.05408048599442,0.605048362093032,1.42523500399511,0.883126379561591,0.000686529248280028,0.018017531917795,-0.628845481999311,0.628845481999311
"ENSG00000132965","ALOX5AP",848.248148023268,1.48259751209971,0.436880583119157,1.16350669352961,0.521589943621906,0.000689806188993076,0.0180850413206183,-0.319090818570103,0.319090818570103
"ENSG00000127952","STYXL1",1118.88328053362,-0.84930279089153,0.25040509143446,-0.715163311117199,0.264594536420778,0.000694565586737544,0.018191239708972,0.134139479774332,0.134139479774332
"ENSG00000289500","ENSG00000289500",219.961803264994,-2.27285205439536,0.67054409425507,-1.53784429541396,1.02791215238038,0.000700038917632395,0.0183159010182168,0.735007758981407,0.735007758981407
"ENSG00000290007","ENSG00000290007",73.1086324408456,-3.24116100795721,0.956506009314658,-2.03070811185361,1.63031435721082,0.000702652074842172,0.0183655507178962,1.2104528961036,1.2104528961036
"ENSG00000281162","LINC01127",44.0383714200338,1.57614680673222,0.465206441477429,1.23983263369108,0.545266366201997,0.000703891566383223,0.0183672188627376,-0.336314173041131,0.336314173041131
"ENSG00000224769","MUC20P1",92.1906528455055,-1.26424718716988,0.373189594397212,-1.02135701834738,0.417481051893853,0.000704862686710427,0.0183672188627376,0.242890168822503,0.242890168822503
"ENSG00000173156","RHOD",1868.13634679618,-1.8908860961407,0.558165218472654,-1.37803186478136,0.751353672269739,0.000704860122747654,0.0183672188627376,0.512854231359343,0.512854231359343
"ENSG00000170558","CDH2",533.180911811662,-1.94251913254297,0.573454539903915,-1.4116418489226,0.786419217726075,0.0007055878190716,0.0183674670913902,0.530877283620369,0.530877283620369
"ENSG00000109758","HGFAC",679.833469714603,-2.42600636029375,0.716395209421946,-1.71301941459162,1.02764025072815,0.000708140547352674,0.0184053622599288,0.712986945702126,0.712986945702126
"ENSG00000148082","SHC3",130.564614756794,1.48894407960457,0.439699404527743,1.16620359513628,0.521405095021656,0.00070847773065842,0.0184053622599288,-0.322740484468291,0.322740484468291
"ENSG00000171903","CYP4F11",483.049736782211,-2.2446855737537,0.662981448610657,-1.55334041458377,0.962618589056176,0.000709855274396945,0.0184225028593998,0.69134515916993,0.69134515916993
"ENSG00000117016","RIMS3",296.419033714236,1.47349092936919,0.43578344898431,1.15241843529599,0.520255670938817,0.000721579795225037,0.0187078672768091,-0.321072494073195,0.321072494073195
"ENSG00000198844","ARHGEF15",905.616580257438,1.63470026515106,0.48353121538212,1.26147074541761,0.594375201564937,0.000722871339375112,0.018722440633442,-0.373229519733442,0.373229519733442
"ENSG00000289089","ENSG00000289089",37.0134698066989,-3.21558523912579,0.951606579952199,-1.75427189595694,2.16652236082477,0.000727203686650695,0.0188006057939675,1.46131334316885,1.46131334316885
"ENSG00000258819","LINC02289",132.395566329884,1.75475552034301,0.519309723619235,1.32431379952211,0.654913713847942,0.000727459499167024,0.0188006057939675,-0.4304417208209,0.4304417208209
"ENSG00000206028","ENSG00000206028",148.220345841167,1.93698361608938,0.573279271857332,1.3960194376468,0.779464297990581,0.000728086732349075,0.0188006057939675,-0.540964178442577,0.540964178442577
"ENSG00000139970","RTN1",208.656103905193,0.929351415061045,0.275196169821534,0.778039479574179,0.293951802481674,0.000732675466068266,0.018900081595552,-0.151311935486866,0.151311935486866
"ENSG00000131188","PRR7",779.319946586202,-1.45221952323344,0.430061864600663,-1.12803310379833,0.516073349043711,0.000733426473871685,0.0189004591414303,0.324186419435113,0.324186419435113
"ENSG00000144712","CAND2",145.222760790187,1.63612089240481,0.484752568134416,1.24730111770408,0.604934776110212,0.000737708983420421,0.0189537302076596,-0.388819774700731,0.388819774700731
"ENSG00000257894","ENSG00000257894",42.5584291834922,2.78382258579938,0.824730293020978,1.57247999673956,1.72329768715638,0.000736993949128623,0.0189537302076596,-1.21134258905981,1.21134258905981
"ENSG00000103254","ANTKMT",2426.75141078403,-0.94703460902305,0.280587838844103,-0.78700772158566,0.302331550840038,0.000737672846928411,0.0189537302076596,0.160026887437391,0.160026887437391
"ENSG00000161381","PLXDC1",711.604133771144,1.56966630243443,0.465180907716553,1.201833204104,0.576776898947728,0.000739999904796789,0.0189746029534657,-0.367833098330423,0.367833098330423
"ENSG00000171817","ZNF540",185.395266872249,1.11674465024153,0.330932788304679,0.91276901682991,0.365973904202576,0.000739402096593049,0.0189746029534657,-0.203975633411616,0.203975633411616
"ENSG00000203867","RBM20",88.0960996639173,1.96241046385926,0.581723550400512,1.45232863109218,0.756106850903277,0.000742347736139685,0.0190123182342809,-0.510081832767086,0.510081832767086
"ENSG00000122367","LDB3",206.222491787666,2.13634328279566,0.633325080422833,1.51930032667728,0.879280752034715,0.000742952241749474,0.0190123182342809,-0.617042956118378,0.617042956118378
"ENSG00000289837","ENSG00000289837",650.99628389573,-0.971588067878357,0.288167626348305,-0.805685874578173,0.31167789639946,0.000747309262317624,0.0191047677648471,0.165902193300184,0.165902193300184
"ENSG00000228302","ENSG00000228302",572.152228567329,-0.776923391501395,0.230478219019491,-0.664272986177685,0.240590054813033,0.000749179010226839,0.0191335101049675,0.11265040532371,0.11265040532371
"ENSG00000047648","ARHGAP6",490.09178049952,2.01657706149008,0.598762037483127,1.43433197066367,0.832657368991088,0.000757401293866534,0.0192859315572146,-0.582245090826407,0.582245090826407
"ENSG00000118137","APOA1",26709.8744816038,-4.51292502559979,1.3399551093226,-0.0777568106619133,0.320433897004492,0.000757245700342237,0.0192859315572146,4.43516821493787,4.43516821493787
"ENSG00000196408","NOXO1",435.308033772763,-0.998388569539807,0.296424725781935,-0.823989224994081,0.321376519184697,0.000756877204562454,0.0192859315572146,0.174399344545726,0.174399344545726
"ENSG00000272617","ENSG00000272617",717.425916199913,-0.907679253242994,0.269539251308198,-0.759376116398775,0.288006384006332,0.000758470821976371,0.0192940243683523,0.148303136844219,0.148303136844219
"ENSG00000135046","ANXA1",3088.72863828586,1.5419508794286,0.458082573472999,1.18299923795715,0.565265323836124,0.000762395901549029,0.0193746689158999,-0.358951641471449,0.358951641471449
"ENSG00000061337","LZTS1",404.099435999368,1.29573278441498,0.385027526923454,1.03182948422384,0.444596483322791,0.00076460729276973,0.0193924657939927,-0.263903300191137,0.263903300191137
"ENSG00000206432","TMEM200C",55.8073561497657,-1.59696464277383,0.47450398907478,-1.23631604190996,0.570895235450825,0.000763925383362937,0.0193924657939927,0.360648600863869,0.360648600863869
"ENSG00000136404","TM6SF1",336.691458527397,1.24328238593659,0.369629954474903,0.997089176611181,0.421736648893642,0.000769366757684916,0.0194939156658428,-0.246193209325408,0.246193209325408
"ENSG00000166068","SPRED1",1216.80933112298,1.25643355910332,0.37403429026168,1.00445089770459,0.428616855251274,0.00078185436883978,0.0197907850936988,-0.251982661398734,0.251982661398734
"ENSG00000204740","MALRD1",405.82479196561,2.52624350125872,0.752138788049819,1.50528076127537,1.41931077900437,0.000782968639413137,0.0197994641062236,-1.02096273998335,1.02096273998335
"ENSG00000235910","APOA1-AS",13080.1089324319,-3.44008535851493,1.02437883472212,-0.134624044753194,0.347714682599719,0.000784472961172498,0.0198179798173371,3.30546131376173,3.30546131376173
"ENSG00000186973","CFAP144",116.16126764678,1.99770624268683,0.595070357811624,1.4304464652021,0.82800132565255,0.000787667527182628,0.0198360489794892,-0.567259777484726,0.567259777484726
"ENSG00000174502","SLC26A9",117.516473488748,2.93837518191769,0.875184761429994,1.85204724638839,1.56967492553867,0.000786694875309576,0.0198360489794892,-1.0863279355293,1.0863279355293
"ENSG00000289987","ENSG00000289987",294.810182581839,1.52114990774989,0.45310921110824,1.18157387782637,0.540900414344948,0.00078753947627262,0.0198360489794892,-0.339576029923523,0.339576029923523
"ENSG00000169129","AFAP1L2",336.983283686126,1.30527359197248,0.388835602039729,1.03635881737971,0.449946691326501,0.000788279501269296,0.0198360489794892,-0.268914774592768,0.268914774592768
"ENSG00000134020","PEBP4",213.19888889993,2.98431806392594,0.889231591598143,1.55318757580473,2.8179123327802,0.000790602928210062,0.0198750297339546,-1.43113048812121,1.43113048812121
"ENSG00000180828","BHLHE22",105.394055673527,2.14240042473142,0.638481206056826,1.41932681062323,0.991113292421074,0.000792320923085012,0.0198987290927818,-0.723073614108189,0.723073614108189
"ENSG00000214900","LINC01588",302.547172276806,-1.17848287022148,0.35136479569845,-0.950834529607413,0.394094767135385,0.000796479835775287,0.0199836245795154,0.227648340614067,0.227648340614067
"ENSG00000023909","GCLM",990.348582179611,-0.797172864055088,0.237749070417494,-0.675457812580362,0.249347850699237,0.000799404260083254,0.0200178625790799,0.121715051474726,0.121715051474726
"ENSG00000196352","CD55",2893.1959923655,0.838640017939034,0.250104544832501,0.710605950106703,0.264356088325308,0.000798951270818891,0.0200178625790799,-0.128034067832331,0.128034067832331
"ENSG00000165899","OTOGL",36.4739508394484,1.84250723457901,0.549559528979632,1.40831090992968,0.670319107248594,0.000800279235734646,0.0200202408807029,-0.434196324649324,0.434196324649324
"ENSG00000153822","KCNJ16",71.0913490922155,-2.55244615916041,0.761376206467902,-1.35868518770052,1.97886351808087,0.000801109220386882,0.0200214901262611,1.19376097145989,1.19376097145989
"ENSG00000232629","HLA-DQB2",78.6523042195335,1.67300963900131,0.499112796307872,1.28392000954725,0.608030936129122,0.0008023957304159,0.0200341354208024,-0.389089629454063,0.389089629454063
"ENSG00000157927","RADIL",221.715897670961,1.79286789967262,0.535141586067219,1.31817771855335,0.704734046669512,0.000807333157642556,0.0201182719972927,-0.474690181119268,0.474690181119268
"ENSG00000179869","ABCA13",73.3146587330514,3.20692373408759,0.957158761413934,0.179857532648029,0.381626530660228,0.000806769765051366,0.0201182719972927,-3.02706620143956,3.02706620143956
"ENSG00000121807","CCR2",58.9453794462647,1.73212918227926,0.517081308614668,1.31797845176673,0.63695379661401,0.000808641621851404,0.0201313331794956,-0.414150730512524,0.414150730512524
"ENSG00000188039","NWD1",80.5044349213695,3.17696216142305,0.948899401916794,0.191257807621216,0.395109725281854,0.000813824761701239,0.0202407365877769,-2.98570435380183,2.98570435380183
"ENSG00000091428","RAPGEF4",534.267254587509,1.21826661368259,0.364073661379697,0.978235005446685,0.4132144524801,0.000819245786556891,0.0203361524212338,-0.240031608235905,0.240031608235905
"ENSG00000113643","RARS1",2039.87772040541,-0.776112293808804,0.231937426858086,-0.659925245960696,0.242484971360895,0.000819231060894541,0.0203361524212338,0.116187047848108,0.116187047848108
"ENSG00000227191","TRGC2",55.1215543970319,2.12915309426851,0.63672979295722,1.58271502842799,0.811794425693256,0.000826130912569082,0.0204872484375948,-0.546438065840523,0.546438065840523
"ENSG00000168569","TMEM223",1758.63419306878,-0.708510879818982,0.211986214581278,-0.609786162494635,0.219154436845392,0.00083102241518858,0.0205886605508159,0.0987247173243464,0.0987247173243464
"ENSG00000188488","SERPINA5",1143.28762801216,-2.29172233410451,0.685827768259756,-1.31176635859778,1.3428645934111,0.000833143923345701,0.020621316374652,0.979955975506732,0.979955975506732
"ENSG00000281887","GIMAP1-GIMAP5",1080.93752939886,1.57217111441951,0.470626981927006,1.19212906900306,0.585640522981802,0.000836010116903396,0.0206663960373561,-0.380042045416451,0.380042045416451
"ENSG00000200879","SNORD14E",128.918930033387,1.75515157158008,0.525473453085889,1.29361636164925,0.684464011280525,0.000837380756568759,0.0206663960373561,-0.461535209930837,0.461535209930837
"ENSG00000210174","MT-TR",1290.25081010862,0.908533657524866,0.272001235224766,0.764579175196479,0.291109206144494,0.00083723471965544,0.0206663960373561,-0.143954482328387,0.143954482328387
"ENSG00000241878","PISD",4012.06032109684,-0.786189194060606,0.23554492608924,-0.666692918091174,0.246841543814967,0.000844608433379333,0.0208247499131098,0.119496275969431,0.119496275969431
"ENSG00000125851","PCSK2",32.4809244772139,2.19267645632387,0.657043285858464,1.62820083439672,0.841237965879006,0.000846309189135967,0.020846658308592,-0.564475621927158,0.564475621927158
"ENSG00000260992","DOCK9-DT",61.7675134356941,1.79150603931935,0.537069251467433,1.33986600334526,0.677729139977226,0.000850825697775932,0.0209378170515962,-0.451640035974081,0.451640035974081
"ENSG00000178796","RIIAD1",41.1855155179782,2.39278987816554,0.717442864132131,1.60808563785277,1.0813193562261,0.000852489930848911,0.020947671285412,-0.784704240312773,0.784704240312773
"ENSG00000140481","CCDC33",50.2806992776406,3.16477979698324,0.948946880475255,0.179905108742156,0.38258463741768,0.000852858397680116,0.020947671285412,-2.98487468824108,2.98487468824108
"ENSG00000163072","NOSTRIN",611.356630675411,1.35160118353241,0.405329115211215,1.05815443031895,0.475874062077135,0.000854292154042526,0.0209628266900665,-0.293446753213458,0.293446753213458
"ENSG00000178821","TMEM52",98.0966655374853,-0.952439127333488,0.28580408674776,-0.792637833922704,0.303899411740024,0.00086072708353735,0.021024399568154,0.159801293410784,0.159801293410784
"ENSG00000169291","SHE",860.52382849053,1.42432164242001,0.427411731788646,1.10765860226607,0.508376898819087,0.000860897025212525,0.021024399568154,-0.316663040153935,0.316663040153935
"ENSG00000111266","DUSP16",3050.53278058366,-0.708420684132555,0.212572770691215,-0.609006116276284,0.219884356446599,0.000860375717902132,0.021024399568154,0.0994145678562715,0.0994145678562715
"ENSG00000172366","MCRIP2",3437.30595373056,-1.04328492368549,0.313027788537471,-0.853900520677181,0.343842213678104,0.000859511491966045,0.021024399568154,0.189384403008305,0.189384403008305
"ENSG00000141052","MYOCD",193.298762179246,2.34217170290268,0.702659775268282,1.34737905519868,1.35237069263383,0.000858241605336275,0.021024399568154,-0.994792647703995,0.994792647703995
"ENSG00000156103","MMP16",122.247640252545,1.74412066859395,0.523482432586639,1.29220081342776,0.678921004927897,0.00086296963405767,0.0210549825069945,-0.45191985516619,0.45191985516619
"ENSG00000120328","PCDHB12",80.3976724902774,1.26335786841873,0.379234096082361,1.00946745534246,0.430569426236268,0.000864288419459837,0.0210551956441246,-0.253890413076272,0.253890413076272
"ENSG00000230978","LINC00160",56.1139761192019,-2.09377435678102,0.628528161719901,-1.58109570042764,0.784856593048313,0.000864619013087127,0.0210551956441246,0.512678656353381,0.512678656353381
"ENSG00000129991","TNNI3",56.8411007083224,2.30398103276338,0.691702218549797,1.57892454653359,1.0014580475549,0.000865701389043725,0.0210615711398913,-0.725056486229792,0.725056486229792
"ENSG00000231057","NEK2-DT",24.0291340256034,2.66447030893567,0.800134229360635,1.68190208335142,1.38295662129839,0.000868368921310726,0.0210906757961781,-0.982568225584256,0.982568225584256
"ENSG00000105997","HOXA3",198.426413172077,1.74874592834899,0.525194564628111,1.28423751778491,0.692073833300958,0.000869362800185314,0.0210906757961781,-0.464508410564083,0.464508410564083
"ENSG00000287652","ENSG00000287652",59.2613186558701,2.53084469798234,0.760032074019773,1.34212903583598,1.86088279823082,0.000868714755097701,0.0210906757961781,-1.18871566214636,1.18871566214636
"ENSG00000143248","RGS5",6522.03321840507,1.50632509130329,0.452513509850677,1.15775982802867,0.550229062934407,0.00087222314561577,0.021140086381983,-0.348565263274619,0.348565263274619
"ENSG00000233271","ENSG00000233271",45.138816147759,-1.71990899092935,0.516887156409673,-1.3150332054991,0.628025173751588,0.000876490839867478,0.0212027254739803,0.404875785430253,0.404875785430253
"ENSG00000069122","ADGRF5",3900.90143225134,2.05041602502866,0.616310358033569,1.36914745925293,0.957644979360048,0.00087811186265793,0.0212027254739803,-0.681268565775728,0.681268565775728
"ENSG00000290960","ENSG00000290960",115.410063740007,2.33537280518454,0.701875361883903,1.46705682265447,1.16229999886089,0.000876816377295072,0.0212027254739803,-0.86831598253007,0.86831598253007
"ENSG00000244588","RAD21L1",27.0770859607041,2.32579721475303,0.699077813499481,1.68656530676004,0.910229478951597,0.000878019987135694,0.0212027254739803,-0.639231907992986,0.639231907992986
"ENSG00000115718","PROC",910.623144366276,-2.64593396991605,0.795626039035872,-1.63020102960076,1.41963702792097,0.00088228439082917,0.0212723347917877,1.01573294031529,1.01573294031529
"ENSG00000131969","ABHD12B",101.950426757251,2.25538963931151,0.678213991117236,1.53648268410213,1.00251883627261,0.000882652298798218,0.0212723347917877,-0.718906955209379,0.718906955209379
"ENSG00000224307","LINC02975",109.151569964509,1.75347198533082,0.527404662323979,1.2964518620431,0.680347604278062,0.000885078813830481,0.021310804797924,-0.457020123287723,0.457020123287723
"ENSG00000250510","GPR162",601.017535293898,1.63963012362623,0.49324306214059,1.24296414856547,0.607873732507714,0.000886780355510344,0.021331763247314,-0.396665975060758,0.396665975060758
"ENSG00000100385","IL2RB",134.355060840008,1.83804426181013,0.553019468566063,1.32651054208746,0.741906078271117,0.000888469903488503,0.0213523942067785,-0.511533719722671,0.511533719722671
"ENSG00000144785","ENSG00000144785",3176.67295026771,-0.640872565158766,0.192889964616729,-0.556373228750314,0.197281161567693,0.000892218703957077,0.0214224298170873,0.0844993364084529,0.0844993364084529
"ENSG00000279561","ENSG00000279561",89.9875265107019,-0.9186275097272,0.276621158916978,-0.765748384913083,0.293447104259299,0.000897319769200647,0.021524772444928,0.152879124814117,0.152879124814117
"ENSG00000289327","ENSG00000289327",36.971704463917,2.42337273268421,0.730384611220405,1.57942983719165,1.12268637658431,0.000906837771856203,0.0217125047483518,-0.843942895492557,0.843942895492557
"ENSG00000168646","AXIN2",656.592300262472,1.7908656955855,0.539728248197642,1.29535510455453,0.728808451932786,0.000906360014140173,0.0217125047483518,-0.49551059103097,0.49551059103097
"ENSG00000180432","CYP8B1",1344.56096842132,-2.90100912182422,0.874567385597574,-0.234459942863821,0.442262143879805,0.000909638869906932,0.0217552002419117,2.66654917896039,2.66654917896039
"ENSG00000265489","ARHGAP44-AS1",26.0291090552276,2.76837722537818,0.834635164597515,1.54656954339763,1.74050038830216,0.000910316167055488,0.0217552002419117,-1.22180768198055,1.22180768198055
"ENSG00000046889","PREX2",631.694249623653,1.93518167641383,0.584004520045387,1.35514450024915,0.825439517899035,0.00092089462366238,0.0219520789659377,-0.580037176164673,0.580037176164673
"ENSG00000175164","ABO",307.636244914531,1.77836978350802,0.536662225986332,1.27855468848335,0.721591066199085,0.000920505022835747,0.0219520789659377,-0.499815095024669,0.499815095024669
"ENSG00000250208","FZD10-AS1",63.0812792786154,1.96340749500536,0.592534826847274,1.4270812428733,0.789694823831641,0.000921120078167099,0.0219520789659377,-0.536326252132058,0.536326252132058
"ENSG00000167798","C3P1",509.566287362092,-3.58803407293731,1.08315031476584,-0.142344971340793,0.354784396474728,0.000924360220450175,0.0220088625030562,3.44568910159652,3.44568910159652
"ENSG00000288611","NPBWR1",15.8112444413753,-2.68762830918286,0.81212124246532,-2.13650656039642,1.13032571556409,0.000934985148433091,0.0222206146341038,0.551121748786437,0.551121748786437
"ENSG00000110011","DNAJC4",2100.08052839264,-0.709736148519648,0.214450302844497,-0.609010265227306,0.221890381499576,0.000934427295005008,0.0222206146341038,0.100725883292342,0.100725883292342
"ENSG00000112378","PERP",8496.40054223102,-1.53826884783631,0.464966919413733,-1.15897151851539,0.580595221085378,0.000938506578828714,0.022269490092437,0.379297329320917,0.379297329320917
"ENSG00000111664","GNB3",223.955989698804,1.32415110356893,0.400256088194142,1.03962735575448,0.46580163679094,0.000938776961858293,0.022269490092437,-0.284523747814448,0.284523747814448
"ENSG00000160219","GAB3",257.306842126642,1.60176438681483,0.484230839004059,1.19962319064761,0.608103265845516,0.000940141764106091,0.0222812730002872,-0.402141196167223,0.402141196167223
"ENSG00000273110","ENSG00000273110",126.504255051949,1.41499819166821,0.427872732221264,1.10339282398114,0.501897305144473,0.000942827457725065,0.0222831973825315,-0.311605367687068,0.311605367687068
"ENSG00000129680","MAP7D3",320.394687210551,1.67003555659695,0.504950434707279,1.23342379158183,0.64807769427933,0.000941913034519868,0.0222831973825315,-0.436611765015117,0.436611765015117
"ENSG00000279660","ENSG00000279660",590.915943543676,1.0498072561416,0.317429475812812,0.855143512294658,0.349684162734329,0.000942288241736308,0.0222831973825315,-0.194663743846941,0.194663743846941
"ENSG00000235927","NEXN-AS1",60.4448096110003,1.82626248963895,0.552476929734562,1.32798284241668,0.726481349223893,0.000947764918448287,0.0223792844174905,-0.498279647222265,0.498279647222265
"ENSG00000240889","NDUFB2-AS1",1498.51035293198,-0.657424613905165,0.198999409432132,-0.568065649710794,0.204077809310867,0.000954345311053017,0.0225021301979664,0.0893589641943715,0.0893589641943715
"ENSG00000100883","SRP54",2732.90725205183,-0.671374204440168,0.203244505287156,-0.578220877781312,0.208944626256609,0.000955597534413192,0.0225021301979664,0.0931533266588555,0.0931533266588555
"ENSG00000205045","SLFN12L",218.257904308385,1.98833308573946,0.601885114613759,1.33485213122921,0.902811737565691,0.000954827954600697,0.0225021301979664,-0.65348095451025,0.65348095451025
"ENSG00000135917","SLC19A3",238.265485094916,2.20478773253478,0.66798904991907,1.41613555102887,1.06427066662945,0.000964664483883542,0.0226729520870399,-0.78865218150591,0.78865218150591
"ENSG00000178033","CALHM5",198.130551887543,1.36208016736977,0.41270265852125,1.06122563950136,0.487458988674966,0.000965501875214659,0.0226729520870399,-0.300854527868418,0.300854527868418
"ENSG00000134602","STK26",798.182017098405,-1.04212997542215,0.315733222276767,-0.840958754008886,0.34897602848249,0.000964555650385047,0.0226729520870399,0.201171221413261,0.201171221413261
"ENSG00000141750","STAC2",52.4654975394245,2.2894275309632,0.693761152988709,1.55558706318259,1.02004363842557,0.000966770193687092,0.0226819840597501,-0.733840467780608,0.733840467780608
"ENSG00000139219","COL2A1",1686.40936851071,2.18964918913778,0.663667664427533,1.33334051702426,1.16787375912418,0.000969208225754243,0.0227184178360129,-0.856308672113519,0.856308672113519
"ENSG00000273542","H4C12",104.336871316292,-1.15810773552039,0.351120220811226,-0.935699631445034,0.387114739502211,0.000972643417884328,0.0227781374149973,0.222408104075359,0.222408104075359
"ENSG00000165238","WNK2",957.243900969831,-1.16960918045382,0.354701609265322,-0.932538250347951,0.401479088903235,0.00097568651759687,0.0228285741542013,0.237070930105872,0.237070930105872
"ENSG00000133665","DYDC2",58.0524081893926,3.08843533377703,0.93701569125671,0.219314515747114,0.425183605290521,0.000980602374522562,0.0229226968550734,-2.86912081802991,2.86912081802991
"ENSG00000157214","STEAP2",1892.24904896769,1.54947443440991,0.470157224901134,1.16090343940846,0.592798682134614,0.000981936898229135,0.0229330067032277,-0.388570995001451,0.388570995001451
"ENSG00000211598","IGKV4-1",216.629336296052,1.47850740649897,0.44879921381637,1.14311131826682,0.539854158347749,0.000986451098817949,0.0229633044973168,-0.335396088232152,0.335396088232152
"ENSG00000160791","CCR5",82.7703296839876,1.59061398839363,0.482787788954143,1.20127108171561,0.594764750867067,0.000985463688930366,0.0229633044973168,-0.389342906678017,0.389342906678017
"ENSG00000167094","TTC16",114.391013740511,1.30376385684803,0.395741610585605,1.02537204330106,0.458222638268933,0.000986030431736666,0.0229633044973168,-0.27839181354697,0.27839181354697
"ENSG00000259813","ENSG00000259813",237.027479636343,0.764585214847664,0.232096217818523,0.649124986324029,0.241853434726469,0.000986812828166145,0.0229633044973168,-0.115460228523635,0.115460228523635
"ENSG00000269958","ENSG00000269958",391.342699705182,0.916031170225987,0.278166680460362,0.756204807287732,0.298600706024788,0.000990886232341644,0.0230372073600661,-0.159826362938255,0.159826362938255
"ENSG00000102879","CORO1A",1271.95342112415,1.5188950770014,0.461379398329171,1.14191638017917,0.578126286897614,0.000994514737340729,0.0231006423197507,-0.376978696822226,0.376978696822226
"ENSG00000010319","SEMA3G",717.462833638392,1.48932994811861,0.452690542413258,1.12827442126604,0.560119927783461,0.00100204637781681,0.0232451329707334,-0.361055526852573,0.361055526852573
"ENSG00000232803","SLCO4A1-AS1",624.522738239684,2.06156379113265,0.626651109989612,1.29676876580203,1.03485861750524,0.00100254654609428,0.0232451329707334,-0.764795025330615,0.764795025330615
"ENSG00000167157","PRRX2",145.846715805997,2.29874618153813,0.699049341674983,1.56695509139055,1.01629132030459,0.00100762501125524,0.0233417970793214,-0.731791090147586,0.731791090147586
"ENSG00000151702","FLI1",1065.40032351291,1.72520383583004,0.524734096544393,1.24541001184356,0.695999691611048,0.00100985113519053,0.0233722714940805,-0.479793823986482,0.479793823986482
"ENSG00000163661","PTX3",736.79180572222,2.3338549611471,0.709962995731843,1.22057499045558,1.63624330426394,0.00101156247196374,0.0233907873584624,-1.11327997069153,1.11327997069153
"ENSG00000102043","MTMR8",16.4886190723964,3.08588275241764,0.939036659887275,0.295403302505101,0.541826351734622,0.00101541016962369,0.0234586254038986,-2.79047944991254,2.79047944991254
"ENSG00000224985","ENSG00000224985",722.489672207401,-0.803432758946005,0.244597835314196,-0.666714890353074,0.256929483137991,0.00102087680136271,0.0234792516671833,0.136717868592931,0.136717868592931
"ENSG00000143546","S100A8",4471.88572859523,2.16361456891424,0.658676336639483,1.26087873299912,1.21141798095065,0.00102057789878468,0.0234792516671833,-0.902735835915123,0.902735835915123
"ENSG00000228649","SNHG26",154.208911991301,1.80184318035664,0.548430289333028,1.32748626055863,0.700594668383503,0.00101817709898429,0.0234792516671833,-0.474356919798009,0.474356919798009
"ENSG00000126785","RHOJ",812.195268958866,1.62007149934125,0.493186264265994,1.19753538571999,0.628951980318902,0.00102015680742659,0.0234792516671833,-0.422536113621259,0.422536113621259
"ENSG00000242887","IGHJ3",221.876651864803,1.61980851613105,0.493056940210204,1.21268105021766,0.615960373699965,0.00101896905402665,0.0234792516671833,-0.407127465913395,0.407127465913395
"ENSG00000141433","ADCYAP1",515.156083868926,2.99366921948354,0.911483432282539,0.16789126171134,0.369358070891398,0.00102202530716396,0.023484622702755,-2.8257779577722,2.8257779577722
"ENSG00000183918","SH2D1A",73.0055168686832,2.51276542136941,0.765287514207899,1.45301732283525,1.4558338081467,0.00102553327412029,0.0235432758523475,-1.05974809853417,1.05974809853417
"ENSG00000160654","CD3G",46.426700995421,2.30137672157084,0.700958559495525,1.47508055638628,1.11695986437546,0.00102641234576604,0.0235432758523475,-0.826296165184556,0.826296165184556
"ENSG00000162365","CYP4A22",145.84118189625,-2.33987796056373,0.713107714464769,-1.63508056159992,1.01765494942636,0.00103351553865123,0.023685038688001,0.70479739896381,0.70479739896381
"ENSG00000133313","CNDP2",7427.38270582826,-0.744395319587268,0.226959546443168,-0.632342232114646,0.236153247830387,0.00103858965051004,0.0237800897052998,0.112053087472621,0.112053087472621
"ENSG00000113407","TARS1",2774.42003425517,-0.789263178381598,0.240924693211761,-0.663751679343755,0.253098024946835,0.00105298025921783,0.0240048053866555,0.125511499037844,0.125511499037844
"ENSG00000211751","TRBC1",165.623116133309,2.03857785814109,0.622339692499423,1.36771459223329,0.926175659218216,0.00105412612810033,0.0240048053866555,-0.670863265907806,0.670863265907806
"ENSG00000077264","PAK3",40.5518364108877,2.42900662756642,0.741447801289609,1.51429036772942,1.2901655740515,0.0010527668000294,0.0240048053866555,-0.914716259837003,0.914716259837003
"ENSG00000065665","SEC61A2",1112.37296131034,-0.663707467730127,0.202572036879001,-0.571412768281643,0.208013910005302,0.00105138718035316,0.0240048053866555,0.0922946994484846,0.0922946994484846
"ENSG00000188906","LRRK2",892.440928696881,1.80331749910635,0.550521023759133,1.2590095623453,0.775451868808798,0.00105416873818305,0.0240048053866555,-0.544307936761051,0.544307936761051
"ENSG00000060709","RIMBP2",116.605893184116,3.21151783478056,0.980482441522675,0.183772152058213,0.385576367559395,0.00105495073347674,0.0240048053866555,-3.02774568272234,3.02774568272234
"ENSG00000157554","ERG",862.90441495932,1.33113784318856,0.406304386067859,1.04068039575425,0.475118876395566,0.00105210895004001,0.0240048053866555,-0.290457447434311,0.290457447434311
"ENSG00000126561","STAT5A",1417.32203559491,1.12650337084177,0.344124675774808,0.887675591347982,0.387726302841479,0.00106212109416921,0.0241465563543322,-0.23882777949379,0.23882777949379
"ENSG00000111432","FZD10",31.2887243102053,2.29002222981157,0.699619229972399,1.57503639323859,0.995878730597094,0.00106321844758446,0.024150113180664,-0.714985836572983,0.714985836572983
"ENSG00000266692","ENSG00000266692",125.279413730167,-1.60827692067677,0.491421147121059,-1.20046587467143,0.608021021139662,0.00106523228777006,0.024174462537749,0.407811046005338,0.407811046005338
"ENSG00000287263","ENSG00000287263",147.025721309783,1.60749855330335,0.491266495516709,1.19112425454488,0.622320923087004,0.00106732248641554,0.0241791405638373,-0.416374298758471,0.416374298758471
"ENSG00000259969","ENSG00000259969",12.6365775224186,2.06863632496546,0.632154882055867,1.56144112359315,0.767582337776561,0.00106654886879866,0.0241791405638373,-0.507195201372309,0.507195201372309
"ENSG00000138823","MTTP",494.821831773517,-3.06904357229621,0.938612894908336,-0.235357185822705,0.442892195094963,0.00107636872629975,0.0241919055148299,2.83368638647351,2.83368638647351
"ENSG00000153993","SEMA3D",248.145449261254,2.81699618865472,0.861270216795203,0.193613011764369,0.393224539371612,0.00107264172855996,0.0241919055148299,-2.62338317689035,2.62338317689035
"ENSG00000130224","LRCH2",154.650375495992,1.89486663476165,0.579237112899549,1.35167619227229,0.780359753041437,0.00107048876840354,0.0241919055148299,-0.543190442489367,0.543190442489367
"ENSG00000255320","ENSG00000255320",118.037866994188,-0.821944964349405,0.25131041447803,-0.689124416782082,0.264200997854272,0.00107305817563036,0.0241919055148299,0.132820547567323,0.132820547567323
"ENSG00000154134","ROBO3",486.948164027564,1.39683209981002,0.427193597937115,1.06878190715967,0.51232407700402,0.00107628470234554,0.0241919055148299,-0.328050192650349,0.328050192650349
"ENSG00000254568","ENSG00000254568",141.537031679487,1.63035573338559,0.49856745907362,1.21402787714286,0.623960453776506,0.00107516876957437,0.0241919055148299,-0.416327856242731,0.416327856242731
"ENSG00000260306","ENSG00000260306",10.6961264666956,2.25861681504202,0.69071388693193,1.68923080333935,0.84213106966909,0.00107557169844047,0.0241919055148299,-0.569386011702668,0.569386011702668
"ENSG00000275431","ENSG00000275431",1432.99519660041,2.27555592317056,0.695774015409585,1.19648585628844,1.50580698528969,0.00107342810383504,0.0241919055148299,-1.07907006688212,1.07907006688212
"ENSG00000211648","IGLV1-47",81.1511425692095,1.38941595669772,0.424726129470545,1.0847126546715,0.492390880137174,0.00107045929008746,0.0241919055148299,-0.304703302026224,0.304703302026224
"ENSG00000280285","ENSG00000280285",16.3179556868129,2.95556292331128,0.90407380640464,1.80095754547827,1.56743423097103,0.00107866866089285,0.0242015959129239,-1.15460537783301,1.15460537783301
"ENSG00000164818","DNAAF5",1606.65684545949,-0.704298880773058,0.215437484073246,-0.601286877933526,0.222856908262656,0.00107868569464234,0.0242015959129239,0.103012002839532,0.103012002839532
"ENSG00000168490","PHYHIP",108.71073284733,1.61906512707721,0.495292774476618,1.20412045068953,0.625309093514732,0.00107964466830357,0.024201956071046,-0.414944676387682,0.414944676387682
"ENSG00000140090","SLC24A4",45.6477366508223,2.12645043435949,0.65068497505963,1.44489435007474,0.957503860791072,0.00108303345977987,0.024244826488923,-0.681556084284752,0.681556084284752
"ENSG00000170956","CEACAM3",39.7992132435003,2.16711628123877,0.663150442761985,1.49890500585841,0.916518045611108,0.00108344629223496,0.024244826488923,-0.668211275380364,0.668211275380364
"ENSG00000136574","GATA4",383.823347379084,-3.01933291427117,0.924228977560159,-0.187747016685848,0.388369967191584,0.00108744852464534,0.0242709054626714,2.83158589758532,2.83158589758532
"ENSG00000103257","SLC7A5",2894.3457781069,-1.26983680988761,0.388658296875932,-0.98818714669312,0.453275456425205,0.001086046542742,0.0242709054626714,0.281649663194494,0.281649663194494
"ENSG00000278931","ENSG00000278931",24.2009599395163,2.48840850726411,0.761661896735694,1.70367574738263,1.10513308094883,0.00108663897517407,0.0242709054626714,-0.784732759881475,0.784732759881475
"ENSG00000125895","TMEM74B",696.728743241171,1.85829817815747,0.569059494085454,1.29822499137911,0.785264926754053,0.00109247684164617,0.0243619488223564,-0.560073186778356,0.560073186778356
"ENSG00000289206","ENSG00000289206",10.6851185697393,2.87711540618495,0.881371113393255,1.89379017916669,1.35276265939836,0.00109710438233768,0.024411302437263,-0.983325227018254,0.983325227018254
"ENSG00000166523","CLEC4E",222.221911537563,1.70013360544061,0.520804109269287,1.2222921405163,0.682824175248226,0.00109680810339829,0.024411302437263,-0.477841464924306,0.477841464924306
"ENSG00000275688","CCL15-CCL14",1758.95547595883,2.24323793265077,0.687213915816899,1.1741024291087,1.48661788483032,0.00109754326616283,0.024411302437263,-1.06913550354207,1.06913550354207
"ENSG00000163378","EOGT",741.461468063359,1.50825005135162,0.462149336207419,1.12426816038898,0.575943524929903,0.00110023596100727,0.0244260003099201,-0.383981890962645,0.383981890962645
"ENSG00000111716","LDHB",2830.69220216026,1.50982259129208,0.462633969753873,1.1296050137176,0.575347359032687,0.00110031224295527,0.0244260003099201,-0.380217577574479,0.380217577574479
"ENSG00000134873","CLDN10",199.812020337924,-1.8884072555474,0.578672501503374,-1.3007530369302,0.808655878303727,0.00110105903917784,0.0244260003099201,0.5876542186172,0.5876542186172
"ENSG00000250424","ENSG00000250424",3526.08351448192,1.75251951108159,0.537125013053014,1.23248317146143,0.743286470562944,0.00110326025990828,0.0244536969698323,-0.520036339620162,0.520036339620162
"ENSG00000184956","MUC6",532.855427802303,-2.74977893575651,0.843085597001073,-0.230948627041958,0.434668451629808,0.00110798813479147,0.0245373006520213,2.51883030871456,2.51883030871456
"ENSG00000288999","ENSG00000288999",74.4461037963154,-0.888946349696017,0.272690641639699,-0.738258745877936,0.288917848211437,0.00111448436582943,0.0246373005167981,0.150687603818081,0.150687603818081
"ENSG00000291115","ENSG00000291115",118.531402005424,1.9496218067053,0.598319474406016,1.32931479634791,0.867165744939727,0.00112004328210627,0.0246373005167981,-0.620307010357396,0.620307010357396
"ENSG00000286339","ENSG00000286339",11.9528285931998,1.69746308667296,0.520800413585626,1.32331460234768,0.597220332315605,0.00111673664490712,0.0246373005167981,-0.374148484325285,0.374148484325285
"ENSG00000213513","IMPDH1P5",137.559213760121,-1.9239317502934,0.590397752858436,-1.33059644175883,0.849465306970546,0.00111922221831865,0.0246373005167981,0.593335308534571,0.593335308534571
"ENSG00000119650","IFT43",1255.37678426058,-0.949742450741284,0.29132532744506,-0.777274107446515,0.316037210977305,0.00111382710759181,0.0246373005167981,0.172468343294769,0.172468343294769
"ENSG00000211934","IGHV1-2",30.4520724818916,2.16959860623655,0.665708827971177,1.56298792268136,0.891282662654956,0.00111773979127807,0.0246373005167981,-0.60661068355519,0.60661068355519
"ENSG00000149596","JPH2",276.917791541956,2.48102816567119,0.761411035509522,1.49717841914989,1.39017587268257,0.00112018271333243,0.0246373005167981,-0.983849746521294,0.983849746521294
"ENSG00000283633","ENSG00000283633",192.859605559436,1.83261941981357,0.562263485738629,1.30550163518457,0.753793151618802,0.00111663663179953,0.0246373005167981,-0.527117784629004,0.527117784629004
"ENSG00000138685","FGF2",457.067537653517,1.49244110165722,0.458200577208114,1.12236042059338,0.561723036399224,0.00112525619126211,0.0247065446202949,-0.370080681063845,0.370080681063845
"ENSG00000222047","C10orf55",288.461713182773,1.36453752160413,0.41892142441092,1.05431451428585,0.493242608762045,0.00112491901271068,0.0247065446202949,-0.310223007318286,0.310223007318286
"ENSG00000197301","HMGA2-AS1",35.2377596221017,2.43510147221741,0.748160052837203,1.58115525334902,1.14911888452037,0.00113477514123781,0.0248942508975649,-0.853946218868387,0.853946218868387
"ENSG00000162571","TTLL10",121.269167742536,2.49194611584571,0.765981353728652,1.35395664726364,1.79038750035229,0.0011408401387905,0.0249208176357485,-1.13798946858207,1.13798946858207
"ENSG00000196581","AJAP1",114.649109675639,2.16740939171401,0.666224383014197,1.34205048413553,1.14559433563201,0.00114084079643139,0.0249208176357485,-0.825358907578478,0.825358907578478
"ENSG00000164649","CDCA7L",950.439009938412,-0.519016889139095,0.159516945032393,-0.460175902965978,0.160233302785993,0.00113921041605164,0.0249208176357485,0.0588409861731168,0.0588409861731168
"ENSG00000120693","SMAD9",324.747822961076,1.44095683932447,0.442811658851704,1.09898530674521,0.532060697783091,0.0011374913691116,0.0249208176357485,-0.341971532579262,0.341971532579262
"ENSG00000119673","ACOT2",1113.26574616742,-1.11144192831693,0.3415655351619,-0.885094018105778,0.383981960849006,0.0011380673234468,0.0249208176357485,0.226347910211149,0.226347910211149
"ENSG00000113460","BRIX1",965.207588862918,-0.632762351949599,0.194618652650574,-0.557239570639777,0.198778178367038,0.0011488121311025,0.0250543674264576,0.0755227813098213,0.0755227813098213
"ENSG00000176956","LY6H",81.0077745778491,1.52896148071218,0.470265915903289,1.15585034124979,0.574977583070699,0.00114890678540307,0.0250543674264576,-0.373111139462387,0.373111139462387
"ENSG00000258989","ENSG00000258989",254.181064665287,1.2094906281443,0.372188892731259,0.952314299167377,0.427066825619305,0.00115539489643123,0.0251744658800512,-0.257176328976926,0.257176328976926
"ENSG00000163293","NIPAL1",101.7510206991,-1.30409250293413,0.401338416750763,-1.01804630363054,0.46282909243069,0.00115665498381748,0.0251805457757788,0.286046199303592,0.286046199303592
"ENSG00000198774","RASSF9",147.143071635223,1.71544324713141,0.528067912875899,1.25436594904202,0.6749635824221,0.001160039098748,0.0252017855486301,-0.461077298089389,0.461077298089389
"ENSG00000265943","ENSG00000265943",19.9109494553283,-2.08936104638043,0.643186853168014,-1.50383477201524,0.845561068792581,0.00116035147833981,0.0252017855486301,0.585526274365188,0.585526274365188
"ENSG00000142233","NTN5",148.967495268175,1.11595259093705,0.343539577524894,0.89335796292007,0.381008544851811,0.00116057624648306,0.0252017855486301,-0.22259462801698,0.22259462801698
"ENSG00000113739","STC2",8513.84445938962,-1.16217691625217,0.357851754273463,-0.916328259568499,0.408057945162908,0.00116362692341571,0.0252466713806518,0.245848656683668,0.245848656683668
"ENSG00000245025","ENSG00000245025",569.410506303329,1.82544219338171,0.562209551923557,1.26384549187414,0.794001807927393,0.00116666458920934,0.0252911993338143,-0.561596701507565,0.561596701507565
"ENSG00000196653","ZNF502",107.07171642581,1.72299932224846,0.530913929352191,1.25072015983708,0.685681709589735,0.00117308053079876,0.0253671484950734,-0.472279162411376,0.472279162411376
"ENSG00000273171","ENSG00000273171",14974.644740984,-3.35531710839577,1.03374186396609,-0.129514501479249,0.345090086952386,0.00117121978327962,0.0253671484950734,3.22580260691653,3.22580260691653
"ENSG00000228340","MIR646HG",54.7270464370795,1.74470575590641,0.537604520727318,1.26334597116829,0.696991761778398,0.00117313302153162,0.0253671484950734,-0.481359784738123,0.481359784738123
"ENSG00000163568","AIM2",44.4636638307901,2.01143020401502,0.620034810861635,1.40738334148007,0.848134351014713,0.00117838870707802,0.0254593459129389,-0.604046862534948,0.604046862534948
"ENSG00000106689","LHX2",69.3626023007557,-2.47941079602822,0.764354803826989,-1.14500062100006,2.77470376425016,0.00117948328398125,0.0254615621950771,1.33441017502816,1.33441017502816
"ENSG00000048740","CELF2",1332.72898631814,1.96238082521928,0.605178247216053,1.29056457456308,0.914720235971538,0.00118423878918665,0.0255427369765158,-0.671816250656204,0.671816250656204
"ENSG00000182866","LCK",250.772910098191,1.96424592129956,0.605975477573024,1.30371437736167,0.910205433698444,0.00118918674298274,0.0256279228649354,-0.660531543937891,0.660531543937891
"ENSG00000278206","ENSG00000278206",856.55599221238,-0.840157643081713,0.259237015931785,-0.69851800150592,0.275205465621771,0.0011915878193248,0.0256581246297061,0.141639641575793,0.141639641575793
"ENSG00000139304","PTPRQ",545.893525329906,1.55079731600192,0.478581889856515,1.17437860285393,0.577098201540652,0.00119361640580817,0.025680261766872,-0.376418713147995,0.376418713147995
"ENSG00000086232","EIF2AK1",6779.69322653902,-0.779294511818778,0.240582712274528,-0.652787874040238,0.252586398008171,0.00119867253877134,0.0257674439301876,0.12650663777854,0.12650663777854
"ENSG00000261717","ENSG00000261717",817.004792593689,-0.690250514990083,0.213120274516839,-0.588437998977867,0.219953157448036,0.001200404848516,0.0257830889095065,0.101812516012216,0.101812516012216
"ENSG00000166265","CYYR1",918.868730791029,1.75578222525079,0.542168250830564,1.24988611996577,0.722922999047638,0.00120183063422977,0.0257921295056651,-0.505896105285016,0.505896105285016
"ENSG00000162738","VANGL2",395.196146795528,1.86808307153581,0.577059154563339,1.28776820414793,0.803795144283844,0.00120688861718341,0.0258790393794876,-0.580314867387875,0.580314867387875
"ENSG00000176428","VPS37D",241.034285037665,-0.894713694553777,0.276443579196588,-0.735876391061968,0.295809577336405,0.00120999014492834,0.0258988369088608,0.158837303491809,0.158837303491809
"ENSG00000149970","CNKSR2",65.6072424107073,2.64837986114711,0.818276721721627,0.343684642946196,0.643081208252184,0.00120991107533537,0.0258988369088608,-2.30469521820091,2.30469521820091
"ENSG00000285082","ENSG00000285082",65.4047811690139,1.34889329126204,0.416819112597253,1.0483207624846,0.482338485784388,0.00121149505379252,0.0258988369088608,-0.300572528777434,0.300572528777434
"ENSG00000244687","UBE2V1",5611.13335607471,-0.560633542819552,0.173244823507144,-0.489646111138474,0.175120797444138,0.00121184801992994,0.0258988369088608,0.0709874316810774,0.0709874316810774
"ENSG00000164659","ELAPOR2",1201.63494006355,1.90789855552542,0.589810457996117,1.25441677566487,0.888760069155826,0.00121742648983051,0.0259964107441595,-0.653481779860549,0.653481779860549
"ENSG00000225783","MIAT",600.472750204121,1.65119000771414,0.510524381730414,1.18046808407623,0.675947520750336,0.00121940456903735,0.0260170050486131,-0.470721923637908,0.470721923637908
"ENSG00000143995","MEIS1",960.019119012529,1.87774040492362,0.580783926334057,1.27256020173306,0.84524596664794,0.00122448864413514,0.0261037790938676,-0.605180203190564,0.605180203190564
"ENSG00000259649","ENSG00000259649",27.6347627761531,1.83793943056155,0.568558138295646,1.34224160204919,0.731220748016322,0.00122655304695776,0.0261260888433733,-0.495697828512361,0.495697828512361
"ENSG00000286393","ENSG00000286393",15.6780685660748,2.17465579440791,0.67305871540583,1.58307033755536,0.86286093518596,0.00123355961756989,0.0262535445308179,-0.591585456852548,0.591585456852548
"ENSG00000253163","ENSG00000253163",24.9146875154428,-2.14479973284394,0.663942474497866,-1.45914280358849,0.956019736120117,0.00123617163151443,0.0262873382486172,0.685656929255448,0.685656929255448
"ENSG00000079435","LIPE",300.597005789298,1.33104348370897,0.412218458946879,1.02609411406987,0.487619585653696,0.0012423434870167,0.0263967138089882,-0.304949369639105,0.304949369639105
"ENSG00000180229","HERC2P3",727.459963432675,0.68023123811332,0.21071037864355,0.581090706214104,0.216822252746779,0.00124538793628447,0.0264395137804908,-0.0991405318992162,0.0991405318992162
"ENSG00000174236","REP15",32.9957001355599,1.30209436835185,0.403673164343379,1.02486985904547,0.454430340181709,0.00125702156402287,0.0266644400692356,-0.277224509306378,0.277224509306378
"ENSG00000274269","ENSG00000274269",17.1069325241319,2.01553050786068,0.625104763853856,1.45922217002678,0.804131473269762,0.00126277350033721,0.026764333140508,-0.556308337833905,0.556308337833905
"ENSG00000113396","SLC27A6",12.4928677737695,2.89804015966629,0.899056732734468,1.71272561954439,1.65339322984268,0.00126668344139194,0.0268250527146921,-1.1853145401219,1.1853145401219
"ENSG00000224940","PRRT4",19.4195484628744,1.37080677667818,0.425400351620592,1.08362216416922,0.474210150206717,0.00127124990298422,0.0268995641054377,-0.287184612508962,0.287184612508962
"ENSG00000205502","C2CD4B",395.18961679506,1.34988625203831,0.419452853422663,1.03835262344383,0.495022447471903,0.00128994533970318,0.0272502280116556,-0.311533628594478,0.311533628594478
"ENSG00000130477","UNC13A",898.257728531438,1.43804799620782,0.446844956735472,1.09183605578978,0.531659883244471,0.0012898620409872,0.0272502280116556,-0.346211940418039,0.346211940418039
"ENSG00000170231","FABP6",54.7030369422518,3.43171176454135,1.06689135402748,0.125068206747147,0.341208787698791,0.00129740915209883,0.0273628600714221,-3.30664355779421,3.30664355779421
"ENSG00000274092","ENSG00000274092",154.809374860923,1.09973476319672,0.341879643443668,0.877432474146839,0.381664348555723,0.00129660217754309,0.0273628600714221,-0.222302289049886,0.222302289049886
"ENSG00000183336","BOLA2",158.261026261672,-0.914933665326346,0.284523297385553,-0.748715546838051,0.30566257299831,0.00130139378819153,0.0274243631867914,0.166218118488295,0.166218118488295
"ENSG00000206052","DOK6",193.922548849746,1.76552099062669,0.549200611335294,1.23809241385839,0.746212600916368,0.00130576122488176,0.0274938255611485,-0.527428576768306,0.527428576768306
"ENSG00000162733","DDR2",1593.22809274489,1.52576321893926,0.474916318601866,1.12282930640949,0.599553888097464,0.00131493982852185,0.0276643939169428,-0.402933912529772,0.402933912529772
"ENSG00000130598","TNNI2",56.054619436749,1.11258246731544,0.346363828002946,0.889031275570374,0.382823889585256,0.0013173246488673,0.0276918687653374,-0.223551191745061,0.223551191745061
"ENSG00000283294","ENSG00000283294",224.768940373462,1.87697725098739,0.584401315352466,1.2640467537426,0.847479225488524,0.00131908442507148,0.0277061701622828,-0.612930497244798,0.612930497244798
"ENSG00000197586","ENTPD6",5716.80634033028,-0.696465937956541,0.216947891741194,-0.593200672800277,0.224284505520847,0.00132600501075063,0.0278287576540773,0.103265265156264,0.103265265156264
"ENSG00000284649","ENSG00000284649",60.105050367275,1.64901532408553,0.513867659123986,1.20094253250471,0.654078858393618,0.00133184865982419,0.0279285617252513,-0.448072791580815,0.448072791580815
"ENSG00000109610","SOD3",3783.65518786132,1.68767480133242,0.526143659592764,1.20138014415098,0.698221977633125,0.00133833015070085,0.0280415673290112,-0.48629465718144,0.48629465718144
"ENSG00000125144","MT1G",4558.69041936665,-2.48493680105774,0.77479297878263,-1.33037248139547,1.79662527514847,0.00134021293070415,0.0280581119839995,1.15456431966227,1.15456431966227
"ENSG00000147113","DIPK2B",1409.76345065528,1.75233332577009,0.546503493122786,1.19925317045253,0.763981980938185,0.00134386049267348,0.0281115462636106,-0.553080155317559,0.553080155317559
"ENSG00000122122","SASH3",451.314988039357,1.51899850690554,0.473876109615725,1.12475119306477,0.590192293111168,0.00134839280586873,0.0281833861141959,-0.394247313840769,0.394247313840769
"ENSG00000134531","EMP1",3310.33363882618,1.06003087338837,0.330727285677827,0.843292458799962,0.368923912613284,0.00134991666126225,0.0281922790436275,-0.216738414588406,0.216738414588406
"ENSG00000137821","LRRC49",194.902337503205,0.985684365589396,0.307593756631026,0.797774647753474,0.335967652019113,0.00135297026846212,0.0282330795777376,-0.187909717835922,0.187909717835922
"ENSG00000130037","KCNA5",84.5615396921499,2.61086315445149,0.814928580020685,0.305840298869878,0.559387384550139,0.00135629564382445,0.0282794803330968,-2.30502285558161,2.30502285558161
"ENSG00000112164","GLP1R",20.3498177268908,2.25651339213508,0.704389079638262,1.59085019993566,0.939578974201375,0.00135766048316811,0.0282849607317173,-0.66566319219942,0.66566319219942
"ENSG00000198722","UNC13B",1909.84658454686,1.16535985956627,0.363812953282676,0.912377793333164,0.417700286064936,0.00135917073687772,0.0282934592890839,-0.252982066233103,0.252982066233103
"ENSG00000110675","ELMOD1",16.686787313932,2.92882860866881,0.914877474887255,0.244429881165914,0.45307020208304,0.00136792742910487,0.028452668819153,-2.6843987275029,2.6843987275029
"ENSG00000277694","ENSG00000277694",66.1452028653211,1.90910528141477,0.596654448039417,1.2973189174283,0.846756115298768,0.00137578665750468,0.0285929685329332,-0.61178636398647,0.61178636398647
"ENSG00000181163","NPM1",21358.959864508,-0.736788013700688,0.230304838288513,-0.620067414346278,0.240119759606177,0.00137816224458773,0.0285935983704908,0.11672059935441,0.11672059935441
"ENSG00000203472","ENSG00000203472",11.5093102927792,2.24389425088331,0.701393912338164,1.64847203438684,0.874801957550344,0.00137813042755267,0.0285935983704908,-0.595422216496476,0.595422216496476
"ENSG00000093072","ADA2",917.578683927218,0.932604365871904,0.291532012364601,0.757313753081577,0.315864858453618,0.00137915902842824,0.0285935983704908,-0.175290612790327,0.175290612790327
"ENSG00000148677","ANKRD1",85.5846138705019,2.49305711400293,0.779469138611849,0.334129861675718,0.628459951080804,0.00138190594341013,0.0286274252215559,-2.15892725232722,2.15892725232722
"ENSG00000175906","ARL4D",256.124022209793,1.31538082392591,0.411368638677005,1.0034631240524,0.488643361009295,0.00138589828432703,0.0286769158245497,-0.311917699873506,0.311917699873506
"ENSG00000101298","SNPH",413.460136308069,1.87279564274736,0.585717096513014,1.2237084588855,0.876942976976444,0.00138652949461434,0.0286769158245497,-0.649087183861865,0.649087183861865
"ENSG00000089693","MLF2",9254.05733191852,-0.897823508108215,0.28101846697469,-0.731646601370294,0.302949836035573,0.00139883423964356,0.0289081146770783,0.166176906737921,0.166176906737921
"ENSG00000274253","ENSG00000274253",40.9971306370517,2.09308410609197,0.655195185605831,1.48545753468438,0.861110970414814,0.00140026567347539,0.028914415962263,-0.607626571407591,0.607626571407591
"ENSG00000237781","ADAMTSL4-AS2",294.960651855705,0.991151078686802,0.310285749685978,0.799696615270372,0.33957397455709,0.00140162064154033,0.0289191294263792,-0.19145446341643,0.19145446341643
"ENSG00000160593","JAML",429.528071290787,1.74309676411747,0.545771235100264,1.22154397432723,0.735357401479573,0.00140402136615801,0.0289453947029538,-0.521552789790241,0.521552789790241
"ENSG00000076706","MCAM",4578.03683121593,1.39633519277741,0.437508192298429,1.04296980367547,0.538317890250105,0.00141504985385784,0.0291491332853945,-0.353365389101938,0.353365389101938
"ENSG00000130649","CYP2E1",17555.1746017248,-2.81716113952177,0.882753495289389,-0.268682812051135,0.489926592453734,0.00141617521357724,0.0291491332853945,2.54847832747064,2.54847832747064
"ENSG00000196329","GIMAP5",1044.67968637189,1.53836616896907,0.482203228278319,1.11370773309557,0.618977716262816,0.00142132100876123,0.02923160763772,-0.424658435873493,0.424658435873493
"ENSG00000159763","PIP",545.020095649873,2.11851762693827,0.664139855903359,1.28556499225906,1.11113416871378,0.00142338418800953,0.0292506020445481,-0.832952634679202,0.832952634679202
"ENSG00000131941","RHPN2",1476.01739587963,-1.1028003392639,0.345762382211455,-0.866772576819103,0.390999027248467,0.00142531658849096,0.0292668807014379,0.236027762444796,0.236027762444796
"ENSG00000106178","CCL24",14.5729705745349,2.63116696088807,0.825143992331743,1.64131404811129,1.3207730626048,0.00142895950563815,0.0293182283223137,-0.989852912776779,0.989852912776779
"ENSG00000204136","GGTA1",202.52327278393,2.18517198096823,0.685391305011717,0.802404152416518,4.51353372579846,0.00143156116666392,0.0293247250317342,-1.38276782855171,1.38276782855171
"ENSG00000124203","ZNF831",74.7386788431388,2.07110747550772,0.649610887224351,1.31516849318826,1.01038036512564,0.00143147725378568,0.0293247250317342,-0.75593898231946,0.75593898231946
"ENSG00000254943","ENSG00000254943",147.359263648734,1.82847566969178,0.573565099647059,1.27678899160929,0.7732058819964,0.00143303618646544,0.0293315309394007,-0.551686678082491,0.551686678082491
"ENSG00000287763","ENSG00000287763",34.3980672098805,1.68929878984293,0.530008722089205,1.23485299852572,0.668904824009479,0.00143605872930841,0.0293699756216405,-0.454445791317204,0.454445791317204
"ENSG00000143297","FCRL5",72.5318614268021,1.66740798047655,0.523255971797467,1.22242275291079,0.655717238119151,0.00143955237229893,0.0294179862577999,-0.444985227565761,0.444985227565761
"ENSG00000100368","CSF2RB",656.84325727404,1.82563058248237,0.573320086698401,1.24790951598336,0.800426917606803,0.0014509804641417,0.029627936016806,-0.577721066499005,0.577721066499005
"ENSG00000051620","HEBP2",4733.61265047384,-0.935121919778332,0.293701715711371,-0.755294589513318,0.319397503594485,0.00145296609032191,0.0296381864868754,0.179827330265014,0.179827330265014
"ENSG00000189377","CXCL17",305.292174692059,3.07061482918622,0.964464009197927,0.145744504610764,0.354704949137132,0.00145379190349383,0.0296381864868754,-2.92487032457545,2.92487032457545
"ENSG00000130052","STARD8",843.555560363089,1.5910216987657,0.499819438499492,1.13083315742597,0.652487546032117,0.00145660526846403,0.0296484436365316,-0.460188541339735,0.460188541339735
"ENSG00000131477","RAMP2",789.583685762718,1.2133477032043,0.381172864654103,0.942113310102779,0.441085949864822,0.00145659288181535,0.0296484436365316,-0.271234393101519,0.271234393101519
"ENSG00000285625","ENSG00000285625",7724.23682147472,-0.629658972743444,0.197872795650012,-0.540434270778748,0.202384833950483,0.00146191044493055,0.0297328489619909,0.0892247019646956,0.0892247019646956
"ENSG00000165506","DNAAF2",604.995035760563,-0.83254219813935,0.261706729481732,-0.685772406609265,0.277987112231705,0.00146664887078623,0.0298056029821618,0.146769791530085,0.146769791530085
"ENSG00000243466","IGKV1-5",288.512479616415,1.40127834612109,0.440655307748026,1.04994066541221,0.534114451037608,0.0014728143336997,0.0299072195435683,-0.351337680708878,0.351337680708878
"ENSG00000153898","MCOLN2",142.313273031817,1.62359530184816,0.510894646620055,1.16610499014859,0.663780921998954,0.00148322669871485,0.0300703936074853,-0.457490311699578,0.457490311699578
"ENSG00000280029","ENSG00000280029",44.9609153638856,1.67580023057441,0.527317028731922,1.21393816891879,0.675616776233147,0.00148307638844895,0.0300703936074853,-0.461862061655622,0.461862061655622
"ENSG00000197253","TPSB2",1225.58784546119,2.27947968164696,0.717331136828017,0.355202591321665,0.653270043527317,0.00148436469788771,0.0300703936074853,-1.92427709032529,1.92427709032529
"ENSG00000124191","TOX2",448.84126621933,1.48685258242618,0.468024210062578,1.08162715485836,0.591354264473948,0.00148873193106058,0.030116960655704,-0.405225427567819,0.405225427567819
"ENSG00000130545","CRB3",764.725655468844,-1.05768096332065,0.332937338710592,-0.83638009364728,0.372281281602528,0.00148901013254718,0.030116960655704,0.22130086967337,0.22130086967337
"ENSG00000143515","ATP8B2",2134.84847024596,1.38712240588917,0.436993078274235,1.03337617477845,0.536778640115552,0.0015022764221453,0.030337473585526,-0.353746231110718,0.353746231110718
"ENSG00000071967","CYBRD1",6740.70931996274,1.34044442231313,0.422266597172177,1.00980734430006,0.510186651128174,0.0015014498079364,0.030337473585526,-0.330637078013068,0.330637078013068
"ENSG00000234409","CCDC188",42.0390970464917,1.70430647415098,0.536969829386552,1.2389531647384,0.680365917947627,0.00150388195999121,0.0303460206502315,-0.465353309412577,0.465353309412577
"ENSG00000077984","CST7",214.101437226986,1.77049049113873,0.557879368162219,1.19439012330405,0.79237421709127,0.00150556816672915,0.0303561807819616,-0.576100367834675,0.576100367834675
"ENSG00000132321","IQCA1",171.698310808619,2.05361103231182,0.647278240914976,1.24086756239,1.09154945439861,0.00151035441237185,0.030428780771074,-0.81274346992182,0.81274346992182
"ENSG00000005893","LAMP2",7606.86712451481,-0.753348213754768,0.237476857094729,-0.629238083688439,0.248625194218535,0.00151235855463335,0.0304452604092347,0.124110130066329,0.124110130066329
"ENSG00000211895","IGHA1",15132.1864892688,1.53985751553459,0.485620368807219,1.10475073875396,0.631156649593536,0.00151963259540902,0.0305677192996577,-0.435106776780632,0.435106776780632
"ENSG00000283251","ENSG00000283251",17.5093750324271,1.4572881562739,0.459724895096565,1.12212378629672,0.526217969351134,0.00152484318184274,0.0306485120973826,-0.335164369977178,0.335164369977178
"ENSG00000197816","CCDC180",404.895589277303,1.85040559182585,0.583806714072969,1.19194499841047,0.881564809422006,0.00152674268394004,0.0306626795529649,-0.658460593415376,0.658460593415376
"ENSG00000047365","ARAP2",577.777003255911,1.01335886959127,0.3197610054946,0.811026435149173,0.353267820283611,0.00152904753657972,0.0306813411389202,-0.202332434442093,0.202332434442093
"ENSG00000224650","IGHV3-74",41.6861705969517,1.89571895503252,0.598222321053784,1.31021587009861,0.821456980225102,0.0015300625962449,0.0306813411389202,-0.585503084933911,0.585503084933911
"ENSG00000170801","HTRA3",1710.16712791305,1.23609836706432,0.390139826482132,0.934566728991733,0.458877171002907,0.00153308394068489,0.030717927795128,-0.301531638072591,0.301531638072591
"ENSG00000167617","CDC42EP5",882.00151183123,1.42880253518754,0.451142955413281,1.05259436043199,0.561228361739394,0.00153981821486551,0.03082879416611,-0.37620817475555,0.37620817475555
"ENSG00000181378","CFAP65",149.695531621425,2.59238310652552,0.820029958645845,0.209207899165702,0.408230850078923,0.0015705191020883,0.0314189507352302,-2.38317520735982,2.38317520735982
"ENSG00000226329","ENSG00000226329",26.0913063684072,2.87081101903485,0.908261796012628,0.319934182894345,0.592270195895998,0.00157350088342542,0.0314540865847977,-2.55087683614051,2.55087683614051
"ENSG00000173198","CYSLTR1",68.2717880636119,1.6243404418757,0.514110728898939,1.16569417062991,0.662415616027059,0.00158032089568967,0.031565833797406,-0.458646271245786,0.458646271245786
"ENSG00000138735","PDE5A",1464.77311829595,1.57739182850792,0.499300406245951,1.12524993238441,0.648487946369682,0.00158200724684819,0.031574945571425,-0.452141896123505,0.452141896123505
"ENSG00000156261","CCT8",5774.22097645984,-0.796631282317887,0.252196600979256,-0.654365911747294,0.265975031279773,0.00158435988728608,0.0315973311786883,0.142265370570594,0.142265370570594
"ENSG00000012779","ALOX5",1265.90878591703,1.30216047149355,0.412294706808534,0.983349223488086,0.494296961392288,0.00158678822597676,0.0316211905249576,-0.318811248005466,0.318811248005466
"ENSG00000135406","PRPH",44.0452739845314,1.93932548687147,0.614114382646369,1.27191673378629,0.901687584950741,0.00158897918902108,0.0316387006911321,-0.667408753085181,0.667408753085181
"ENSG00000177469","CAVIN1",7698.87217941169,1.36702680084857,0.432917036229055,1.01691345642716,0.531227920295364,0.00159013222782407,0.0316387006911321,-0.350113344421402,0.350113344421402
"ENSG00000120738","EGR1",2976.67673191053,1.26761040844174,0.401544209862694,0.96336539592699,0.47696416313054,0.001594893977794,0.0317088642355062,-0.304245012514748,0.304245012514748
"ENSG00000162614","NEXN",765.483589949047,1.52990681335547,0.485083453787338,1.08929255564153,0.632533683262345,0.00161101880131265,0.0320046591124549,-0.440614257713938,0.440614257713938
"ENSG00000224101","ELMO1-AS1",45.6918100884838,1.96344371378747,0.62289683577633,1.35111817024598,0.851522661406533,0.00162091302855246,0.032176314542812,-0.612325543541487,0.612325543541487
"ENSG00000088882","CPXM1",886.431674878197,2.64460741754335,0.839079553033361,0.230252938674176,0.43190220905557,0.00162269706176615,0.0321868357684326,-2.41435447886918,2.41435447886918
"ENSG00000130558","OLFM1",679.271459357517,1.8953769606808,0.601491804065463,1.14003945214515,1.00283552798346,0.00162641849205701,0.0322357401047315,-0.755337508535652,0.755337508535652
"ENSG00000211663","IGLV3-19",107.392951844944,1.36076010488404,0.43189397839675,1.03099382484273,0.508872957415585,0.00162890353016995,0.0322600824914136,-0.329766280041309,0.329766280041309
"ENSG00000278151","ENSG00000278151",16.484547283484,1.87948144104485,0.596612980559036,1.36882695506125,0.742220727013256,0.00163129495190741,0.0322825347190497,-0.510654485983605,0.510654485983605
"ENSG00000118971","CCND2",777.962532616871,1.59858871519355,0.507658313356204,1.12083536549546,0.675860751148156,0.00163860360599684,0.0324021870224352,-0.47775334969809,0.47775334969809
"ENSG00000114654","EFCC1",410.587085212257,2.04236676035752,0.649039448692711,1.01913990338729,1.49497635591781,0.00165094424927805,0.0325459186222886,-1.02322685697023,1.02322685697023
"ENSG00000272701","MESTIT1",52.7925538757272,-1.14623509463553,0.364251529960625,-0.899580250627981,0.407033761928867,0.00165054841451766,0.0325459186222886,0.246654844007551,0.246654844007551
"ENSG00000099769","IGFALS",253.720589739379,-1.89207306365089,0.60125983435048,-1.29052467372265,0.831758279196943,0.0016504096257335,0.0325459186222886,0.601548389928246,0.601548389928246
"ENSG00000278917","ENSG00000278917",31.2575367335116,1.40568815657189,0.446679180288714,1.07707269206123,0.512167473759837,0.00164969138020672,0.0325459186222886,-0.328615464510655,0.328615464510655
"ENSG00000115233","PSMD14",1912.84219145342,-0.930472228348871,0.295741964833104,-0.748724401680027,0.321922298564974,0.00165389914252145,0.032554163566793,0.181747826668845,0.181747826668845
"ENSG00000185585","OLFML2A",734.867140917302,2.24597404195748,0.713824385848227,0.3443676516593,0.62617463474421,0.00165296154738307,0.032554163566793,-1.90160639029818,1.90160639029818
"ENSG00000105122","RASAL3",724.060613484816,1.34676143728979,0.428228699786469,1.00349004970773,0.520366214558934,0.00166110460735197,0.0326709363654429,-0.343271387582058,0.343271387582058
"ENSG00000164056","SPRY1",4426.64721547995,1.78248953152819,0.566883040971436,1.15574466877953,0.848037870057063,0.00166445343422275,0.0327117352957086,-0.626744862748664,0.626744862748664
"ENSG00000006611","USH1C",84.4499859610695,-3.03874690117314,0.966636394267746,-0.201569400406335,0.401717780533149,0.00166866436323589,0.0327694018448169,2.83717750076681,2.83717750076681
"ENSG00000174740","PABPC5",95.2037312619002,1.6560755377333,0.526846664837282,1.1640847196757,0.700429496016838,0.00167012918284454,0.0327730930703906,-0.4919908180576,0.4919908180576
"ENSG00000169418","NPR1",1557.00776528992,1.65487123321608,0.526683327745608,1.14499341613745,0.707262139988156,0.00167762982753914,0.0328199121825053,-0.509877817078634,0.509877817078634
"ENSG00000166391","MOGAT2",74.2323811103262,-3.1960800576783,1.01703396491887,-0.221933900284412,0.430859839219511,0.00167483121821388,0.0328199121825053,2.97414615739389,2.97414615739389
"ENSG00000196600","SLC22A25",62.9665935954114,-2.80738329743479,0.893405520812837,-0.248823677473548,0.458120627025214,0.00167603676346564,0.0328199121825053,2.55855961996124,2.55855961996124
"ENSG00000129467","ADCY4",1507.0611136086,1.33638735827807,0.425299670402309,0.99699775738558,0.516211153797389,0.00167668998377213,0.0328199121825053,-0.339389600892493,0.339389600892493
"ENSG00000223564","CYP4F32P",13.76876633442,2.35482151454913,0.749810054561558,1.59127723569883,1.04707723071678,0.0016862666013744,0.0329344664793784,-0.763544278850294,0.763544278850294
"ENSG00000285921","ENSG00000285921",70.7473402285625,1.33613147473294,0.425426751342268,1.00960398757172,0.504797733446612,0.00168553136345375,0.0329344664793784,-0.326527487161218,0.326527487161218
"ENSG00000107719","PALD1",870.487751925761,1.3345611493799,0.424969141602003,1.00052319869639,0.513915908538058,0.00168733484319876,0.0329344664793784,-0.334037950683508,0.334037950683508
"ENSG00000183160","TMEM119",882.725434756722,2.09659345263878,0.667703761769867,0.867396710117784,2.34642711845763,0.00168944690201429,0.032950633460487,-1.229196742521,1.229196742521
"ENSG00000145649","GZMA",97.9009203524985,1.89093280196182,0.602306586511674,1.20755508103654,0.929385568359347,0.00169244783403618,0.032984099131516,-0.683377720925283,0.683377720925283
"ENSG00000211673","IGLV3-1",100.210464316277,1.83472409524315,0.584465586431923,1.25270561140346,0.799181760554601,0.0016943972946025,0.0329970374511096,-0.582018483839695,0.582018483839695
"ENSG00000120949","TNFRSF8",93.3493086071957,2.46124187637542,0.78423237311253,0.464195955213998,1.17024355921941,0.00169867716097622,0.0330553045419081,-1.99704592116142,1.99704592116142
"ENSG00000187068","C3orf70",126.215951386176,1.36300363009436,0.434354496812316,1.01572132316303,0.526388088156471,0.00170105920333756,0.0330729343236565,-0.347282306931324,0.347282306931324
"ENSG00000182885","ADGRG3",222.611930281945,1.41637387495036,0.451389514846246,1.05045025771379,0.550708135143181,0.00170216021512254,0.0330729343236565,-0.365923617236573,0.365923617236573
"ENSG00000158220","ESYT3",178.118975639128,1.81954722858116,0.579932776132045,1.22451621168333,0.822637494725153,0.00170387112343729,0.0330811347392321,-0.595031016897836,0.595031016897836
"ENSG00000028277","POU2F2",213.008340077691,1.01622139974158,0.32415894226344,0.805941772182445,0.358485531702296,0.00171884627543164,0.033346657106201,-0.210279627559134,0.210279627559134
"ENSG00000185483","ROR1",191.632472056567,2.1155441574631,0.675073531864428,0.946416623453781,1.89191981361328,0.00172559537808545,0.0334270615617504,-1.16912753400932,1.16912753400932
"ENSG00000250073","ESAM-AS1",37.4158846992209,1.47715640690126,0.471362524698854,1.09623715993851,0.569287995497975,0.00172557768281717,0.0334270615617504,-0.380919246962749,0.380919246962749
"ENSG00000164236","ANKRD33B",165.875952523859,1.66546717690457,0.531524081580035,1.15735519619026,0.70562684263041,0.00172805285011979,0.0334494211945887,-0.50811198071431,0.50811198071431
"ENSG00000133878","DUSP26",80.0185879647273,2.66462768896759,0.850695797519621,0.242725056143913,0.450282544509646,0.00173447244282906,0.0335231206250704,-2.42190263282367,2.42190263282367
"ENSG00000204161","TMEM273",346.199029777246,1.64583754552403,0.525410775968724,1.1292479477326,0.716665038592103,0.00173337587385888,0.0335231206250704,-0.516589597791426,0.516589597791426
"ENSG00000106948","AKNA",1844.30475306742,0.91425050302123,0.291986124993314,0.736698655913756,0.316884246580832,0.00174126960856878,0.0335811421554569,-0.177551847107474,0.177551847107474
"ENSG00000214688","C10orf105",39.7163020242135,1.37117621962802,0.437918524567868,1.04024106648819,0.511406446989675,0.00174139947048401,0.0335811421554569,-0.330935153139832,0.330935153139832
"ENSG00000123360","PDE1B",303.234125953294,1.31062610125929,0.418524043039419,0.980571322047847,0.502009938953062,0.00173890229036393,0.0335811421554569,-0.330054779211439,0.330054779211439
"ENSG00000284791","SMIM41",252.272359477964,2.98714672459997,0.954297562170026,0.134133952170705,0.345705567494005,0.00174684524278937,0.0336608685035096,-2.85301277242926,2.85301277242926
"ENSG00000273211","ENSG00000273211",37.2219580632623,1.04233490368578,0.333078878503363,0.832046591773519,0.360888670189612,0.00175167510577765,0.0337286158589609,-0.210288311912257,0.210288311912257
"ENSG00000137273","FOXF2",320.614697413612,2.0388690877882,0.651654480995003,1.07028071565615,1.3389600776583,0.00175546898017895,0.0337416087975025,-0.968588372132057,0.968588372132057
"ENSG00000156510","HKDC1",124.117904996416,-1.88252155047213,0.601716783140792,-1.22967657550247,0.89371193624921,0.00175650746409373,0.0337416087975025,0.652844974969659,0.652844974969659
"ENSG00000172322","CLEC12A",142.526571140209,2.29537577197608,0.733660789609049,0.393123571470898,0.760987805011723,0.00175604881732704,0.0337416087975025,-1.90225220050518,1.90225220050518
"ENSG00000183527","PSMG1",608.144322195704,-1.03330987382139,0.330299796520966,-0.814546528784842,0.368606473503323,0.00175760825037055,0.0337416087975025,0.21876334503655,0.21876334503655
"ENSG00000095303","PTGS1",688.548241944169,1.51217511112946,0.483456474702448,1.07021565724389,0.627148957441988,0.00176095257137625,0.0337553171392936,-0.441959453885565,0.441959453885565
"ENSG00000227355","ENSG00000227355",62.422743224596,2.19946537014227,0.703156442154292,1.27281083507732,1.24081437322838,0.00176006977977788,0.0337553171392936,-0.926654535064951,0.926654535064951
"ENSG00000136826","KLF4",1773.88391647385,1.32144556370429,0.422561441775576,0.990527367848168,0.50493124386052,0.00176463600769244,0.0338006809025685,-0.330918195856123,0.330918195856123
"ENSG00000188404","SELL",314.046870272914,1.48783944415814,0.475955579623474,1.06490420692701,0.608402963164148,0.00177198637127769,0.0339161627081167,-0.422935237231129,0.422935237231129
"ENSG00000290462","ENSG00000290462",156.263784885275,1.90046968611679,0.608315329790594,1.22473550763205,0.920745696456349,0.00178318183054361,0.0341050134460229,-0.675734178484743,0.675734178484743
"ENSG00000287237","ENSG00000287237",33.9259280807821,1.68770401675824,0.540333716409929,1.20369437658556,0.692952469235912,0.00178745726942154,0.0341613296606424,-0.484009640172683,0.484009640172683
"ENSG00000287448","ENSG00000287448",96.5101644469864,-1.97614319019445,0.632737874008978,-1.559083382099,0.836930570768362,0.00178918943838931,0.0341689920499542,0.417059808095448,0.417059808095448
"ENSG00000038295","TLL1",405.850338325886,2.56625154790155,0.821907318395279,0.209172637444425,0.405448232671993,0.00179436322237895,0.0342198527485331,-2.35707891045713,2.35707891045713
"ENSG00000261371","PECAM1",12091.5398270213,1.88318610083913,0.603143178315701,1.15165546184645,0.990531325752539,0.00179451910233083,0.0342198527485331,-0.731530638992679,0.731530638992679
"ENSG00000226194","LINC02519",43.6027133692776,2.60299152771396,0.8338270349082,0.313532858678737,0.571822876123007,0.00179785405842385,0.0342579956329361,-2.28945866903522,2.28945866903522
"ENSG00000263335","ENSG00000263335",585.727277380371,2.13340388692066,0.683604750562164,1.35199870283171,1.06096738053716,0.00180351361227724,0.0343403441293175,-0.78140518408895,0.78140518408895
"ENSG00000236841","ENSG00000236841",282.388621070705,1.3617426405706,0.436575063997869,1.00296166057378,0.532989768513003,0.00181374263917608,0.0345095124682968,-0.358780979996821,0.358780979996821
"ENSG00000287935","ENSG00000287935",11.365510659665,1.85354145750769,0.594414544469798,1.35708415589164,0.724266420204149,0.00181919788552465,0.0345876682427861,-0.496457301616045,0.496457301616045
"ENSG00000250334","LINC00989",38.0974785526532,2.16763921567468,0.69533888889431,1.30465026734768,1.13019478899378,0.00182462945585176,0.0346503813155337,-0.862988948327001,0.862988948327001
"ENSG00000008853","RHOBTB2",1753.3716873491,1.24342564293733,0.398879849521763,0.943444082210946,0.471467927269243,0.00182519638207043,0.0346503813155337,-0.29998156072638,0.29998156072638
"ENSG00000236423","LINC01134",117.298950684522,-1.31603309804429,0.422374621399242,-0.994060323386736,0.493172139176775,0.00183449218175356,0.0347811051731508,0.321972774657554,0.321972774657554
"ENSG00000171016","PYGO1",169.929541096268,1.45601129588606,0.467307202015414,1.05483665914901,0.585579681666478,0.00183479239507719,0.0347811051731508,-0.401174636737051,0.401174636737051
"ENSG00000182389","CACNB4",324.934597566128,1.96395163381823,0.630512661701351,1.26532465395724,0.941514517639665,0.00184039195711676,0.0348615058031851,-0.698626979860998,0.698626979860998
"ENSG00000278060","ENSG00000278060",53.310058703842,-2.08709045808903,0.670106671089412,-1.50593678575315,0.926182516936079,0.00184216666859742,0.0348693892941666,0.581153672335872,0.581153672335872
"ENSG00000256100","ENSG00000256100",5284.64266757307,-0.769010859508915,0.247182300616246,-0.630152645355572,0.260079132829303,0.00186386689321287,0.0352281822887296,0.138858214153344,0.138858214153344
"ENSG00000264452","ENSG00000264452",134.871606790456,-1.31845589800238,0.423767780778228,-0.984869316661845,0.504088844520989,0.00186284654093275,0.0352281822887296,0.333586581340531,0.333586581340531
"ENSG00000284368","MIR5047",1223.2007784567,0.926451590076432,0.298051583492364,0.736749195457968,0.326767225925753,0.00188128818316228,0.0355312905056852,-0.189702394618463,0.189702394618463
"ENSG00000153086","ACMSD",433.756327126439,-2.1647063900996,0.696475598621579,-1.30096953073898,1.17679204360643,0.00188302959877054,0.035538029935032,0.863736859360611,0.863736859360611
"ENSG00000142405","NLRP12",35.7273071180791,1.19783770688705,0.385492845130711,0.930920840522001,0.430016809496163,0.00188811668209619,0.0356078551648514,-0.266916866365047,0.266916866365047
"ENSG00000289424","ENSG00000289424",18.8695685148373,2.24754545599255,0.723426856810273,1.41853405076942,1.10320428511971,0.00189121741002164,0.0356291747459134,-0.829011405223132,0.829011405223132
"ENSG00000137841","PLCB2",1160.30173810367,1.4403317588827,0.463624406310293,1.04048421156895,0.587270140515226,0.00189202342224179,0.0356291747459134,-0.399847547313748,0.399847547313748
"ENSG00000196639","HRH1",233.35497885912,1.48432054964609,0.477926065273095,1.07170595627107,0.601583829965089,0.00189794860051287,0.0356426586508631,-0.412614593375013,0.412614593375013
"ENSG00000196511","TPK1",183.900628748817,0.97014518306828,0.312390265435084,0.773085297847996,0.3418036614489,0.00189922230446615,0.0356426586508631,-0.197059885220284,0.197059885220284
"ENSG00000160447","PKN3",618.270208251689,0.836757201457301,0.269426708453505,0.680875892874814,0.287457209906747,0.00189832360522985,0.0356426586508631,-0.155881308582488,0.155881308582488
"ENSG00000149451","ADAM33",1098.61810828848,2.14939286038899,0.692090459951693,0.838223076212645,3.02448566417506,0.00189859327159124,0.0356426586508631,-1.31116978417635,1.31116978417635
"ENSG00000104979","C19orf53",2502.82341604642,-0.596487972873462,0.192075723294717,-0.510558702283579,0.195315364447015,0.00189968274571943,0.0356426586508631,0.0859292705898824,0.0859292705898824
"ENSG00000122679","RAMP3",1692.07736064273,2.15166506032571,0.693034303960014,0.468443730289816,1.10787304865858,0.00190470752965826,0.0357108313833007,-1.68322133003589,1.68322133003589
"ENSG00000010932","FMO1",111.594213937289,2.38385061930736,0.76804450670045,0.334320807992205,0.608079342467562,0.00191057410015954,0.0357946754954707,-2.04952981131516,2.04952981131516
"ENSG00000259546","ENSG00000259546",128.268864638098,1.76423132009989,0.568603584912281,1.12739400865283,0.852879648062188,0.00191735465400326,0.0358955083182362,-0.636837311447059,0.636837311447059
"ENSG00000021852","C8B",2446.72751895017,-3.24421079899025,1.0456822422815,-0.110098525846595,0.332212072382124,0.00191904929934864,0.0358988166574484,3.13411227314366,3.13411227314366
"ENSG00000257594","GALNT4",902.483925492897,-1.07791922461515,0.347459746975064,-0.830108664245658,0.394248179587869,0.00192032864264139,0.0358988166574484,0.247810560369489,0.247810560369489
"ENSG00000177888","ZBTB41",1571.92879427533,-0.759601415159656,0.244894367575783,-0.627253831512965,0.257201676521484,0.00192379528396206,0.0359076340415053,0.132347583646691,0.132347583646691
"ENSG00000109193","SULT1E1",49.2651585005974,3.16763026097871,1.02130017548942,0.164081299028892,0.366927059294667,0.00192499725098809,0.0359076340415053,-3.00354896194982,3.00354896194982
"ENSG00000278420","MIR6819",118.25790521153,0.851599593299137,0.274547373501578,0.689654980201988,0.292294417378198,0.00192327630173997,0.0359076340415053,-0.161944613097149,0.161944613097149
"ENSG00000175899","A2M",64289.8544320872,1.94316703117797,0.626578510768818,1.22730612246693,0.970816743251266,0.00192715464702981,0.0359217707518621,-0.715860908711038,0.715860908711038
"ENSG00000140538","NTRK3",393.637188210968,2.37186660147134,0.764958007562034,0.306465066434467,0.553408126223591,0.00193096762821663,0.0359667243203455,-2.06540153503687,2.06540153503687
"ENSG00000120057","SFRP5",137.928738950482,-2.36091889006976,0.761592858468783,-0.393241570344461,0.78495650430124,0.00193536918483422,0.036006479068053,1.9676773197253,1.9676773197253
"ENSG00000120645","IQSEC3",201.44179390093,2.22852318266396,0.718903330295857,0.344760038073035,0.630718934323016,0.00193590762901442,0.036006479068053,-1.88376314459093,1.88376314459093
"ENSG00000003400","CASP10",518.857422296715,1.32319143172061,0.427012196485275,0.974053234328776,0.519458073377433,0.00194358305010044,0.0360969219587033,-0.349138197391831,0.349138197391831
"ENSG00000247982","LINC00926",142.511123290325,0.85820289928944,0.276946990279518,0.695962289368692,0.295271151093372,0.0019430716728893,0.0360969219587033,-0.162240609920748,0.162240609920748
"ENSG00000204044","SLC12A5-AS1",469.447612415346,2.23954114449734,0.722781171476911,0.453509935260182,1.03051357934083,0.00194499623847508,0.0360970487729138,-1.78603120923715,1.78603120923715
"ENSG00000075213","SEMA3A",198.504959947565,1.9552404991552,0.631234207202369,1.07985224421717,1.21089577674026,0.00195168175580785,0.0361949534872256,-0.875388254938033,0.875388254938033
"ENSG00000090554","FLT3LG",240.483772788697,1.29596998295877,0.418560061677246,0.96295923683732,0.502156062166748,0.00195979691142592,0.0363192110653928,-0.333010746121446,0.333010746121446
"ENSG00000274396","ENSG00000274396",61.5235113126142,1.88106000575599,0.607579670566714,1.22979675666215,0.883327880451542,0.00196157606562193,0.036325954456218,-0.651263249093841,0.651263249093841
"ENSG00000094975","SUCO",2703.05827177473,-0.796007451092964,0.257157419776567,-0.647687300159434,0.272212704148119,0.00196541518793041,0.0363446049197477,0.148320150933531,0.148320150933531
"ENSG00000128524","ATP6V1F",2935.12072118138,-0.563591361579255,0.182062939169781,-0.487148302757788,0.184247124776728,0.0019642485370022,0.0363446049197477,0.0764430588214669,0.0764430588214669
"ENSG00000249695","ENSG00000249695",36.0897348633285,2.49011550746779,0.804514849913538,0.285529928501581,0.516950437096524,0.0019669576915294,0.036346942453913,-2.20458557896621,2.20458557896621
"ENSG00000174059","CD34",2140.63053895488,1.88487274309854,0.609221994261105,1.12545967224351,1.01430548397835,0.00197543167785037,0.036477269694522,-0.759413070855031,0.759413070855031
"ENSG00000123843","C4BPB",1672.81548671552,-2.79114507264063,0.902260087496318,-0.221912794659814,0.42174681463798,0.00197807972979483,0.036490360334874,2.56923227798081,2.56923227798081
"ENSG00000172986","GXYLT2",327.520800130992,1.13218319322061,0.366003365615581,0.869210875665035,0.420641174420481,0.00197898397109692,0.036490360334874,-0.26297231755558,0.26297231755558
"ENSG00000234431","ENSG00000234431",523.151831021214,0.662207786433641,0.214130580922717,0.555483142114018,0.220355642937365,0.0019845023870605,0.0365658454907982,-0.106724644319623,0.106724644319623
"ENSG00000184385","UMODL1-AS1",13.2708592180523,2.48284704988485,0.803104695934976,1.46034213247552,1.4043678129121,0.00199107157671308,0.0366605696983463,-1.02250491740933,1.02250491740933
"ENSG00000261468","ENSG00000261468",43.5199982474385,1.78374624056669,0.577134205297578,1.20330298243252,0.805197194053838,0.00199688126047673,0.0367411837366712,-0.580443258134176,0.580443258134176
"ENSG00000156313","RPGR",724.389611438412,1.17558780318933,0.380484303427851,0.892408882020031,0.444609798362585,0.00200349096357818,0.0368363915201727,-0.283178921169296,0.283178921169296
"ENSG00000285569","ENSG00000285569",17.2371108688496,2.09519658748152,0.678260296486797,1.35560847102355,1.00135421209654,0.00200781082602939,0.036889391890978,-0.739588116457968,0.739588116457968
"ENSG00000101347","SAMHD1",3726.35178082198,0.913267264213145,0.295975833106134,0.72995536612353,0.322141707167995,0.00203132130585609,0.0372946523300489,-0.183311898089614,0.183311898089614
"ENSG00000162194","LBHD1",2556.30839205135,-0.890617287890113,0.288735877586153,-0.713801039190645,0.312707626995935,0.00203867374346092,0.0374028870431819,0.176816248699468,0.176816248699468
"ENSG00000255819","KLRC4-KLRK1",157.620729626415,1.75611956360946,0.569846714612157,1.12409541735148,0.84213437975745,0.0020579432222657,0.0377294490613527,-0.632024146257981,0.632024146257981
"ENSG00000182329","KIAA2012",32.0635627585963,2.33213867018426,0.756931417799793,0.454761842696068,1.03750825835859,0.00206276469086111,0.0377664488616511,-1.87737682748819,1.87737682748819
"ENSG00000086598","TMED2",10286.5831643514,-0.765573883506832,0.248480383702667,-0.629087720288263,0.261567168482673,0.00206290416893423,0.0377664488616511,0.136486163218569,0.136486163218569
"ENSG00000169230","PRELID1",5366.24460098317,-0.739726486205559,0.240226634966638,-0.611383298870917,0.251487850550586,0.00207497462257559,0.0379098437932054,0.128343187334643,0.128343187334643
"ENSG00000178175","ZNF366",326.727228045871,1.55675504795505,0.505498494723357,1.06510822771603,0.680889835620185,0.0020724864937399,0.0379098437932054,-0.49164682023902,0.49164682023902
"ENSG00000272162","ENSG00000272162",774.004984034848,-0.630078475305314,0.204620217772373,-0.536388105549976,0.209462997996752,0.00207516774572227,0.0379098437932054,0.0936903697553388,0.0936903697553388
"ENSG00000244731","C4A",4836.37211917154,-1.13214222634656,0.367701309387671,-0.862365221732572,0.423514878955617,0.00207715842051856,0.0379192213225106,0.269777004613991,0.269777004613991
"ENSG00000244675","ENSG00000244675",141.79411984101,-1.29303163611791,0.420179248096468,-0.969694669416105,0.493396595872774,0.00208861549432898,0.0380471922590077,0.323336966701801,0.323336966701801
"ENSG00000288796","ENSG00000288796",101.127429360146,2.49758531019036,0.811550043371937,0.363570062472005,0.690131844776177,0.00208710275670017,0.0380471922590077,-2.13401524771836,2.13401524771836
"ENSG00000170915","PAQR8",191.550814668036,1.07143979131347,0.348166242964462,0.831212372503263,0.392952274220815,0.00208828983778766,0.0380471922590077,-0.240227418810211,0.240227418810211
"ENSG00000181322","NME9",55.2430422391516,1.73446839660326,0.563667555617907,1.15273292100658,0.795351444217325,0.00209016505131513,0.0380484158667415,-0.581735475596681,0.581735475596681
"ENSG00000132514","CLEC10A",128.299488952079,2.34866836306243,0.763367934707503,0.346521178592543,0.623810327513847,0.00209292741830164,0.0380716995361787,-2.00214718446989,2.00214718446989
"ENSG00000150471","ADGRL3",115.356897053845,1.85956195939292,0.604573547098468,1.18594363399242,0.898651555568108,0.00209921561291176,0.0381590418814491,-0.673618325400502,0.673618325400502
"ENSG00000141968","VAV1",466.33615025824,1.96115572049837,0.637689350118718,0.839761054225804,1.84120551740276,0.00210213895741064,0.0381851384429292,-1.12139466627257,1.12139466627257
"ENSG00000091592","NLRP1",1670.2654064236,1.54597183035986,0.502809356067801,1.06305119789487,0.669800328838563,0.00210737006123097,0.0382530886574366,-0.482920632464988,0.482920632464988
"ENSG00000121440","PDZRN3",532.400727028146,1.41435641909094,0.460049951423887,1.00359176876963,0.588662799387052,0.00210958932404793,0.0382663103747973,-0.410764650321314,0.410764650321314
"ENSG00000238221","ENSG00000238221",534.168215622412,-0.511627728915532,0.16646634609465,-0.444620366349398,0.166927597857651,0.00211591741345789,0.0383153625755313,0.0670073625661334,0.0670073625661334
"ENSG00000011465","DCN",21507.8247915752,1.72639645338141,0.561732991775083,1.12124845402832,0.813389181284262,0.00211677189122622,0.0383153625755313,-0.605147999353091,0.605147999353091
"ENSG00000100985","MMP9",880.234773016138,2.35904414274031,0.767514875664152,0.306989804706963,0.550413761156464,0.00211483169134428,0.0383153625755313,-2.05205433803335,2.05205433803335
"ENSG00000243701","DUBR",382.744482687013,1.43977542536495,0.46886975580676,1.02356356159838,0.593213209959977,0.00213531576119309,0.0386237841032721,-0.416211863766566,0.416211863766566
"ENSG00000168329","CX3CR1",22.5774723442713,1.37572518197709,0.448384252282781,1.03347923746858,0.522836943395381,0.00215364299485698,0.0389075182322371,-0.342245944508519,0.342245944508519
"ENSG00000256940","PPP1R14B-AS1",215.417701037039,-0.646916272588053,0.210850392130598,-0.546581349283319,0.216002340333594,0.00215403371675727,0.0389075182322371,0.100334923304734,0.100334923304734
"ENSG00000163464","CXCR1",54.0252210614062,1.445216378495,0.471197809007337,1.04752678186319,0.578329934879141,0.00216137972645644,0.0390127520667773,-0.397689596631813,0.397689596631813
"ENSG00000235387","SPAAR",71.2962718539567,2.2617844841596,0.737616062049929,0.405044462555518,0.800501207395612,0.00216693950963707,0.0390856193913244,-1.85674002160408,1.85674002160408
"ENSG00000182179","UBA7",1819.99378941223,0.967911607747404,0.315714090779563,0.763337530113867,0.349028613043539,0.00217099170560791,0.0391215312742605,-0.204574077633537,0.204574077633537
"ENSG00000277351","ENSG00000277351",15.3819987262137,2.30509365760835,0.75191041478718,1.4803959564477,1.10488099216981,0.00217197888595555,0.0391215312742605,-0.82469770116065,0.82469770116065
"ENSG00000060718","COL11A1",536.79655312079,2.04303066048839,0.666565611783347,0.913523654658827,1.70104647906043,0.00217662288314191,0.0391776855130458,-1.12950700582957,1.12950700582957
"ENSG00000126895","AVPR2",36.2270025597279,2.30708934530552,0.752995154083172,0.403091873359396,0.790750417667039,0.00218484054184575,0.0392705396880873,-1.90399747194612,1.90399747194612
"ENSG00000120820","GLT8D2",328.10145709556,1.53904501339802,0.502318428563133,1.06468949920092,0.66235300540746,0.00218484165171577,0.0392705396880873,-0.4743555141971,0.4743555141971
"ENSG00000185985","SLITRK2",72.4468103665433,2.45138574281565,0.800266031414216,0.262752389382608,0.473937560116546,0.00218973742216375,0.0393057445075925,-2.18863335343305,2.18863335343305
"ENSG00000075089","ACTR6",1055.77413391212,-0.664138165583816,0.216812141440001,-0.557729070541334,0.223473501455844,0.00218986303992899,0.0393057445075925,0.106409095042482,0.106409095042482
"ENSG00000267102","ENSG00000267102",35.2772261635658,1.94868800305104,0.63630262476073,1.20681022464219,0.979080162328738,0.0021948354992376,0.0393674652403434,-0.741877778408849,0.741877778408849
"ENSG00000158104","HPD",4077.97423894908,-2.72620313614803,0.890720911120428,-0.204164883009027,0.405631395103879,0.0022084204852,0.0395558468901803,2.52203825313901,2.52203825313901
"ENSG00000186187","ZNRF1",1768.28093600291,-0.811773355679077,0.265216273107413,-0.658102534139531,0.28220215754802,0.00220748197303901,0.0395558468901803,0.153670821539545,0.153670821539545
"ENSG00000122861","PLAU",828.266850140493,1.31696580322312,0.430413704141771,0.970745811780285,0.519279373936801,0.00221508979883905,0.0396325373620379,-0.346219991442831,0.346219991442831
"ENSG00000100522","GNPNAT1",2328.59042161749,-0.981162784802042,0.320675738291952,-0.76557861158084,0.355932747177008,0.00221579035783396,0.0396325373620379,0.215584173221201,0.215584173221201
"ENSG00000253552","HOXA-AS2",226.726572885428,1.62452516955901,0.53101601050109,1.08438479330153,0.732323616849377,0.00221871756992266,0.039657258960449,-0.540140376257486,0.540140376257486
"ENSG00000171608","PIK3CD",1153.78331947002,1.00984070982602,0.330117959988893,0.78602164813119,0.369198979040957,0.00222054987063684,0.0396623893734418,-0.223819061694829,0.223819061694829
"ENSG00000102245","CD40LG",33.7620288845168,1.92567238580996,0.629616917229045,1.26698923317633,0.885228584808573,0.00222460997970152,0.0396998293943245,-0.658683152633637,0.658683152633637
"ENSG00000258498","DIO3OS",809.703202873038,1.50149143784762,0.490951331996817,1.05955838543535,0.625214624834474,0.00222573945137464,0.0396998293943245,-0.441933052412269,0.441933052412269
"ENSG00000289033","ENSG00000289033",124.769496763867,-1.27208974275208,0.416103815112116,-0.939607368458845,0.495781145985085,0.00223456072860491,0.0398294932090987,0.332482374293235,0.332482374293235
"ENSG00000272674","PCDHB16",201.595438977642,1.61925940364363,0.529907667099764,1.08605322464805,0.728668335027081,0.00224506764786727,0.0399259153338885,-0.533206178995579,0.533206178995579
"ENSG00000204131","NHSL2",584.027863195317,1.53616194591939,0.502716189745068,1.04087410366325,0.683709785345986,0.00224517795324837,0.0399259153338885,-0.495287842256148,0.495287842256148
"ENSG00000176340","COX8A",5458.60339863423,-0.797521625617233,0.261004256955968,-0.648060318941379,0.27697772036572,0.00224619245498636,0.0399259153338885,0.149461306675854,0.149461306675854
"ENSG00000101463","SYNDIG1",32.4165064036192,2.1964838568074,0.718840135221527,1.24392905889297,1.33066898690062,0.00224614918684538,0.0399259153338885,-0.952554797914433,0.952554797914433
"ENSG00000174348","PODN",2899.57627392775,1.64111118972887,0.537236569915902,1.07847508346764,0.760536513255406,0.00225265282262512,0.0399853665271915,-0.562636106261231,0.562636106261231
"ENSG00000113262","GRM6",105.544981625897,-1.7788064589898,0.582292361218499,-1.12380601954682,0.881156778557923,0.0022518517874868,0.0399853665271915,0.65500043944298,0.65500043944298
"ENSG00000115944","COX7A2L",3061.93358504692,-0.502698181332764,0.164579983971657,-0.440218437562292,0.164992872338187,0.00225487985732408,0.0399972365569712,0.0624797437704726,0.0624797437704726
"ENSG00000133083","DCLK1",1745.72449069536,1.59939366020845,0.523776650899709,1.04639969278431,0.738493777197877,0.00226128773810909,0.0400831991533467,-0.552993967424135,0.552993967424135
"ENSG00000158079","PTPDC1",591.929881493612,0.817720733601516,0.26784733307315,0.660858074436946,0.28509298988987,0.00226614353955015,0.0401138663652646,-0.156862659164571,0.156862659164571
"ENSG00000123329","ARHGAP9",779.727750935259,1.59743174320109,0.52322334902438,1.05061209040392,0.73549555777305,0.00226521413468339,0.0401138663652646,-0.546819652797171,0.546819652797171
"ENSG00000103196","CRISPLD2",5778.52484194966,1.55061657304253,0.507997857179211,0.994877914442754,0.715115925007963,0.00227013531390383,0.0401568319103857,-0.555738658599778,0.555738658599778
"ENSG00000283199","C13orf46",45.3178318830027,1.2395861555617,0.406252037038613,0.938624448151552,0.465922056228638,0.00227872751489068,0.0402810600032362,-0.300961707410148,0.300961707410148
"ENSG00000144893","MED12L",181.622010384861,1.72424283957015,0.56517406224951,1.08054004244581,0.853550526145813,0.00228219353784398,0.0402868373699048,-0.643702797124343,0.643702797124343
"ENSG00000184194","GPR173",163.967609059482,1.34675794460424,0.44142273554812,0.975708977639266,0.542754766874048,0.00228119850757122,0.0402868373699048,-0.37104896696497,0.37104896696497
"ENSG00000114841","DNAH1",917.732439683254,0.90721536606242,0.297427501182964,0.722514885424985,0.32386378189778,0.00228683896747554,0.0403098869922002,-0.184700480637435,0.184700480637435
"ENSG00000157399","ARSL",276.699455322925,-2.05839754917341,0.67482480294795,-1.20487779296713,1.16892033989922,0.0022863606503043,0.0403098869922002,0.853519756206279,0.853519756206279
"ENSG00000198804","MT-CO1",383776.051503546,0.976732645145768,0.320237415327506,0.763853892297232,0.355588477696217,0.00228821075106696,0.0403098869922002,-0.212878752848537,0.212878752848537
"ENSG00000128165","ADM2",433.603577962555,-1.50774192682502,0.494524648255192,-1.02519721517463,0.664917165604619,0.00229702988013827,0.0404374937815562,0.482544711650394,0.482544711650394
"ENSG00000112234","FBXL4",1018.81410252975,-0.524830463266315,0.1723014297357,-0.460173494008479,0.173333139548885,0.00231906455109471,0.0407694724883205,0.0646569692578359,0.0646569692578359
"ENSG00000126458","RRAS",2606.75286642735,0.761180455754345,0.249881223959603,0.623344893691948,0.262888443156477,0.00231777464729592,0.0407694724883205,-0.137835562062397,0.137835562062397
"ENSG00000187688","TRPV2",685.897261323822,1.36119806259873,0.446998522828295,0.971921231269662,0.561780774317374,0.00232528807878385,0.040850902887163,-0.389276831329068,0.389276831329068
"ENSG00000111012","CYP27B1",291.090958216397,-0.813820577528595,0.26727258333989,-0.657204823739478,0.283965627972131,0.00232751060542821,0.040861979965476,0.156615753789117,0.156615753789117
"ENSG00000161835","TAMALIN",1580.67487596973,1.48768702144826,0.488798699014332,1.04613049641042,0.636853613068799,0.00233798637121719,0.0409898198019341,-0.441556525037835,0.441556525037835
"ENSG00000070526","ST6GALNAC1",63.1171439044395,2.58557929990097,0.849510494890161,0.222203837912201,0.421568081431829,0.00233757358320701,0.0409898198019341,-2.36337546198876,2.36337546198876
"ENSG00000018625","ATP1A2",245.662163579788,2.13446593041496,0.701609030084557,0.413079705987319,0.811159194191559,0.00234821386745113,0.0411410275330158,-1.72138622442764,1.72138622442764
"ENSG00000223756","TSSC2",52.3694911663355,1.98546417540461,0.652738993636743,1.14807113382236,1.10317408312369,0.00235212731993093,0.0411814815284224,-0.837393041582243,0.837393041582243
"ENSG00000184160","ADRA2C",543.365467712276,2.08453171019381,0.685505858654352,0.867815804842666,2.18677113370545,0.00235898503274178,0.0412733938891501,-1.21671590535114,1.21671590535114
"ENSG00000213809","KLRK1",152.463468694484,1.83999235834538,0.60553918375547,1.06126618585009,1.01857451204811,0.00237678911109732,0.0415565709227077,-0.778726172495293,0.778726172495293
"ENSG00000197635","DPP4",366.220126554484,1.95045652125148,0.642023618371431,0.971594210094464,1.39280563894205,0.00238167780241485,0.0415794796401371,-0.978862311157017,0.978862311157017
"ENSG00000236107","SCN1A-AS1",18.4247568204887,2.55497340343719,0.841099268427732,0.377281737666484,0.733618665697549,0.00238422983691706,0.0415794796401371,-2.17769166577071,2.17769166577071
"ENSG00000146416","AIG1",1947.01931937536,-1.16728247548732,0.38423905738561,-0.874235570057971,0.449929126918768,0.00238227558776059,0.0415794796401371,0.293046905429345,0.293046905429345
"ENSG00000266036","SLC9A3R1-AS1",2260.49165948558,-1.26455033832147,0.416297024552494,-0.917612272477255,0.505835872211513,0.00238457918846308,0.0415794796401371,0.346938065844212,0.346938065844212
"ENSG00000153563","CD8A",282.34654897789,1.62815360018006,0.536230726096042,1.05016529731812,0.776825285705011,0.00239506499183263,0.0417162603404831,-0.57798830286194,0.57798830286194
"ENSG00000260710","ENSG00000260710",361.228041197735,-1.36451238275189,0.449412108263752,-0.98853435887248,0.544331376122827,0.00239567412404536,0.0417162603404831,0.375978023879406,0.375978023879406
"ENSG00000152527","PLEKHH2",1319.82824619806,2.16368754877888,0.712785651700389,1.23604709978911,1.26350575386234,0.00240107392610274,0.0417536344588612,-0.927640448989763,0.927640448989763
"ENSG00000114771","AADAC",1169.01578017293,-2.6951519629391,0.887855197940749,-0.214281230130285,0.412158873262202,0.002400766807428,0.0417536344588612,2.48087073280881,2.48087073280881
"ENSG00000139675","HNRNPA1L2",148.748901606635,0.660218876491623,0.217535379509756,0.55287782474813,0.223211152274985,0.00240539354335112,0.0418004306548362,-0.107341051743493,0.107341051743493
"ENSG00000019186","CYP24A1",87.4763061774665,3.56092847953699,1.17362920362866,0.112846659737771,0.332932809768542,0.00241240742028452,0.0418939521356175,-3.44808181979921,3.44808181979921
"ENSG00000198648","STK39",1961.44939561205,-1.05021291636449,0.346205194241846,-0.803034710211544,0.3929824722451,0.00241735961757091,0.041951568156993,0.24717820615295,0.24717820615295
"ENSG00000166317","SYNPO2L",67.2190162119328,2.54912128880781,0.840489476209619,0.257747167213697,0.467741909918019,0.00242215128541585,0.042006322326195,-2.29137412159411,2.29137412159411
"ENSG00000084234","APLP2",16830.6172099856,0.681718493010614,0.224793713635888,0.568711889284379,0.232755645032256,0.00242424312015261,0.0420142121302883,-0.113006603726235,0.113006603726235
"ENSG00000048544","MRPS10",1361.26316285673,-0.7294781042535,0.240636740066162,-0.600056939873767,0.251573461777479,0.00243382699474019,0.0421518471484457,0.129421164379733,0.129421164379733
"ENSG00000068976","PYGM",94.9390525436486,0.934684994861685,0.308365000764528,0.739124470344594,0.335579937531044,0.00243664949500606,0.042172274166096,-0.19556052451709,0.19556052451709
"ENSG00000202252","SNORD14C",135.909407947187,1.35263234160388,0.446334547707034,0.965978163299585,0.554680731640226,0.00244121121271465,0.04222275484956,-0.386654178304299,0.386654178304299
"ENSG00000120265","PCMT1",3189.1463462039,-0.765435337372016,0.252660077821796,-0.618809408012412,0.266359047557161,0.00244953666949481,0.0423382206706554,0.146625929359604,0.146625929359604
"ENSG00000101842","VSIG1",11.3062799727398,1.78021745633682,0.587752943018698,1.28999288578493,0.706314844166944,0.00245483834128862,0.0423885624082639,-0.490224570551885,0.490224570551885
"ENSG00000286190","ENSG00000286190",341.994934963526,1.50683200805918,0.497511035660041,1.02894571305484,0.658379530772377,0.00245575222274081,0.0423885624082639,-0.477886295004339,0.477886295004339
"ENSG00000204950","LRRC10B",251.656581902714,1.77461167821075,0.586063451900597,1.03838651180143,0.955379386421222,0.0024616203889637,0.0424043023647862,-0.736225166409322,0.736225166409322
"ENSG00000170190","SLC16A5",414.707992602989,1.2546801355166,0.414333195496928,0.918158504121332,0.500125596205943,0.00246022375763901,0.0424043023647862,-0.336521631395268,0.336521631395268
"ENSG00000284186","MIR3615",1314.07291237279,-1.25139762277006,0.413237087208932,-0.90883577546111,0.500214584964975,0.00245950053608988,0.0424043023647862,0.342561847308946,0.342561847308946
"ENSG00000095713","CRTAC1",195.356657547983,1.84635009049207,0.60996064635438,1.05849529513353,1.05636467198988,0.00246995011344648,0.0425192552393231,-0.787854795358542,0.787854795358542
"ENSG00000106809","OGN",331.196938885741,2.33595920705116,0.771938325595595,0.243824971673232,0.444491169979449,0.00247733923251957,0.0426178727084985,-2.09213423537793,2.09213423537793
"ENSG00000196843","ARID5A",2186.99339420658,1.20322405886064,0.397661664524464,0.887608776021377,0.473232248733001,0.00248018766545712,0.0426382965902799,-0.315615282839268,0.315615282839268
"ENSG00000068831","RASGRP2",862.077357224372,1.65869011732658,0.548436104114811,1.07562169988502,0.769024925349424,0.0024912686924007,0.0427715006875242,-0.583068417441558,0.583068417441558
"ENSG00000105409","ATP1A3",153.194424974909,1.2291992775246,0.406407519316799,0.925740910436119,0.466804941258696,0.00249004494239932,0.0427715006875242,-0.303458367088478,0.303458367088478
"ENSG00000204338","CYP21A1P",811.370799439644,-1.33378040650698,0.441099361730921,-0.95572410863246,0.542351043800704,0.0024965103596163,0.042804229392299,0.378056297874521,0.378056297874521
"ENSG00000185386","MAPK11",956.324076084684,0.988576276706311,0.326923505170497,0.766613903539454,0.364041655654651,0.00249558360711318,0.042804229392299,-0.221962373166857,0.221962373166857
"ENSG00000171044","XKR6",136.758017610763,1.38704687588922,0.458784562464107,0.981466561273398,0.575558329000584,0.00250027921242953,0.0428212178127226,-0.405580314615823,0.405580314615823
"ENSG00000151465","CDC123",1701.40538897033,-0.749661939863557,0.247966396684901,-0.614198003617178,0.260436033453827,0.00250083786579153,0.0428212178127226,0.135463936246379,0.135463936246379
"ENSG00000241666","ENSG00000241666",67.1039461711395,1.42967408439861,0.472947680382968,1.01138078081843,0.595788786428313,0.00250364014186094,0.0428273990976003,-0.418293303580178,0.418293303580178
"ENSG00000121552","CSTA",159.289119408678,1.33402835363838,0.44134067783792,0.968778387975925,0.535029437325523,0.00250553193224604,0.0428273990976003,-0.365249965662454,0.365249965662454
"ENSG00000187987","ZSCAN23",21.7445614260258,2.60610114188966,0.862265046033293,0.33738834908911,0.625827056977846,0.00250787317737535,0.0428273990976003,-2.26871279280055,2.26871279280055
"ENSG00000124208","PEDS1-UBE2V1",6374.04512795369,-0.542383064719225,0.179448042773457,-0.46782001178398,0.181018825835537,0.00250689826395371,0.0428273990976003,0.0745630529352451,0.0745630529352451
"ENSG00000166897","ELFN2",40.9916889751129,1.42426115132023,0.471378798493448,1.03469792784565,0.571340768272311,0.00251543069195829,0.0429278986505941,-0.389563223474587,0.389563223474587
"ENSG00000086730","LAT2",466.020831599505,1.07857765354502,0.357063675827483,0.819752308113703,0.407550441651988,0.00252201804175672,0.0430117189885512,-0.25882534543132,0.25882534543132
"ENSG00000143382","ADAMTSL4",2475.48479122831,1.16391719975938,0.385482015323737,0.866054550075989,0.452891414391844,0.00253291501388701,0.0431529596223153,-0.297862649683393,0.297862649683393
"ENSG00000286707","ENSG00000286707",17.7522449506283,1.60385641454105,0.531202822083643,1.14205610262327,0.662609312588944,0.00253366229597651,0.0431529596223153,-0.461800311917778,0.461800311917778
"ENSG00000211594","IGKJ4",651.206877691432,1.44825230550777,0.479716331180354,1.01575554709484,0.608678627796233,0.00253630247844506,0.0431692809776189,-0.432496758412933,0.432496758412933
"ENSG00000204822","MRPL53",1250.43346215962,-0.683559826194853,0.226472308218909,-0.567677239894696,0.234535398427849,0.00254202837646727,0.0431939889806407,0.115882586300157,0.115882586300157
"ENSG00000185477","GPRIN3",875.005802835321,1.46888454396393,0.486675536953284,0.987417957691483,0.65250554488929,0.00254280271748736,0.0431939889806407,-0.481466586272446,0.481466586272446
"ENSG00000166492","FAM86GP",23.8823716886449,1.96478678873488,0.650950449648957,1.24674476653553,0.952514153218388,0.00254167428457602,0.0431939889806407,-0.718042022199343,0.718042022199343
"ENSG00000157131","C8A",2201.79332977853,-5.4225493517272,1.79715249636018,-0.048326612250427,0.312478571005552,0.00255036746772717,0.0432938371654454,5.37422273947677,5.37422273947677
"ENSG00000155115","GTF3C6",1300.47557254227,-1.04822714952348,0.347545083376281,-0.807679175062448,0.394494466490601,0.0025605749079925,0.0434213731042528,0.240547974461028,0.240547974461028
"ENSG00000246548","LINC02288",28.0051812764455,1.41781184196257,0.470095495744857,1.04379788981367,0.557673470227713,0.00256126383604779,0.0434213731042528,-0.374013952148895,0.374013952148895
"ENSG00000236272","SCUBE1-AS2",112.303784062206,3.44070101729218,1.14121763680415,0.125163138054942,0.343114643546916,0.00257031347524455,0.0435460303426415,-3.31553787923724,3.31553787923724
"ENSG00000139714","MORN3",87.7417814502569,1.12305128235506,0.372527037381212,0.849158744156649,0.427205910226564,0.00257247159425834,0.0435538445975124,-0.273892538198412,0.273892538198412
"ENSG00000009694","TENM1",96.0885629321162,2.59942719820052,0.862348316800925,0.291343572024334,0.526755576858689,0.0025752309043214,0.0435718204490556,-2.30808362617618,2.30808362617618
"ENSG00000290788","ENSG00000290788",848.276443831421,-1.33102396827165,0.441733333016191,-0.950053623427863,0.544567547211584,0.00258521817744025,0.0436832093221586,0.380970344843788,0.380970344843788
"ENSG00000105352","CEACAM4",31.459840107458,1.63397987163854,0.542249140159777,1.13496428619956,0.692133409417939,0.00258391061457429,0.0436832093221586,-0.499015585438978,0.499015585438978
"ENSG00000131668","BARX1",20.9159993428421,-2.51604845162371,0.835122635751024,-0.372035641647419,0.710038955841934,0.00258858665636582,0.0437113511243036,2.1440128099763,2.1440128099763
"ENSG00000133315","MACROD1",1876.85402647435,-0.778109862542484,0.258339087678409,-0.627712452465428,0.273341523333128,0.00259557318859661,0.0438005108689739,0.150397410077056,0.150397410077056
"ENSG00000186417","GLDN",457.302985114417,2.30214839449329,0.764676885030394,1.36324620670141,1.30798993922884,0.00260718419357184,0.043967540536405,-0.938902187791872,0.938902187791872
"ENSG00000289020","ENSG00000289020",74.6475741133364,-3.37948658881662,1.1232168122613,-0.173230988285897,0.376721038504133,0.00262318724775232,0.0441811753112458,3.20625560053073,3.20625560053073
"ENSG00000266947","ENSG00000266947",42.7131704619891,1.48292898721672,0.492880128133613,1.05734103995572,0.613332618063323,0.00262367093592205,0.0441811753112458,-0.425587947261002,0.425587947261002
"ENSG00000105371","ICAM4",51.3530717440196,1.94984017849984,0.648100645064583,1.10437034511441,1.11910944345084,0.0026250162601648,0.0441811753112458,-0.845469833385429,0.845469833385429
"ENSG00000286883","ENSG00000286883",1429.09187803977,-0.613117066532851,0.203834067415186,-0.51759548276687,0.208163070991271,0.00263040255460757,0.044213845690316,0.0955215837659812,0.0955215837659812
"ENSG00000289421","ENSG00000289421",22.3592651082307,-1.34201533920225,0.446139991315758,-1.00395131604068,0.510840248248396,0.00262922237682595,0.044213845690316,0.338064023161571,0.338064023161571
"ENSG00000284425","MIR8072",29.1001886414796,-0.987735757527198,0.328552784388448,-0.773755727803529,0.356292685514451,0.00264428041517326,0.044418027104877,0.213980029723669,0.213980029723669
"ENSG00000079819","EPB41L2",2625.14658061741,1.53007550098196,0.509054711119336,1.00307925447124,0.700883357859883,0.00264953580137577,0.0444481277215111,-0.526996246510717,0.526996246510717
"ENSG00000135363","LMO2",923.897512557973,1.18131494531151,0.393012876516467,0.867628760966372,0.466557029342159,0.00264890159997908,0.0444481277215111,-0.313686184345135,0.313686184345135
"ENSG00000203804","ADAMTSL4-AS1",611.450311277024,1.36227337326957,0.45330601040444,0.957756261992362,0.571743646707407,0.00265409829267456,0.0444872192514972,-0.404517111277207,0.404517111277207
"ENSG00000267396","ENSG00000267396",257.048222902669,1.1333363334967,0.37714335218149,0.850878058246601,0.436799414731066,0.00265533252399165,0.0444872192514972,-0.282458275250095,0.282458275250095
"ENSG00000009844","VTA1",1710.99874858535,-0.908819427856714,0.302540109531709,-0.712748801362037,0.330894861911378,0.00266487346533347,0.04461794340164,0.196070626494677,0.196070626494677
"ENSG00000165215","CLDN3",3102.2851953966,-0.915843726096707,0.305011595005204,-0.718722919700608,0.333867959271866,0.00267638137709561,0.0447814086088091,0.197120806396098,0.197120806396098
"ENSG00000181215","C4orf50",60.8314680024985,1.24483935147912,0.41465042714088,0.917698749921098,0.48952636826973,0.00268087327173038,0.044798160329104,-0.327140601558021,0.327140601558021
"ENSG00000169758","TMEM266",59.4926552986962,1.09194627034721,0.363698482967633,0.833072966118934,0.41013087255285,0.00267913330140453,0.044798160329104,-0.258873304228275,0.258873304228275
"ENSG00000136869","TLR4",912.88439561086,1.55057399870802,0.516665879181295,1.00401707465009,0.723915301146099,0.00268992478884886,0.0449201688714273,-0.546556924057931,0.546556924057931
"ENSG00000027075","PRKCH",1488.82940324237,0.970319512200688,0.323457895077359,0.751073387391119,0.35998657536266,0.00270128093650443,0.0450219336345839,-0.21924612480957,0.21924612480957
"ENSG00000249240","ENSG00000249240",324.706318595978,1.32428856586067,0.441444928366272,0.941012230671517,0.550388351844806,0.00270072423715713,0.0450219336345839,-0.383276335189157,0.383276335189157
"ENSG00000264672","SEPTIN4-AS1",294.311927322919,1.12194354116543,0.373954401310549,0.841333208734406,0.43297340010491,0.0026978924743261,0.0450219336345839,-0.280610332431024,0.280610332431024
"ENSG00000004838","ZMYND10",319.34164659576,1.90709343488039,0.636447674560682,1.00279897970456,1.25784879749864,0.00273129232748454,0.0454925893377974,-0.904294455175827,0.904294455175827
"ENSG00000215018","COL28A1",118.584870964769,1.52188896957601,0.50793068603759,1.026686093359,0.680543536293661,0.00273319337349021,0.0454947304263121,-0.495202876217012,0.495202876217012
"ENSG00000133318","RTN3",8691.49107869421,-0.906724534801694,0.302828186703822,-0.718339407899574,0.331766295804302,0.00275176295109877,0.0457639929184632,0.18838512690212,0.18838512690212
"ENSG00000262097","LINC02185",60.1947629791715,2.61087874288009,0.872020089146409,0.217863597602942,0.417444146747949,0.00275293587353829,0.0457639929184632,-2.39301514527715,2.39301514527715
"ENSG00000130300","PLVAP",4389.44197761583,1.49662426558903,0.499970046341225,0.982519467014057,0.691198891446755,0.00275862716711885,0.0458289213582133,-0.514104798574976,0.514104798574976
"ENSG00000204592","HLA-E",30565.136427603,0.949288847357268,0.317150584009493,0.738525427704139,0.351104123829733,0.00276086686921802,0.0458364617931559,-0.210763419653129,0.210763419653129
"ENSG00000211679","IGLC3",1663.00702425922,1.24939958150246,0.417499216912477,0.915948382132712,0.503436241274064,0.0027663064319627,0.0458970828630813,-0.333451199369752,0.333451199369752
"ENSG00000177455","CD19",29.4693257787012,1.77192164586943,0.592446985560022,1.1604634273209,0.827794982507649,0.00278199684406589,0.0461275923750899,-0.611458218548527,0.611458218548527
"ENSG00000291156","ENSG00000291156",581.21348367613,-0.86540920837834,0.289461994033286,-0.68459067987571,0.312410654835413,0.00279236770852633,0.0462696591186219,0.180818528502631,0.180818528502631
"ENSG00000261286","ATP2C2-AS1",381.832398269615,1.78853493843697,0.598398591390222,0.957413123014989,1.06492419603433,0.00280012251513225,0.0463682223199351,-0.831121815421984,0.831121815421984
"ENSG00000181788","SIAH2",4336.79125356344,-1.07582835439873,0.360058590360361,-0.798532459618965,0.414539916299766,0.00280877729468936,0.0464815517877446,0.277295894779765,0.277295894779765
"ENSG00000261790","ENSG00000261790",1146.92004514216,-0.780928681043892,0.261427663122919,-0.639046215321307,0.277276631545433,0.00281573774261213,0.0465667143296556,0.141882465722584,0.141882465722584
"ENSG00000277941","ENSG00000277941",18.1348858431816,2.69151670603374,0.901214246376252,0.280749298886061,0.507172349979823,0.00282149509728527,0.0466318832337547,-2.41076740714768,2.41076740714768
"ENSG00000205669","ACOT6",28.9305518306546,-1.75093134069927,0.586337155959514,-1.19580246656392,0.780449017254049,0.00282449996039328,0.0466515061025833,0.555128874135358,0.555128874135358
"ENSG00000109072","VTN",22313.5126418954,-3.10504699746107,1.03996608682606,-0.117012803799442,0.336780298930132,0.00282912042054441,0.0466977709544138,2.98803419366163,2.98803419366163
"ENSG00000163017","ACTG2",464.635772605831,1.86512358328329,0.625241733902339,1.15797715242307,0.938308714050938,0.00285396991291554,0.0470474282304452,-0.707146430860221,0.707146430860221
"ENSG00000134954","ETS1",5177.19266274256,1.48371127946465,0.49736087330278,0.988737238454078,0.667217922825941,0.00285280909080439,0.0470474282304452,-0.49497404101057,0.49497404101057
"ENSG00000285854","ENSG00000285854",2938.38920028064,1.41060607313458,0.47296004201322,0.943081917395319,0.618950832999629,0.00285899222019851,0.0470999700358378,-0.467524155739258,0.467524155739258
"ENSG00000211595","IGKJ3",238.361764144233,1.4843868998276,0.49781457859732,1.0116847561508,0.647494731467968,0.00286552761904813,0.0471471137167361,-0.472702143676793,0.472702143676793
"ENSG00000250986","LINC02600",66.0921749151687,2.56324880677237,0.859577518585926,0.211878141981386,0.406832413386431,0.00286384354252529,0.0471471137167361,-2.35137066479098,2.35137066479098
"ENSG00000173898","SPTBN2",1657.34577540427,-1.15576417521923,0.38766491707919,-0.844863299405743,0.458227359934893,0.00286982108938165,0.047157296991779,0.310900875813483,0.310900875813483
"ENSG00000290541","CYP4F29P",296.29901547362,1.84097998057925,0.617495779599635,1.09353629450516,0.976178137621363,0.00286967031598361,0.047157296991779,-0.747443686074086,0.747443686074086
"ENSG00000169972","PUSL1",1125.51242699881,-0.723668416829926,0.242752754819602,-0.591462231971482,0.253794195552121,0.00287222021775768,0.0471665235631391,0.132206184858443,0.132206184858443
"ENSG00000285815","GET1-SH3BGR",791.677725691669,-0.710518355166176,0.238360342789077,-0.584439930299942,0.2484973624493,0.0028744196348877,0.0471724608495286,0.126078424866234,0.126078424866234
"ENSG00000245164","LINC00861",61.1611178090184,1.81081665422393,0.607528340850083,1.03313507120308,1.01246243026349,0.00287656956571971,0.0471775789414236,-0.777681583020847,0.777681583020847
"ENSG00000259367","AKAP13-AS1",54.0239257170401,1.44711893555912,0.486225803722027,1.00616072835104,0.619728824288454,0.00291817653836621,0.0478293979631198,-0.440958207208071,0.440958207208071
"ENSG00000226321","CROCC2",115.367018898657,2.36645671549947,0.795311517337902,0.355954712203291,0.66171595686775,0.00292502601852457,0.0478860343337807,-2.01050200329618,2.01050200329618
"ENSG00000165443","PHYHIPL",196.922752298984,2.00336307700419,0.673292124795534,1.16037289693749,1.11089936018891,0.00292536337847696,0.0478860343337807,-0.842990180066699,0.842990180066699
"ENSG00000197576","HOXA4",164.78155646187,1.35050969516609,0.454006572219585,0.950643511491104,0.5684652373249,0.00293325019717081,0.047953969943174,-0.399866183674988,0.399866183674988
"ENSG00000110436","SLC1A2",843.788082959598,-2.07344405214616,0.697013346500118,-0.541275224323662,1.41336299888736,0.00293222476826268,0.047953969943174,1.5321688278225,1.5321688278225
"ENSG00000163513","TGFBR2",8432.44680240542,1.74115759140252,0.585497342127091,1.00882399697149,0.944369911658413,0.00294127562120089,0.0479960022471793,-0.732333594431032,0.732333594431032
"ENSG00000289075","ENSG00000289075",66.1432312970818,2.41870862184884,0.813394537083434,0.319292977492478,0.574390420320008,0.00294330103000196,0.0479960022471793,-2.09941564435637,2.09941564435637
"ENSG00000090263","MRPS33",955.342104450421,-1.07219274116289,0.360503821572277,-0.803116048716007,0.415095349370125,0.00293800617160812,0.0479960022471793,0.26907669244688,0.26907669244688
"ENSG00000107736","CDH23",446.779941538697,1.34973606067789,0.453903596351226,0.94798532454008,0.568870149051939,0.0029431088991047,0.0479960022471793,-0.401750736137806,0.401750736137806
"ENSG00000142871","CCN1",8909.8449102741,1.76585144781399,0.593931368698489,0.930555168937487,1.11331530031969,0.00294753250048754,0.0480344867873104,-0.835296278876501,0.835296278876501
"ENSG00000230937","MIR205HG",162.437972357605,2.6964595874938,0.90719217857081,0.256394654036979,0.467813623781169,0.0029556468652301,0.0481188074546281,-2.44006493345682,2.44006493345682
"ENSG00000119865","CNRIP1",620.613351009198,1.61342945895214,0.542834753075276,1.01453709776218,0.782517630503287,0.00295645612482754,0.0481188074546281,-0.598892361189959,0.598892361189959
"ENSG00000291104","BTN2A3P",149.053686275374,0.905185927647815,0.304628720614553,0.710069757237165,0.331377504641856,0.00296406905094163,0.048212142161292,-0.195116170410649,0.195116170410649
"ENSG00000284773","ENSG00000284773",470.100923139086,0.643763427196349,0.216667206161791,0.541790559032045,0.222824872023962,0.00296630399088966,0.0482179382736954,-0.101972868164304,0.101972868164304
"ENSG00000213047","DENND1B",1163.64227740184,-0.804254756795585,0.270757902808689,-0.643773685016973,0.288745616991175,0.00297428372808665,0.0482399480084692,0.160481071778612,0.160481071778612
"ENSG00000291242","ENSG00000291242",14.2636587796881,1.53453487205856,0.51656923550631,1.10350229956204,0.618500180216135,0.00297191834230455,0.0482399480084692,-0.43103257249652,0.43103257249652
"ENSG00000155093","PTPRN2",1160.23345827722,1.88967503655691,0.636162829922108,0.872935459248221,1.37516206951397,0.00297386394170501,0.0482399480084692,-1.01673957730869,1.01673957730869
"ENSG00000229656","ITGB1-DT",147.708925991039,-2.32472168159782,0.782657836062297,-0.338258309374776,0.609023654718494,0.00297517581709615,0.0482399480084692,1.98646337222305,1.98646337222305
"ENSG00000275734","ENSG00000275734",64.482612000946,1.23505448244048,0.415875333077502,0.899028236570833,0.493432195419224,0.0029802186845928,0.0482607400488602,-0.336026245869651,0.336026245869651
"ENSG00000142273","CBLC",641.177494905212,-1.69339156495718,0.570174707637678,-0.961313213205948,0.947158747537814,0.00297846196037155,0.0482607400488602,0.732078351751228,0.732078351751228
"ENSG00000260249","ENSG00000260249",45.0274563671261,1.00984633271258,0.340081598524132,0.780813700456524,0.373161603447567,0.00298358970308561,0.0482848656425589,-0.229032632256052,0.229032632256052
"ENSG00000179862","CITED4",2165.37420382683,-1.79642752289961,0.605025511447396,-0.931462046686971,1.13100414701538,0.00298599044511573,0.0482932682764873,0.864965476212644,0.864965476212644
"ENSG00000105479","ODAD1",557.499734743547,1.33056577860955,0.448174101443137,0.926134265894704,0.569877432019311,0.00298907579137634,0.0483127256531843,-0.404431512714844,0.404431512714844
"ENSG00000174099","MSRB3",1445.81837160308,1.43710123607105,0.484245246810255,0.957624704575741,0.65206675808691,0.00300023677661687,0.0484626037416143,-0.479476531495305,0.479476531495305
"ENSG00000233461","ENSG00000233461",310.283780635576,-0.986700533063344,0.332653483267057,-0.753592324933533,0.371612980081693,0.0030155218477665,0.0486490527863446,0.233108208129811,0.233108208129811
"ENSG00000240143","ENSG00000240143",79.1724009075196,1.49025588755456,0.502421577022982,1.00999538806693,0.65674697797689,0.00301557030362233,0.0486490527863446,-0.480260499487624,0.480260499487624
"ENSG00000180185","FAHD1",1372.08765750243,-1.13460850798076,0.382704002490687,-0.83440328420663,0.448986057655943,0.00302962915294356,0.0488451579576647,0.300205223774133,0.300205223774133
"ENSG00000133135","RNF128",488.271674880243,-1.68524013433292,0.568746257458364,-0.976721365490637,0.929454121658732,0.00304578314206717,0.0490747745809405,0.708518768842285,0.708518768842285
"ENSG00000249007","ENSG00000249007",3287.28273259483,-0.852562803622522,0.287781133585725,-0.671272536818264,0.310935513744546,0.00305113251052885,0.0491301243084969,0.181290266804258,0.181290266804258
"ENSG00000253414","ENSG00000253414",12.8218735886251,1.61751698146143,0.546110324932855,1.14391860752868,0.663015929384429,0.00305760140569667,0.0492034202382549,-0.473598373932748,0.473598373932748
"ENSG00000145861","C1QTNF2",51.3662046833688,1.67028666166795,0.564049460060334,1.06000303864611,0.802897214338033,0.00306401594176123,0.0492757501110185,-0.610283623021842,0.610283623021842
"ENSG00000270540","ENSG00000270540",15.5747159772958,2.27526744191747,0.768532349011029,1.25106535480192,1.38407730837542,0.00307104545123336,0.0493043597302693,-1.02420208711555,1.02420208711555
"ENSG00000138755","CXCL9",189.685838860701,2.18032429125829,0.736537109243925,0.277600319989103,0.49239811978321,0.00307402612845519,0.0493043597302693,-1.90272397126919,1.90272397126919
"ENSG00000277215","SPANXA2-OT1",24.1740902435958,-1.78689170531902,0.603655118809655,-1.17303624660356,0.827210561954177,0.00307519043831411,0.0493043597302693,0.613855458715468,0.613855458715468
"ENSG00000050165","DKK3",4169.87544470852,1.30498115195853,0.440788218751648,0.912264866039956,0.551351489520046,0.00307077625194763,0.0493043597302693,-0.392716285918578,0.392716285918578
"ENSG00000181885","CLDN7",4553.57758487222,-0.918390966336241,0.310256815938616,-0.710508758873849,0.341410079905874,0.00307539953746683,0.0493043597302693,0.207882207462392,0.207882207462392
"ENSG00000287929","ENSG00000287929",40.0078830548062,1.56376414533005,0.528462777286964,1.10428062286204,0.6474890564884,0.00308558020785246,0.0493652027134143,-0.459483522468009,0.459483522468009
"ENSG00000107742","SPOCK2",1389.6862365774,1.75010981943943,0.591384587977887,1.09088141657582,0.866927536598008,0.00308295783641411,0.0493652027134143,-0.65922840286361,0.65922840286361
"ENSG00000204666","ZNF473CR",15.4476318018241,2.29568646499872,0.775839039715245,1.23509872431401,1.48582578169401,0.00308666538904105,0.0493652027134143,-1.06058774068471,1.06058774068471
"ENSG00000249209","ENSG00000249209",3087.96139825307,-0.785030428116402,0.265307059212493,-0.628955852344034,0.281755197089263,0.00308688784645771,0.0493652027134143,0.156074575772368,0.156074575772368
"ENSG00000123268","ATF1",929.58894946478,-0.461164007356656,0.155908769395909,-0.404844491818807,0.155259406733115,0.00309733190782548,0.0495013811196491,0.0563195155378484,0.0563195155378484
"ENSG00000259049","ENSG00000259049",1413.21744515952,-1.00027218158561,0.338216646821914,-0.758094532914477,0.381017692826192,0.00310155312469578,0.0495379987875336,0.242177648671134,0.242177648671134
"ENSG00000163071","SPATA18",464.514737629026,0.9965458007355,0.337114930254166,0.757567079860162,0.378811860550005,0.00311554994366156,0.0496769984583159,-0.238978720875339,0.238978720875339
"ENSG00000273299","ENSG00000273299",175.893350634529,-0.639698440393347,0.216407722098096,-0.533520271632247,0.221511008852528,0.00311670100367042,0.0496769984583159,0.1061781687611,0.1061781687611
"ENSG00000137731","FXYD2",257.911959305228,-2.07212434412383,0.700975436973073,-0.350333879052047,0.618766711040366,0.00311598062578195,0.0496769984583159,1.72179046507179,1.72179046507179
"ENSG00000151490","PTPRO",99.7392257174472,1.44033080456914,0.487279969622849,0.984510441985295,0.628735871614709,0.00311799760456411,0.0496769984583159,-0.455820362583842,0.455820362583842
"ENSG00000245648","KLRK1-AS1",130.895137965842,1.40505054474598,0.47537737509226,0.951481462085349,0.618090318492021,0.00312007944975598,0.0496793295514185,-0.453569082660632,0.453569082660632
"ENSG00000165323","FAT3",75.1404706546788,1.95882881206288,0.662910020293121,0.961612770769724,1.36598924433663,0.00312776539122363,0.0497399964662558,-0.997216041293158,0.997216041293158
"ENSG00000185862","EVI2B",528.101815384616,1.44480276407834,0.488928034719973,0.956598222691696,0.653421148814082,0.00312626723644763,0.0497399964662558,-0.488204541386642,0.488204541386642
"ENSG00000239713","APOBEC3G",235.671516543259,1.32850023391085,0.449675765344956,0.919922186662613,0.569707389962675,0.00313326992962711,0.0497966806710458,-0.408578047248235,0.408578047248235
"ENSG00000226576","ENSG00000226576",35.3495301100881,1.63716119356346,0.554196392870831,1.05752331320239,0.77485496317745,0.00313564719579584,0.0498036241178787,-0.579637880361068,0.579637880361068
"ENSG00000214353","VAC14-AS1",195.742006946443,-0.823763736034881,0.278939062365642,-0.654401044373855,0.297801190807851,0.00314494854386843,0.0499204664659685,0.169362691661026,0.169362691661026
