"Geneid","gene_name","baseMean","log2FoldChange","lfcSE","stat","pvalue","padj","Chr","Start","End","Strand","Length"
"ENSG00000132703","APCS",6140.29567629353,-9.22505908594505,0.713025585204133,-12.937907527265,2.75018347642753e-38,7.05889592894654e-34,"1",159587826,159588865,"+",925
"ENSG00000169903","TM4SF4",1660.82891981475,-6.95054482492634,0.628851140485256,-11.0527665093569,2.12561700430554e-28,2.72791058247551e-24,"3",149474697,149503394,"+",1530
"ENSG00000132693","CRP",90327.1621958915,-8.26825768423828,0.753189702778081,-10.9776562979306,4.89457643407658e-28,3.14072733333609e-24,"1",159712289,159714589,"-",2015
"ENSG00000168878","SFTPB",32994.6172063348,10.0367802418532,0.91332151777132,10.9893176133033,4.30166018150193e-28,3.14072733333609e-24,"2",85657314,85668741,"-",4110
"ENSG00000122852","SFTPA1",3373.75288474243,9.15023191739405,0.911063789644262,10.0434591094515,9.81699110915643e-24,5.03945421597436e-20,"10",79610939,79615455,"+",2451
"ENSG00000213088","ACKR1",5254.28113156697,4.85627408489649,0.488521201708005,9.94076422459786,2.76696138909344e-23,1.18365996623102e-19,"1",159203307,159206500,"+",2106
"ENSG00000255399","TBX5-AS1",255.127630674157,7.61758947098279,0.776850708911613,9.80573150490551,1.06373444290922e-22,3.90041027802157e-19,"12",114408131,114412832,"+",4702
"ENSG00000145321","GC",6554.74788724719,-10.6779221530255,1.109954558988,-9.62014351538956,6.57393772839447e-22,2.10916574593376e-18,"4",71741696,71804041,"-",2095
"ENSG00000089225","TBX5",372.671585018639,7.65486921070073,0.809208352404715,9.45970118567468,3.08824460663927e-21,8.80733047984558e-18,"12",114353911,114408442,"-",4443
"ENSG00000135220","UGT2A3",108.995700508556,-9.18511709394954,0.975178922903881,-9.41890444739942,4.55819012190859e-21,1.16995065859028e-17,"4",68928463,68951804,"-",3075
"ENSG00000100557","CCDC198",231.177018818925,-7.62661697143488,0.823095639822316,-9.2657725329237,1.93670193464329e-20,4.51902986877175e-17,"14",57469300,57493867,"-",4108
"ENSG00000172752","COL6A5",101.916656876311,8.89724681097177,0.96765748502522,9.19462407789868,3.76308062856592e-20,8.04891587445012e-17,"3",130345516,130484846,"+",9581
"ENSG00000122592","HOXA7",64.8824057014244,6.76404301212143,0.752676046708858,8.98665905697119,2.54859737089446e-19,5.0319114399037e-16,"7",27153716,27157936,"-",2411
"ENSG00000171560","FGA",165668.068359265,-6.28993020849443,0.725394141832,-8.6710518403265,4.28146716249052e-18,7.8494584042603e-15,"4",154583128,154590745,"-",3918
"ENSG00000148702","HABP2",841.553685342028,-5.31445958958779,0.631828680667996,-8.41123512147172,4.05715514115175e-17,6.94233340052947e-14,"10",113550837,113589602,"+",3630
"ENSG00000175084","DES",1634.13156593339,4.53027848128346,0.543535114679847,8.33484048947213,7.76027410278652e-17,1.24489347122638e-13,"2",219418377,219426735,"+",2489
"ENSG00000255446","ENSG00000255446",1595.62579559378,8.81120658414417,1.06405061005916,8.280815311646,1.22334793833207e-16,1.84703950195112e-13,"11",62421845,62426724,"-",510
"ENSG00000168484","SFTPC",2049.49823692479,8.36548092222146,1.01843727691126,8.21403645749546,2.13874601586096e-16,3.04973299939462e-13,"8",22156913,22164479,"+",3188
"ENSG00000204610","TRIM15",109.26367368221,-5.26219108878808,0.643435276351401,-8.1782757057203,2.87934356351056e-16,3.88969006550661e-13,"6",30163206,30172693,"+",2512
"ENSG00000145423","SFRP2",1050.87405632049,6.07296304956916,0.75326738803655,8.06216112103142,7.49573134501949e-16,9.61964682163076e-13,"4",153780591,153789083,"-",1996
"ENSG00000225670","CADM3-AS1",1224.83397437339,4.7305104403668,0.595784168804939,7.93997337971492,2.02224650531012e-15,2.47166671675214e-12,"1",159194325,159207973,"-",5208
"ENSG00000118004","COLEC11",1788.60460208547,-4.55912434005312,0.575980617575529,-7.91541277767958,2.46434109673484e-15,2.87510195135878e-12,"2",3594832,3644644,"+",2778
"ENSG00000151789","ZNF385D",218.425702413642,4.37008410138198,0.559814800671217,7.80630325625949,5.88897839920277e-15,6.3987555823532e-12,"3",21412218,22373321,"-",15214
"ENSG00000101938","CHRDL1",1605.12348584312,5.03223151913772,0.644802250666835,7.80430203823503,5.98317426954755e-15,6.3987555823532e-12,"X",110673856,110795819,"-",3920
"ENSG00000229314","ORM1",104958.665565668,-6.84466143616724,0.878421315441243,-7.79200289866495,6.59552201866246e-15,6.77149054612037e-12,"9",114323098,114326479,"+",863
"ENSG00000157856","DRC1",54.8105110082391,4.89517141175368,0.635195623481,7.70655720977288,1.29257308114026e-14,1.27601820283181e-11,"2",26401920,26456711,"+",3044
"ENSG00000234638","ENSG00000234638",405.647931198204,4.49937851322716,0.593762194623799,7.57774501975141,3.51612561113605e-14,3.34253318744552e-11,"2",219425071,219426184,"-",224
"ENSG00000170549","IRX1",30.1191225165684,7.60604531373074,1.0074724139561,7.54963134311904,4.36492003779513e-14,4.00122866464599e-11,"5",3595832,3601403,"+",2080
"ENSG00000163631","ALB",71544.148290415,-6.96430154936884,0.924359860742482,-7.53418862625086,4.91380535386503e-14,4.3490566212984e-11,"4",73397114,73421482,"+",3431
"ENSG00000181195","PENK",29.7954313403997,6.6057331174238,0.891857333808663,7.40671502830405,1.29466248084676e-13,1.10767006319646e-10,"8",56436674,56446671,"-",3392
"ENSG00000116132","PRRX1",1105.80942149094,4.07842952218208,0.555598366066258,7.34060748064855,2.12626542222485e-13,1.76047918039501e-10,"1",170662728,170739421,"+",8248
"ENSG00000148584","A1CF",678.411410772887,-6.10172243020598,0.839230594421857,-7.27061485932772,3.5785488313256e-13,2.87033165167607e-10,"10",50799409,50885675,"-",9603
"ENSG00000119547","ONECUT2",365.442502534043,-6.14600224080089,0.854264707048336,-7.19449391984906,6.26928605713039e-13,4.87617470388987e-10,"18",57435374,57491298,"+",16546
"ENSG00000146678","IGFBP1",7990.42903520077,-6.6651197743366,0.935374700670019,-7.12561476118854,1.0361715541367e-12,7.82218096471376e-10,"7",45888360,45893660,"+",1642
"ENSG00000136872","ALDOB",21232.1026631944,-6.7581964102967,0.95489955361973,-7.07738985182102,1.46894863871181e-12,1.07724299170903e-09,"9",101420560,101449664,"-",3904
"ENSG00000070193","FGF10",179.152039356232,3.88873198858248,0.550788538789251,7.06029939753417,1.66144236321112e-12,1.17341609003163e-09,"5",44300247,44389706,"-",6399
"ENSG00000103942","HOMER2",1425.21868752933,-1.62234962769797,0.229866015368201,-7.05780550073608,1.69152590217674e-12,1.17341609003163e-09,"15",82836946,82986153,"-",14685
"ENSG00000100665","SERPINA4",293.440518442623,-7.48682644564099,1.07206129367867,-6.9835805935598,2.87750248950031e-12,1.94360148415801e-09,"14",94561442,94569913,"+",1987
"ENSG00000104760","FGL1",30441.3881732784,-6.78407386039987,0.975429719733543,-6.95495915610719,3.52664196004514e-12,2.32098254329433e-09,"8",17864380,17910365,"-",3301
"ENSG00000196549","MME",621.181873167214,4.0056755600898,0.579590701821284,6.91121432331906,4.80522417782185e-12,3.08339222430383e-09,"3",155024124,155183704,"+",9863
"ENSG00000169856","ONECUT1",119.992852371505,-6.85677005292645,0.995446253211843,-6.88813688413898,5.65278065535775e-12,3.53877856295286e-09,"15",52755053,52791078,"-",6110
"ENSG00000158486","DNAH3",147.316331999515,4.69725698261484,0.682666805930149,6.88074612946021,5.95398766759442e-12,3.63859527295586e-09,"16",20933111,21159441,"-",15023
"ENSG00000110245","APOC3",21586.1486767494,-6.97396445440634,1.03115696898195,-6.76324232312725,1.34937261773203e-11,8.05449929751813e-09,"11",116829706,116833072,"+",851
"ENSG00000183644","HOATZ",50.6666583566815,5.08507329826676,0.753169461729608,6.75156595779812,1.46257868407487e-11,8.53181979185222e-09,"11",111514778,111537043,"+",3299
"ENSG00000162706","CADM3",1685.52456222676,4.32491267211432,0.6467799192309,6.68683820186806,2.28043762168251e-11,1.25541441449075e-08,"1",159171609,159203313,"+",3847
"ENSG00000108242","CYP2C18",347.151891931829,-6.04413548912597,0.904044561518323,-6.6856610242475,2.29884589087409e-11,1.25541441449075e-08,"10",94683729,94736190,"+",2310
"ENSG00000270765","GAS2L2",52.14912845192,4.58134566597645,0.684997146985505,6.68812371867206,2.26050001555653e-11,1.25541441449075e-08,"17",35744511,35753239,"-",3375
"ENSG00000276490","ENSG00000276490",208.797716904239,-4.77488107799974,0.72410700568021,-6.59416500675107,4.27655865490564e-11,2.28680064573881e-08,"10",94688154,94853073,"+",2395
"ENSG00000140835","CHST4",204.487021275056,-4.13163437966856,0.628325795187369,-6.57562431992226,4.84494426021403e-11,2.53786090463089e-08,"16",71525233,71538748,"+",2558
"ENSG00000174175","SELP",579.478761765212,3.68046799297327,0.564451853261433,6.52042857456722,7.01067855627472e-11,3.59886173007807e-08,"1",169588849,169630193,"-",3490
"ENSG00000161055","SCGB3A1",2221.7734491059,4.53856071323499,0.698436658967934,6.4981708147186,8.13024628175919e-11,4.09174571203751e-08,"5",180590105,180591499,"-",803
"ENSG00000225383","SFTA1P",167.133170741744,6.95139675573081,1.07268697262295,6.4803590731909,9.15045872926568e-11,4.51663123469351e-08,"10",10784437,10795047,"-",3182
"ENSG00000210140","MT-TC",2957.41717202251,3.17867155160385,0.493469343989772,6.44147724740878,1.18316188252915e-10,5.72985208280674e-08,"MT",5761,5826,"-",66
"ENSG00000137672","TRPC6",362.277568353745,3.87729675212845,0.60594174338293,6.39879459447995,1.56608349574206e-10,7.44382686763176e-08,"11",101451564,101872562,"-",5616
"ENSG00000106004","HOXA5",347.064656620164,3.12952699159871,0.492801618203114,6.35048034746679,2.14643632179618e-10,1.00168329220987e-07,"7",27141052,27143681,"-",1720
"ENSG00000259954","IL21R-AS1",40.3749889812273,2.75316641218355,0.434394874999611,6.33793483909317,2.32865266185509e-10,1.06731299771133e-07,"16",27447669,27453393,"-",2615
"ENSG00000210144","MT-TY",3477.21044828518,3.11517134184535,0.495367733900971,6.28860365473079,3.2033414971334e-10,1.44245905626181e-07,"MT",5826,5891,"-",66
"ENSG00000267272","LINC01140",200.231184424885,3.47843852142667,0.553871936852761,6.28022163605548,3.3809070568054e-10,1.49616795563835e-07,"1",87129765,87169198,"+",6717
"ENSG00000253215","ENSG00000253215",4913.47525434415,-7.1918821481687,1.14862402578344,-6.26130220745063,3.8177583642596e-10,1.6608543039907e-07,"8",17882043,17882661,"+",529
"ENSG00000163885","CFAP100",164.870734315233,4.08484205626425,0.6583730751796,6.20444883039898,5.48889285253727e-10,2.3480568807679e-07,"3",126394909,126436556,"+",3382
"ENSG00000034239","CLXN",80.6817735654359,4.76522797509131,0.769368968038044,6.1936836200231,5.87741452092644e-10,2.46378392019257e-07,"8",48710789,48735311,"-",5822
"ENSG00000246430","LINC00968",145.317816135895,6.20485791549499,1.00212305543597,6.19171256647278,5.95140075006581e-10,2.46378392019257e-07,"8",56494309,56559823,"-",5111
"ENSG00000146374","RSPO3",178.769258209313,2.66492365015169,0.433382476460176,6.14912645273182,7.79108466522185e-10,3.17418682701983e-07,"6",127118671,127199481,"+",4957
"ENSG00000134121","CHL1",204.272664935696,4.3327992172824,0.705278815016641,6.14338489265435,8.07812181764421e-10,3.23970551083553e-07,"3",196763,409417,"+",11694
"ENSG00000172005","MAL",144.085875992299,4.3506431779429,0.708843099323629,6.13766739366475,8.37419610270919e-10,3.26417949900796e-07,"2",95025677,95053992,"+",1453
"ENSG00000170927","PKHD1",165.847264117456,-4.90427092418323,0.799092379601941,-6.13730158035825,8.39349541958644e-10,3.26417949900796e-07,"6",51615299,52087613,"-",17443
"ENSG00000187492","CDHR4",155.061825665417,4.82949752042646,0.789374778655949,6.11813000745924,9.46798112494509e-10,3.62708464976068e-07,"3",49790732,49799873,"-",3201
"ENSG00000131055","COX4I2",131.085236316967,4.01474854659386,0.657992529890663,6.10151082909859,1.05070520050956e-09,3.96594858551161e-07,"20",31637912,31645006,"+",669
"ENSG00000274536","MIR223HG",101.058898054467,3.08411516486849,0.507086414404294,6.08203074912112,1.18669801949596e-09,4.41434464730474e-07,"X",66015414,66020426,"+",4488
"ENSG00000290677","ENSG00000290677",95.055856622875,3.57381792328665,0.588384986773514,6.07394478721176,1.24805654972766e-09,4.57626678026569e-07,"16",29103657,29108108,"-",1920
"ENSG00000171564","FGB",128249.584687249,-8.45374555447999,1.39535979822784,-6.05847005569212,1.37422322818957e-09,4.96791374618897e-07,"4",154563011,154572807,"+",4374
"ENSG00000102802","MEDAG",441.102430417425,2.77246142001275,0.46028697388776,6.02333234980664,1.70862082940896e-09,6.09099594839442e-07,"13",30906271,30925572,"+",2294
"ENSG00000145192","AHSG",2219.80762161961,-6.80472796979063,1.13587265984228,-5.9907489724557,2.08876837151882e-09,7.34416682079089e-07,"3",186613060,186621318,"+",2216
"ENSG00000210135","MT-TN",2373.35614531783,3.09516584300585,0.516861456425415,5.98838587116138,2.11933774107691e-09,7.35095159462446e-07,"MT",5657,5729,"-",73
"ENSG00000007908","SELE",2057.29523636052,2.30495326799119,0.387211500280922,5.95269837367676,2.63757134122195e-09,9.02647248201917e-07,"1",169722640,169764705,"-",4586
"ENSG00000143867","OSR1",349.497063317713,3.11079657898369,0.523560851386586,5.94161418055826,2.82229049294452e-09,9.53154343189565e-07,"2",19351485,19358623,"-",5279
"ENSG00000169064","ZBBX",70.0956820991831,4.69263817651074,0.791253339830823,5.93063932913581,3.01757398335342e-09,1.00587105754198e-06,"3",167239843,167407874,"-",4565
"ENSG00000118432","CNR1",421.042326348666,4.4609142060953,0.754003339838889,5.91630563207914,3.2925314346316e-09,1.08345390170114e-06,"6",88139864,88166347,"-",6345
"ENSG00000170323","FABP4",2202.9623016714,3.5628559937735,0.603801342142406,5.90070896684626,3.61942872730349e-09,1.17594781194555e-06,"8",81478419,81483236,"-",1369
"ENSG00000197057","DTHD1",92.2241308421908,4.09902226992043,0.69544398860996,5.89410842146106,3.76709774907069e-09,1.20862622406747e-06,"4",36281616,36347511,"+",7379
"ENSG00000172061","LRRC15",1023.07884720724,3.9603823807762,0.672179509323356,5.89185228922388,3.8189047270863e-09,1.21012132876696e-06,"3",194355249,194369743,"-",5938
"ENSG00000091583","APOH",6666.7053181107,-6.42263570553404,1.09295855101784,-5.87637628119827,4.19344543241418e-09,1.31259955992408e-06,"17",66212033,66256525,"-",1332
"ENSG00000105880","DLX5",38.2758446518444,5.00379326089328,0.852323043728568,5.87077082769429,4.33773543123145e-09,1.34140548570383e-06,"7",97020396,97024950,"-",1744
"ENSG00000197406","DIO3",295.507076931397,2.45620434264272,0.419853929367376,5.8501401817143,4.9115888692089e-09,1.50078275602363e-06,"14",101560139,101563452,"+",2239
"ENSG00000066405","CLDN18",1339.10085990995,5.5412490579096,0.951853032299977,5.82153848322593,5.83083756598863e-09,1.76070715066153e-06,"3",137998735,138033655,"+",3715
"ENSG00000149021","SCGB1A1",1671.84836182764,9.23722501858325,1.58806447192049,5.81665617606345,6.0036450462614e-09,1.79180880700455e-06,"11",62405103,62423195,"+",584
"ENSG00000175445","LPL",1039.6110560525,3.66997371904635,0.634547929680056,5.783603645034,7.31171033249236e-09,2.15712263338025e-06,"8",19901717,19967259,"+",4131
"ENSG00000198523","PLN",324.301203771219,3.14278818375784,0.545692831986772,5.75926235335637,8.44823084559335e-09,2.46409933083914e-06,"6",118548296,118561716,"+",2989
"ENSG00000260597","ENSG00000260597",96.9083337907575,-1.80410949552034,0.314398482605579,-5.73828944900999,9.56375640626459e-09,2.75812287280442e-06,"12",54019910,54022589,"+",2680
"ENSG00000143674","MAP3K21",437.863744450935,-1.43314857058216,0.249927063085234,-5.73426724137278,9.79348125422986e-09,2.79299203724798e-06,"1",233327724,233385148,"+",7960
"ENSG00000166292","TMEM100",1026.93726824909,3.46793917663239,0.605946478038021,5.72317738005697,1.0455000558697e-08,2.94888460813272e-06,"17",55719627,55732121,"-",2906
"ENSG00000180210","F2",3509.14171009563,-6.10614666022835,1.0685302873877,-5.71452838754472,1.10008684514293e-08,3.0691227232917e-06,"11",46719196,46739506,"+",2534
"ENSG00000047936","ROS1",127.092176905907,3.71991099879502,0.651183456888632,5.71253916149656,1.11302791747219e-08,3.07183737180202e-06,"6",117287353,117425942,"-",8890
"ENSG00000185008","ROBO2",374.332809192392,3.80199358018741,0.666965068421326,5.70043883885335,1.19499401432861e-08,3.26296929423111e-06,"3",75906695,77649964,"+",16659
"ENSG00000174844","DNAH12",117.109868677962,3.73362246906522,0.65533983153164,5.69723109968627,1.21768821154475e-08,3.28993719218096e-06,"3",57293699,57544344,"-",13275
"ENSG00000272783","ENSG00000272783",26.9230869152009,3.11778510486537,0.549258425516484,5.67635371625592,1.37596114487549e-08,3.67883278182491e-06,"4",1550284,1550572,"+",289
"ENSG00000142609","CFAP74",136.666288934063,3.5173303892106,0.620672876627302,5.66696326142614,1.45350492076424e-08,3.84609389703669e-06,"1",1921951,2003837,"-",10422
"ENSG00000167434","CA4",275.287524252723,4.5504409165634,0.803437256945384,5.66371658424689,1.48128993711222e-08,3.87961926692442e-06,"17",60149942,60170899,"+",2418
"ENSG00000225243","ENSG00000225243",392.543880433414,3.50951745344192,0.622693492159828,5.63602719095244,1.74017914798605e-08,4.51163416074322e-06,"1",171199244,171227788,"-",796
"ENSG00000164266","SPINK1",219.410576791174,-3.97381257731597,0.705332715905353,-5.633954710601,1.76123291531805e-08,4.52055652374685e-06,"5",147824572,147831671,"-",1361
"ENSG00000164107","HAND2",400.330125304283,-4.22971950213083,0.752201139438192,-5.62312296587313,1.87535808130842e-08,4.71909959538658e-06,"4",173524969,173530229,"-",3601
"ENSG00000103522","IL21R",85.4587862263551,2.46457201466445,0.438169679900454,5.6246977545876,1.858330579336e-08,4.71909959538658e-06,"16",27402174,27452042,"+",5457
"ENSG00000171234","UGT2B7",88.0790273265088,-4.36327481151829,0.776208237018532,-5.6212683702996,1.89560531882886e-08,4.72373803091071e-06,"4",69051363,69112987,"+",2260
"ENSG00000274072","ENSG00000274072",393.444262786023,1.8135435093114,0.324534173645144,5.5881434270598,2.29510055464338e-08,5.6382584438136e-06,"11",65506117,65506173,"+",57
"ENSG00000162344","FGF19",132.915564201834,-5.45700480470642,0.976683526063799,-5.58728048449745,2.30653031753001e-08,5.6382584438136e-06,"11",69698238,69704022,"-",1821
"ENSG00000198759","EGFL6",380.756831082844,4.05904020432815,0.728268389771505,5.57354989086054,2.49600127785132e-08,6.04385516968018e-06,"X",13569601,13633575,"+",2611
"ENSG00000055957","ITIH1",2804.85791614006,-5.96459124992342,1.0705578686018,-5.57147952937233,2.52585047327615e-08,6.05897234556813e-06,"3",52777595,52792068,"+",4541
"ENSG00000141161","UNC45B",20.2711148127951,4.92213532294835,0.883788762872506,5.56935721489639,2.55680817567121e-08,6.07644402268084e-06,"17",35147817,35189345,"+",5679
"ENSG00000154678","PDE1C",160.869222470303,4.22314337768406,0.759996700823605,5.55679172436862,2.74778304306957e-08,6.43457087115716e-06,"7",31751179,32428131,"-",14131
"ENSG00000243836","WDR86-AS1",84.8158052090863,4.00638060644879,0.721069205104208,5.55616656222309,2.75763741702298e-08,6.43457087115716e-06,"7",151409161,151413354,"+",1354
"ENSG00000136881","BAAT",2681.77098614273,-5.49768577985339,0.990293362656414,-5.55157288453,2.83110631236856e-08,6.5464870017625e-06,"9",101354182,101385400,"-",4734
"ENSG00000106511","MEOX2",354.462610680403,4.06045605028937,0.732104680155493,5.54627795771905,2.91814795749549e-08,6.68750925223543e-06,"7",15611212,15686683,"-",2371
"ENSG00000048540","LMO3",496.025359705468,3.80616438407012,0.687514016246339,5.53612623761602,3.09234720729888e-08,7.02400670528675e-06,"12",16548372,16610594,"-",10002
"ENSG00000094963","FMO2",3771.94672283449,3.33079429587554,0.604669802674405,5.50845152369725,3.62003897838212e-08,8.13192834741726e-06,"1",171185249,171212686,"+",6201
"ENSG00000266524","GDF10",156.369506521349,5.0457043967119,0.916182271234618,5.50731503449905,3.64347901956982e-08,8.13192834741726e-06,"10",47300197,47313577,"+",2677
"ENSG00000286196","ENSG00000286196",20.8424310758341,2.47543013858917,0.450853130951983,5.49054662959146,4.00691683849791e-08,8.86599435290739e-06,"9",127754534,127760560,"+",2332
"ENSG00000187048","CYP4A11",489.994466033178,-5.43332430206925,0.990906237985947,-5.483187100641,4.17730804482798e-08,9.16401415270083e-06,"1",46929177,46941484,"-",3887
"ENSG00000210127","MT-TA",1588.26360602086,3.01988948457481,0.552774363778571,5.46315039636048,4.67757978505278e-08,1.01745288426229e-05,"MT",5587,5655,"-",69
"ENSG00000158874","APOA2",32554.4372071082,-6.08451582899942,1.11436793441625,-5.46006004039115,4.75973590732523e-08,1.0266230380951e-05,"1",161222292,161223631,"-",945
"ENSG00000286215","ENSG00000286215",79.8027668618241,2.62083396773828,0.480627855500759,5.45293814693214,4.95443059854723e-08,1.05777736560536e-05,"6",126304223,127213609,"-",37415
"ENSG00000235142","LINC02532",524.357091013433,-4.63608520780774,0.850607255701538,-5.45032407933569,5.0278115324679e-08,1.05777736560536e-05,"6",106705328,106788148,"-",14071
"ENSG00000129654","FOXJ1",246.274140430398,3.73582767717167,0.685289640713043,5.45145797517754,4.99585285354154e-08,1.05777736560536e-05,"17",76136333,76141245,"-",2587
"ENSG00000198734","F5",833.590022089337,-2.34578096120938,0.430792433230778,-5.44526964788338,5.1726964794978e-08,1.07941138649813e-05,"1",169511951,169586588,"-",9373
"ENSG00000163623","NKX6-1",101.113137503449,4.91531589870278,0.903238465147862,5.44188061997352,5.27210035505148e-08,1.09128225655731e-05,"4",84491985,84499292,"-",3930
"ENSG00000174944","P2RY14",127.633382260516,4.50962180585705,0.829451719470416,5.43687076655448,5.42244374999309e-08,1.11342290984858e-05,"3",151212117,151278542,"-",2890
"ENSG00000204003","ENSG00000204003",263.240690771539,2.826232254528,0.520065512000118,5.43437737999316,5.49880948524545e-08,1.12014240522059e-05,"9",136738167,136748453,"-",2651
"ENSG00000187905","LRRC74B",56.9093787558526,5.07410993875205,0.93587321984876,5.42179200252363,5.90045148742651e-08,1.19249518368328e-05,"22",21045946,21064168,"+",5556
"ENSG00000164825","DEFB1",515.37651254291,-4.7147578680372,0.871450499767076,-5.41024173983189,6.29397298069334e-08,1.26208909762075e-05,"8",6870592,6877936,"-",375
"ENSG00000267026","ENSG00000267026",75.0629348456003,2.71227162531909,0.503349117547256,5.38845014477342,7.10678706632107e-08,1.41403026070747e-05,"9",98847172,98872415,"-",4778
"ENSG00000203985","LDLRAD1",102.254960970333,3.45191014737779,0.641931905755839,5.37737743898765,7.55786268663841e-08,1.48082184410647e-05,"1",54007298,54018186,"-",2376
"ENSG00000110900","TSPAN11",126.524307066551,2.0666795650483,0.384277663825923,5.37808922973077,7.52805069364221e-08,1.48082184410647e-05,"12",30926428,30996602,"+",7116
"ENSG00000235997","LINC01936",143.454435644278,4.07187574624021,0.760135342260807,5.35677729985501,8.47194357974481e-08,1.64734375652508e-05,"2",30346623,30361010,"+",4650
"ENSG00000135638","EMX1",217.969527711094,-2.65725286978719,0.4964443285629,-5.35256969795458,8.67138858387779e-08,1.66095918494322e-05,"2",72916260,72936071,"+",5472
"ENSG00000221818","EBF2",115.565311765879,4.6351033593361,0.865863211064531,5.35315890559375,8.64318821536852e-08,1.66095918494322e-05,"8",25841725,26045413,"-",7098
"ENSG00000176029","C11orf16",69.0289870216297,4.32922200090263,0.809932853273195,5.34516161853032,9.03364120953327e-08,1.71752939944511e-05,"11",8920076,8933006,"-",2607
"ENSG00000139144","PIK3C2G",93.9699690051326,-3.3525510756551,0.628926804614717,-5.33059022298928,9.78940836145984e-08,1.84753488539404e-05,"12",18242961,18648416,"+",6090
"ENSG00000112214","FHL5",637.257138894874,4.14451636822971,0.778241384376552,5.32548956073555,1.00681498870637e-07,1.88627155584865e-05,"6",96562548,96618626,"+",4125
"ENSG00000240666","MME-AS1",76.4868388285699,4.10910062085735,0.779521055140545,5.27131447413757,1.35450160084016e-07,2.48328518491174e-05,"3",155158370,155183285,"-",828
"ENSG00000169282","KCNAB1",163.939858711296,1.58587493558799,0.300766792437061,5.27277271116907,1.34377943637461e-07,2.48328518491174e-05,"3",156037701,156539138,"+",6822
"ENSG00000197471","SPN",298.409652659198,1.53988484847404,0.292118016616341,5.27144770565957,1.35351854747923e-07,2.48328518491174e-05,"16",29662979,29670876,"+",7382
"ENSG00000171557","FGG",117772.766580646,-4.81916235389611,0.914571155366051,-5.26931373859836,1.3693474195458e-07,2.49269788776468e-05,"4",154604134,154612967,"-",3600
"ENSG00000197249","SERPINA1",300786.802797244,-3.68191393651116,0.699024424391436,-5.26721786540806,1.3850679444722e-07,2.50355907963154e-05,"14",94376747,94390693,"-",4902
"ENSG00000286342","ENSG00000286342",106.366920420847,-1.81536268201089,0.345523701006878,-5.25394546516146,1.48874979193205e-07,2.65359311871666e-05,"7",64947571,64950724,"+",3154
"ENSG00000183690","EFHC2",42.8161699962534,3.86720970815337,0.735951904077926,5.25470439946561,1.48262405154534e-07,2.65359311871666e-05,"X",44147872,44343672,"-",3329
"ENSG00000121075","TBX4",774.97020689307,5.83261520504707,1.11065894669343,5.25149076808096,1.50873096598401e-07,2.67066191061459e-05,"17",61452404,61485110,"+",3996
"ENSG00000162849","KIF26B",644.042238143698,1.81089710780169,0.345727343393967,5.23793429245231,1.6238385080974e-07,2.85473034159835e-05,"1",245154985,245709432,"+",14404
"ENSG00000152583","SPARCL1",18407.0771621097,2.88654722747722,0.553500559880966,5.21507553325328,1.8374234799362e-07,3.20824139180425e-05,"4",87473335,87531061,"-",3476
"ENSG00000184905","TCEAL2",41.2677441254955,3.60768397133812,0.692441038456074,5.21009554745935,1.8874340494054e-07,3.22965131640589e-05,"X",102125679,102140426,"+",3163
"ENSG00000256948","IQSEC3-AS2",41.6239588692664,4.04567760501597,0.776441756157493,5.21053584886713,1.88295991052898e-07,3.22965131640589e-05,"12",106524,111850,"-",586
"ENSG00000125872","LRRN4",280.372314297106,3.41166734429593,0.654788612713663,5.21033395824775,1.88501015529522e-07,3.22965131640589e-05,"20",6040546,6054060,"-",4864
"ENSG00000168309","FAM107A",1490.91493477763,3.04726653059883,0.586639387489184,5.19444584796995,2.05330527888365e-07,3.49021103265607e-05,"3",58564117,58627610,"-",5321
"ENSG00000145113","MUC4",335.704728762303,2.96018817271519,0.570370278393898,5.18994113972902,2.10360566400867e-07,3.55218727487569e-05,"3",195746765,195811973,"-",21021
"ENSG00000171303","KCNK3",1096.34533898428,3.42187316704858,0.662579167303839,5.16447442948264,2.41115433771518e-07,4.04067665870578e-05,"2",26692722,26733420,"+",6191
"ENSG00000248464","FGF10-AS1",19.3868441142446,3.9460338089233,0.764224052095985,5.16345147486629,2.42437450984022e-07,4.04067665870578e-05,"5",44388732,44413989,"+",1894
"ENSG00000237125","HAND2-AS1",415.950833162514,-3.66649570341965,0.710788821345598,-5.15834744907579,2.49138975240919e-07,4.12558069516688e-05,"4",173527270,173659696,"+",21289
"ENSG00000187922","LCN10",227.437902218176,2.84496525598311,0.551800431546369,5.15578657307382,2.5256844448268e-07,4.15556042598522e-05,"9",136738167,136743356,"-",4263
"ENSG00000145390","USP53",2608.91929045521,1.31870691116565,0.255978885256803,5.15162377491681,2.5824069884118e-07,4.22182421474941e-05,"4",119212587,119295518,"+",11949
"ENSG00000087245","MMP2",15835.0849898808,2.82663733526454,0.549656038560377,5.14255668448196,2.71024630390405e-07,4.4027779672345e-05,"16",55389700,55506691,"+",4706
"ENSG00000141485","SLC13A5",1800.31845728936,-4.52070304526829,0.879814211205723,-5.13824735687434,2.77312701063946e-07,4.47659440138887e-05,"17",6684719,6713377,"-",8824
"ENSG00000259803","SLC22A31",290.860764667078,3.0682933836928,0.599129567181715,5.12125181557296,3.03514012745975e-07,4.86893385321933e-05,"16",89195761,89201651,"-",2706
"ENSG00000101230","ISM1",240.14964574953,2.04119284913767,0.40003586112203,5.10252466719481,3.3515204567331e-07,5.34307301633345e-05,"20",13221274,13300651,"+",3090
"ENSG00000260695","ENSG00000260695",32.5324250815844,5.80934549339862,1.14008779047531,5.09552469724869,3.47776676669231e-07,5.51011355559824e-05,"16",65861112,65863784,"-",2673
"ENSG00000122121","XPNPEP2",138.529582007562,3.15677646133441,0.619945689583718,5.09202098566751,3.5426688054212e-07,5.57850798949362e-05,"X",129738949,129769536,"+",3853
"ENSG00000196990","FAM163B",82.2276756008403,-4.33136066725375,0.851508814801569,-5.0866891709901,3.64368268031623e-07,5.70258557046809e-05,"9",133577081,133609389,"-",3000
"ENSG00000117600","PLPPR4",64.2833737648133,5.46725867253207,1.07754608855235,5.07380494497192,3.89938771658879e-07,6.01323782291177e-05,"1",99264292,99309590,"+",5201
"ENSG00000132554","RGS22",102.113813926926,2.65301530453856,0.522776654106197,5.0748542110674,3.87793210843621e-07,6.01323782291177e-05,"8",99960936,100131268,"-",6294
"ENSG00000138109","CYP2C9",357.68585619159,-5.12258919402903,1.00974159146754,-5.07316845945103,3.91245847362865e-07,6.01323782291177e-05,"10",94938658,94990091,"+",4058
"ENSG00000168079","SCARA5",266.712397209455,4.97914768673693,0.983017827678871,5.06516519491191,4.08046344544827e-07,6.23412233656671e-05,"8",27869883,27992673,"-",4380
"ENSG00000070808","CAMK2A",33.8344629156405,3.38873174334343,0.66979049277364,5.05939063021109,4.20598438069545e-07,6.38786988753314e-05,"5",150219491,150290093,"-",9481
"ENSG00000177272","KCNA3",312.440148029311,2.64667096006838,0.524171944926898,5.04924192468463,4.43566719346112e-07,6.69707469732745e-05,"1",110653560,110674940,"-",10130
"ENSG00000228278","ORM2",19976.7708587799,-4.72664640082226,0.937202827250089,-5.04335482500735,4.5743985595715e-07,6.86614548704806e-05,"9",114329869,114333251,"+",759
"ENSG00000006210","CX3CL1",2127.33044274312,1.88336192985157,0.373564537473954,5.04159720991418,4.61662231884294e-07,6.88923517777568e-05,"16",57372477,57385044,"+",5960
"ENSG00000172482","AGXT",3899.91944763163,-5.0770867700229,1.00900427283805,-5.0317792567344,4.85948608523797e-07,7.20973580056665e-05,"2",240868824,240880502,"+",4114
"ENSG00000138741","TRPC3",24.8486090911561,4.17355302205764,0.830436199338073,5.02573590287166,5.01505658349695e-07,7.39778490394347e-05,"4",121874481,121952060,"-",9210
"ENSG00000119514","GALNT12",186.981902688962,2.18740440812524,0.435403483636785,5.02385601018751,5.06442127189531e-07,7.42791433061353e-05,"9",98807670,98850081,"+",3166
"ENSG00000203685","STUM",159.771747661316,1.81669592533473,0.362698982334282,5.00882553803356,5.47631854350309e-07,7.98640159409624e-05,"1",226548764,226609230,"+",7834
"ENSG00000084674","APOB",16527.3880502579,-5.08997016990459,1.01799407245866,-4.99999981101195,5.73303705703103e-07,8.3135515334924e-05,"2",21001429,21044073,"-",14828
"ENSG00000112782","CLIC5",893.471586761149,3.64788638092585,0.730041879914356,4.99681796522933,5.82840382489136e-07,8.40436185244306e-05,"6",45880827,46080348,"-",10432
"ENSG00000224957","LINC01266",13.7316059920656,4.24101137043533,0.850269125239967,4.98784590024766,6.1056238024074e-07,8.75491877856931e-05,"3",536062,846561,"+",11853
"ENSG00000144481","TRPM8",95.5511753880416,-4.57285326845226,0.919272578331684,-4.97442584086558,6.54413101119299e-07,9.33156725912725e-05,"2",233917373,234019522,"+",7928
"ENSG00000184845","DRD1",20.0120561504948,3.41619624528228,0.6878430143066,4.96653476771306,6.81598380347957e-07,9.61240968592913e-05,"5",175440036,175444182,"-",4031
"ENSG00000101076","HNF4A",346.019476079845,-4.73194918460924,0.952621873673265,-4.96729008159666,6.78949893768851e-07,9.61240968592913e-05,"20",44355699,44432845,"+",10167
"ENSG00000197245","FAM110D",177.095602462615,1.85922328652699,0.374560545610969,4.96374567026086,6.91464791981087e-07,9.69826601955112e-05,"1",26159079,26163962,"+",2799
"ENSG00000127241","MASP1",1085.65724941567,-3.98307697180592,0.802989271015059,-4.96031157025412,7.03802023990539e-07,9.81765573356802e-05,"3",187217282,187291980,"-",13122
"ENSG00000179144","GIMAP7",451.374172668819,2.04330570802194,0.412144328953218,4.95774311201033,7.13167736534308e-07,9.89452772628437e-05,"7",150514872,150521073,"+",1214
"ENSG00000253120","IGLV2-34",16.1724573496865,3.11840785520458,0.629250435849892,4.95575001230269,7.2051807185947e-07,9.94276201635324e-05,"22",22580014,22580296,"+",283
"ENSG00000149809","TM7SF2",1360.88557832334,-1.23164867075279,0.248748782104413,-4.9513756824578,7.3690688308696e-07,0.000101145395551834,"11",65111845,65116384,"+",3408
"ENSG00000058335","RASGRF1",115.431564566958,2.62693132097404,0.532917578260213,4.92933884738807,8.25083621956742e-07,0.000112645858110445,"15",78959906,79090780,"-",9977
"ENSG00000131910","NR0B2",192.081072046649,-5.18025691969979,1.05118124178394,-4.92803401905124,8.30611573764754e-07,0.000112800567533439,"1",26911489,26913975,"-",1165
"ENSG00000274415","ENSG00000274415",139.378835973208,1.70716822758786,0.346569977037166,4.92589762732039,8.39739566521721e-07,0.000112846049496927,"1",147757185,147758434,"+",668
"ENSG00000148053","NTRK2",521.66290044863,2.57462561377022,0.522621379786361,4.92636871232227,8.37718533683268e-07,0.000112846049496927,"9",84668375,85095751,"+",33162
"ENSG00000138759","FRAS1",791.944943904207,3.47338589976874,0.707438249592432,4.90980789032799,9.11656591032542e-07,0.000121872342302251,"4",78057323,78544269,"+",20323
"ENSG00000284341","ENSG00000284341",2216.70516734794,2.37420457736953,0.48389095485846,4.90648678908245,9.27222311508273e-07,0.000123310958909237,"9",136977518,136985435,"+",989
"ENSG00000159588","CCDC17",457.759652034118,2.34950012582087,0.478979825964789,4.90521729404442,9.33239666791143e-07,0.000123471456327465,"1",45620044,45624057,"-",3323
"ENSG00000157445","CACNA2D3",48.7725760922736,3.703979408725,0.755539423407026,4.90243036163791,9.46581762021006e-07,0.000124048570613586,"3",54122547,55074557,"+",4719
"ENSG00000155906","RMND1",1650.43366912293,-1.23650555997664,0.252230291853812,-4.90228810698635,9.47267691598661e-07,0.000124048570613586,"6",151398898,151452158,"-",10735
"ENSG00000196169","KIF19",102.19964197848,3.00863267945269,0.614934110771547,4.89260983697556,9.95075494254108e-07,0.000129647729497564,"17",74326210,74355820,"+",5640
"ENSG00000153902","LGI4",493.186900560203,2.3062020271879,0.471748966182794,4.8886212636538,1.01544640154605e-06,0.000131633650446881,"19",35124513,35142451,"-",4532
"ENSG00000163239","TDRD10",263.371912120478,1.53314263470625,0.313877014712824,4.88453299490239,1.03674281572953e-06,0.000133718984177537,"1",154502219,154548147,"+",2706
"ENSG00000107317","PTGDS",2304.31935364743,2.37401035611584,0.486754543656864,4.87722279545765,1.0758989096593e-06,0.000138075486571126,"9",136975092,136981742,"+",2712
"ENSG00000183813","CCR4",60.4777586478102,2.29926149008948,0.472590573968076,4.86522926342748,1.14324207504995e-06,0.000145988031543816,"3",32951644,32956349,"+",3025
"ENSG00000168685","IL7R",2275.18259100169,2.72812600027273,0.561051158403186,4.8625262766363,1.15896987749092e-06,0.000146538324362362,"5",35852695,35879603,"+",6020
"ENSG00000180383","DEFB124",30.3153910095769,2.81864080227947,0.57965634854704,4.86260662777979,1.158499352401e-06,0.000146538324362362,"20",31465471,31476757,"-",1265
"ENSG00000151655","ITIH2",1255.09187643768,-4.05583543714885,0.834868355460431,-4.85805386037426,1.18545166142674e-06,0.000149151900950196,"10",7703316,7749520,"+",3331
"ENSG00000105989","WNT2",151.251477325425,4.37542060659055,0.905008999168675,4.8346708271517,1.33366135816373e-06,0.00016698090770726,"7",117275451,117323152,"-",4360
"ENSG00000125999","BPIFB1",658.582561128829,4.28842054285939,0.887482862069592,4.83211645671544,1.35089190908342e-06,0.000168317197235165,"20",33273480,33309871,"+",3015
"ENSG00000152580","IGSF10",474.770750067035,3.97714613700254,0.823886287787414,4.8272998300328,1.38396679419973e-06,0.000171605196650843,"3",151425384,151461061,"-",9222
"ENSG00000095917","TPSD1",177.269105983213,3.07148301412122,0.636909133343234,4.82248228722758,1.41782623606666e-06,0.000174958394236168,"16",1256059,1259008,"+",1583
"ENSG00000046653","GPM6B",573.405843206914,2.65121021777261,0.550490102576229,4.81609061700701,1.46398060841933e-06,0.000178933287029995,"X",13770939,13938638,"-",5767
"ENSG00000226091","LINC00937",46.5424502438979,1.75442097091716,0.364216280720112,4.81697569215852,1.45750436000258e-06,0.000178933287029995,"12",8295986,8396803,"-",5663
"ENSG00000205231","TTLL10-AS1",40.0702235707469,3.19504664346605,0.664226569544909,4.81017590978801,1.50797523962311e-06,0.000183436969077755,"1",1173056,1179555,"-",3532
"ENSG00000196358","NTNG2",121.550922288672,1.59074244253879,0.331159368530021,4.80355561009769,1.5587257155991e-06,0.000188716098784349,"9",132162058,132244526,"+",5039
"ENSG00000185303","SFTPA2",3793.03327583777,4.62760085985663,0.964342697157323,4.79870991245935,1.59690885761406e-06,0.000192431265954837,"10",79555852,79560407,"-",2695
"ENSG00000169218","RSPO1",94.855197946696,3.28748054387938,0.685273965227584,4.79732298422804,1.60800204806461e-06,0.000192862563400347,"1",37611350,37634892,"-",3058
"ENSG00000017483","SLC38A5",373.813786181763,2.63338218987153,0.551997841850046,4.77063856091471,1.83642807665348e-06,0.000219235346248674,"X",48458537,48470260,"-",4017
"ENSG00000131400","NAPSA",1909.02370528907,3.94475037150448,0.827662842214716,4.76613201693198,1.8779623531756e-06,0.000223155832032213,"19",50358477,50365830,"-",3581
"ENSG00000265107","GJA5",378.167992201609,1.71942845747839,0.361266201052281,4.75945010208569,1.94121106788038e-06,0.000229608592070441,"1",147756199,147773362,"-",3288
"ENSG00000130413","STK33",59.7985204957969,2.86291281564406,0.602013955733601,4.755558884271,1.97898164907278e-06,0.000233002394434638,"11",8391868,8594289,"-",7672
"ENSG00000279030","ENSG00000279030",1781.50495330916,2.81998167246781,0.593385916245743,4.75235693207782,2.01059031181423e-06,0.000235643020700164,"16",55486618,55488777,"+",2160
"ENSG00000047617","ANO2",510.156476741275,2.68319216825335,0.565001156214511,4.74900296882692,2.04421942062715e-06,0.000238495363041987,"12",5531869,5946232,"-",6064
"ENSG00000196154","S100A4",1316.70252584237,2.09173259476419,0.441279778147044,4.74015057646076,2.13559450234978e-06,0.000247866986104902,"1",153543613,153550136,"-",946
"ENSG00000158163","DZIP1L",207.071487509918,1.72994556684795,0.365016104205397,4.73936778930307,2.14386063487312e-06,0.000247866986104902,"3",138061990,138115818,"-",5045
"ENSG00000140285","FGF7",1568.50429828047,3.05776854217529,0.645834880399297,4.73459801410041,2.19489683560717e-06,0.000252629673002373,"15",49423237,49488775,"+",6516
"ENSG00000267206","LCN6",92.0249812062348,2.94414736299335,0.622237005198712,4.73155299089474,2.22808635481693e-06,0.000255304877094134,"9",136744017,136748525,"-",1672
"ENSG00000129990","SYT5",339.172419408039,2.93484676727362,0.620645518572038,4.72870048917138,2.25961427065109e-06,0.000257766753265784,"19",55171196,55180289,"-",5198
"ENSG00000289258","ENSG00000289258",64.0278736387903,2.64376537267625,0.559966029598809,4.72129599463452,2.3434660672557e-06,0.000266149307735629,"10",86654518,86700020,"+",5428
"ENSG00000118322","ATP10B",34.4098683471808,-2.55909638821808,0.542433227135944,-4.71780905039713,2.38398088399923e-06,0.00026955787378682,"5",160563120,160852214,"-",11310
"ENSG00000171811","CFAP46",162.276898240787,2.90661476459225,0.61793032606939,4.70379044686319,2.55375364762446e-06,0.000287487696813934,"10",132808392,132942823,"-",10698
"ENSG00000111728","ST8SIA1",108.553359330014,1.67878192341732,0.357047239829688,4.70184820422672,2.57817141463869e-06,0.000288969107858215,"12",22063773,22437041,"-",14483
"ENSG00000117069","ST6GALNAC5",135.420890902135,4.06864012006625,0.865616596512759,4.70027970403671,2.59805391741753e-06,0.000289931521297199,"1",76867480,77067546,"+",6059
"ENSG00000133116","KL",150.788074933155,2.51034278491445,0.53420230668969,4.69923613859022,2.61136372354718e-06,0.000290155293040197,"13",33016423,33066143,"+",5064
"ENSG00000169562","GJB1",566.882279141953,-3.95241596540914,0.841564292486196,-4.69651101014837,2.64642976654554e-06,0.000292784106973812,"X",71212811,71225516,"+",4654
"ENSG00000077942","FBLN1",13407.6831958342,2.42332398316707,0.51609701058944,4.69548153437154,2.65979396478969e-06,0.000292999706842304,"22",45502238,45601135,"+",7285
"ENSG00000261065","ENSG00000261065",666.575421707537,-1.24886538992212,0.266107834057378,-4.69308013552448,2.69122008502463e-06,0.000295194640693705,"1",204131062,204131966,"+",444
"ENSG00000166257","SCN3B",59.411055798117,1.82661141235653,0.389417742320086,4.69062195644679,2.72375820227886e-06,0.000297492347991028,"11",123629187,123655244,"-",10020
"ENSG00000104537","ANXA13",78.9336534225379,-2.93355468413421,0.625656205994884,-4.68876462188916,2.74859318060906e-06,0.000298932801553782,"8",123680794,123737402,"-",3801
"ENSG00000196260","SFTA2",358.688809145062,3.98628287913093,0.851405474597202,4.68200287414975,2.84085497119438e-06,0.000307663394707367,"6",30931353,30955636,"-",1199
"ENSG00000120217","CD274",289.12417874344,1.68624978077317,0.360394529114852,4.67889949637886,2.88418765046465e-06,0.000311043884136455,"9",5450503,5470566,"+",4108
"ENSG00000080618","CPB2",3278.39036673353,-3.65934235115828,0.78243066699972,-4.67689024152167,2.91258047485975e-06,0.000312791644553243,"13",46053186,46105033,"-",6699
"ENSG00000152760","DYNLT5",91.3343043966284,3.05962515046498,0.654630886590303,4.67381728106549,2.95652387435821e-06,0.000313280591944438,"1",66752459,66779047,"+",3360
"ENSG00000177363","LRRN4CL",76.9267155774151,2.97789120426222,0.636911956860432,4.67551468014718,2.93217299843585e-06,0.000313280591944438,"11",62686406,62689530,"-",2212
"ENSG00000111249","CUX2",58.4872101626107,-3.72223918889979,0.796513805525234,-4.67316343179424,2.96595565677713e-06,0.000313280591944438,"12",111034165,111350554,"+",7507
"ENSG00000213279","ENSG00000213279",18.7334937438748,2.88234822999073,0.616613247588176,4.67448314038785,2.94694842335812e-06,0.000313280591944438,"22",49572264,49575426,"-",2379
"ENSG00000144868","TMEM108",242.250354328418,2.82351657753522,0.604372114267449,4.6718180916695,2.98545308710935e-06,0.000314047640929655,"3",133038391,133397775,"+",8408
"ENSG00000135549","PKIB",2283.28659413096,-1.96428478678846,0.420670024119376,-4.66941943605433,3.02052121906726e-06,0.000315153325730892,"6",122471917,122726373,"+",3432
"ENSG00000197893","NRAP",261.257682517567,-3.68084916227608,0.788236438354933,-4.66972723305979,3.01599925269404e-06,0.000315153325730892,"10",113588714,113664070,"-",5669
"ENSG00000144063","MALL",89.3330774138468,2.8568310005849,0.61206114598897,4.66755816687045,3.04800475066339e-06,0.000315456201351924,"2",110083870,110116022,"-",2623
"ENSG00000261189","DSP-AS1",88.0852869701626,-1.34869219768526,0.288928553747114,-4.66790900447213,3.04280599624132e-06,0.000315456201351924,"6",7540447,7543114,"-",1316
"ENSG00000251680","ENSG00000251680",13.2423168129006,2.61916964059756,0.561461972800243,4.66491012300385,3.08751957617938e-06,0.000316989459847185,"5",129500361,129905917,"-",8389
"ENSG00000196136","SERPINA3",67291.5361301189,-2.7778227900484,0.595466940755574,-4.66494879887655,3.08693892410979e-06,0.000316989459847185,"14",94612384,94624055,"+",5000
"ENSG00000106927","AMBP",11689.0881347826,-3.99357913065199,0.858311386175984,-4.65283252089255,3.27406163283255e-06,0.000334802151115192,"9",114060127,114078328,"-",1897
"ENSG00000173110","HSPA6",1797.52827073906,1.77311466261526,0.381234154209573,4.65098586534442,3.30351972823833e-06,0.000335144035038313,"1",161524540,161526894,"+",2355
"ENSG00000124140","SLC12A5",54.7308761263616,2.08500274246216,0.448215449085853,4.65178687328733,3.29071085998992e-06,0.000335144035038313,"20",46021690,46060150,"+",8907
"ENSG00000149256","TENM4",142.920067410467,2.31859596946858,0.498982413801163,4.64664867005214,3.37371017807488e-06,0.000340502542691938,"11",78652829,79441030,"-",16414
"ENSG00000158113","LRRC43",84.9360530569093,3.07793836805195,0.662479423895116,4.64608900598738,3.38287093881031e-06,0.000340502542691938,"12",122167738,122203471,"+",2769
"ENSG00000163751","CPA3",1074.99386207235,3.04730545807455,0.657913232880114,4.63177407867982,3.62545646464787e-06,0.000360019047468157,"3",148865296,148897203,"+",1815
"ENSG00000171759","PAH",1396.10521543214,-3.2010672911701,0.690944036301654,-4.63288938465136,3.60597233225688e-06,0.000360019047468157,"12",102836889,102958410,"-",7378
"ENSG00000018236","CNTN1",94.8488990717769,3.58238764593895,0.773187384977767,4.63327223845221,3.59930714303621e-06,0.000360019047468157,"12",40692439,41072415,"+",7649
"ENSG00000211666","IGLV2-14",395.185898966771,2.40179535800042,0.518594965055172,4.63135109255235,3.63287229883713e-06,0.000360019047468157,"22",22758700,22759218,"+",402
"ENSG00000128284","APOL3",1491.90883022472,1.09280763232246,0.236042716063046,4.6297028374753,3.6619086557577e-06,0.000361500805643588,"22",36140329,36166177,"-",5905
"ENSG00000169252","ADRB2",146.018429827633,2.3135949083335,0.500295844503657,4.62445357831987,3.75587185614663e-06,0.000369356179815002,"5",148826611,148828623,"+",2013
"ENSG00000198650","TAT",3392.13578413347,-3.86845206882826,0.837178556610735,-4.62082077745689,3.82224862342883e-06,0.00037444906647919,"16",71565660,71577092,"-",5369
"ENSG00000119147","ECRG4",118.231889675992,3.10160134342003,0.675018273860777,4.59484055991606,4.330802811281e-06,0.000422656713905511,"2",106063246,106078155,"+",1705
"ENSG00000184374","COLEC10",165.98096862313,-3.21692125654252,0.700448461126959,-4.59265946757422,4.37632862142746e-06,0.000425481919417344,"8",118995452,119108455,"+",3537
"ENSG00000273259","ENSG00000273259",67162.5292952262,-2.75247903751544,0.599774100377615,-4.58919289076085,4.4496311617338e-06,0.000429473961501892,"14",94592058,94624646,"+",3067
"ENSG00000237338","FTCD-AS1",60.7271084752608,-3.65335867313023,0.796088644191934,-4.58913551874435,4.45085416135518e-06,0.000429473961501892,"21",46151614,46152647,"+",500
"ENSG00000113600","C9",5049.31851369978,-4.73397769797653,1.03186048006567,-4.58780793472706,4.47924439063379e-06,0.00043059462836853,"5",39284140,39371324,"-",3567
"ENSG00000291083","CYP2B7P",2303.69938892232,2.09433734734702,0.45680663806576,4.584734924639,4.54562744646909e-06,0.000435345595778068,"19",40924219,40950676,"+",4270
"ENSG00000183273","CCDC60",28.0198033805133,5.48000982420714,1.19586724486975,4.58245666290826,4.59544966729203e-06,0.000437927149732952,"12",119334712,119541040,"+",3433
"ENSG00000103710","RASL12",716.128543719078,2.02825170221828,0.442686572303288,4.58168787832287,4.61237958066592e-06,0.000437927149732952,"15",65053337,65076690,"-",2681
"ENSG00000101115","SALL4",90.9446610103526,2.58940744731487,0.565228135844427,4.58117224374615,4.623768168373e-06,0.000437927149732952,"20",51782331,51802521,"-",5773
"ENSG00000182963","GJC1",479.175327636343,2.01666025694547,0.440398061397895,4.57917605391872,4.66811162607858e-06,0.000440501548185878,"17",44798448,44830816,"-",8716
"ENSG00000171873","ADRA1D",60.5777171369968,2.56954132223586,0.56145474400338,4.57657780912863,4.72643963206687e-06,0.000444371890242712,"20",4220630,4249287,"-",3004
"ENSG00000158270","COLEC12",1138.06029706351,2.92250183055969,0.639718822512101,4.56841619742149,4.9142347740616e-06,0.000460341839218391,"18",316737,500722,"-",7343
"ENSG00000157765","SLC34A2",3650.26580766795,4.12621114781122,0.904468451960618,4.56202882352262,5.06616902419773e-06,0.000471135363565519,"4",25648011,25678748,"+",5045
"ENSG00000074211","PPP2R2C",1572.63201580138,-1.68360770855335,0.369006113082305,-4.56254693042938,5.05367924786302e-06,0.000471135363565519,"4",6320578,6563600,"-",9366
"ENSG00000198729","PPP1R14C",65.0311228355463,2.30519998506735,0.505983074400606,4.5558835891855,5.21658225319471e-06,0.000483371901417865,"6",150143044,150250392,"+",2219
"ENSG00000138650","PCDH10",239.096474520753,3.31898509770821,0.729352330162367,4.55059230011556,5.34951139666056e-06,0.000493906147547074,"4",133149294,133208606,"+",10182
"ENSG00000155511","GRIA1",408.580979126303,4.87189974999256,1.07137452037752,4.54733583572238,5.43292679511549e-06,0.000499809792294729,"5",153489615,153813869,"+",7538
"ENSG00000170209","ANKK1",28.4347012179285,2.15441746373017,0.474514442352772,4.54025688459128,5.6185731035077e-06,0.000515042556599043,"11",113387779,113400416,"+",2608
"ENSG00000167208","SNX20",143.11298874113,1.67906040108322,0.370196909157068,4.53558730381193,5.74434096496264e-06,0.000524697507287174,"16",50666300,50681353,"-",5750
"ENSG00000124253","PCK1",10939.6957638958,-4.1729039404015,0.921409349465638,-4.52882743464839,5.93119133329609e-06,0.000539843574296846,"20",57561080,57568121,"+",6828
"ENSG00000154175","ABI3BP",1370.4672476522,2.5845605723749,0.570961084345189,4.52668429292168,5.99163484302104e-06,0.000543417991221982,"3",100749156,100993515,"-",10978
"ENSG00000132465","JCHAIN",851.999879226925,2.41621390884777,0.534637355036198,4.51935108178923,6.20294601667246e-06,0.000558635141789235,"4",70655541,70681817,"-",1546
"ENSG00000213462","ERV3-1",2729.91781962809,-1.12669717900735,0.249293696871712,-4.51955742622389,6.19690376117335e-06,0.000558635141789235,"7",64990356,65006743,"-",5027
"ENSG00000126861","OMG",72.8151256970252,2.66565428408957,0.589966937087893,4.51831130952419,6.23347889576284e-06,0.000559422037823583,"17",31272013,31297539,"-",3837
"ENSG00000240041","IGHJ4",464.945584085552,1.85731805811881,0.41153455333736,4.51315215953751,6.38711640581147e-06,0.000571212950480708,"14",105864215,105864260,"-",46
"ENSG00000174899","SLC66A1LP",50.8280796009787,3.02985340451104,0.671818357549271,4.50992946302279,6.48491847857144e-06,0.000575946029721429,"3",157543246,157677749,"+",3342
"ENSG00000279019","ENSG00000279019",45.1474832453042,1.73542104337738,0.384737794763532,4.51065912160777,6.46265018649365e-06,0.000575946029721429,"16",57140896,57144586,"-",3691
"ENSG00000254369","HOXA-AS3",118.22680522246,2.89672092320041,0.64300467819851,4.50497643549978,6.63803082104074e-06,0.000586744954341727,"7",27129977,27155928,"+",5967
"ENSG00000148346","LCN2",2336.97925991904,-2.64160625574008,0.586434224318093,-4.50452266630881,6.65222977805908e-06,0.000586744954341727,"9",128149071,128153453,"+",1596
"ENSG00000187122","SLIT1",237.994737806507,2.3262056486394,0.517747059815309,4.49293840407169,7.02471077932386e-06,0.000617476888948307,"10",96998038,97185959,"-",9142
"ENSG00000230798","FOXD3-AS1",168.050442544272,-2.09278531306589,0.466067378888226,-4.49030635454062,7.1120807617429e-06,0.000623023129391314,"1",63320878,63324441,"-",2242
"ENSG00000140093","SERPINA10",2495.92867583776,-4.62015545374011,1.02950424299754,-4.48774785064305,7.19800491236173e-06,0.000628405415257104,"14",94280460,94293268,"-",5464
"ENSG00000237234","ENSG00000237234",129.047074453208,2.56215713781495,0.571145560685894,4.48599676540956,7.25738422089916e-06,0.000631441629823115,"6",112154765,112166476,"+",1509
"ENSG00000268297","CLEC4GP1",94.5363533800943,3.84165700067174,0.856825831435211,4.48359148350703,7.33971143769138e-06,0.000636447207673057,"19",7787549,7790621,"+",870
"ENSG00000170891","CYTL1",50.5246903616774,2.89725936878233,0.646860308909476,4.47895678383287,7.50087161410468e-06,0.000648231891310521,"4",5014586,5019458,"-",989
"ENSG00000231663","COA6-AS1",508.634786702949,-1.1700796325682,0.26138926743809,-4.47638743562924,7.59166649747864e-06,0.000653876859029477,"1",234372807,234373664,"-",858
"ENSG00000140937","CDH11",2701.65681312479,2.59054233056409,0.580191064423822,4.46498143355019,8.00756954892196e-06,0.000687392266261471,"16",64943753,65126112,"-",13275
"ENSG00000161798","AQP5",40.2810461870556,4.19241118622985,0.939868152751154,4.46063756278787,8.17161862062002e-06,0.000699136450451513,"12",49961872,49965682,"+",1884
"ENSG00000154342","WNT3A",49.8772331472004,5.43326579588619,1.21901582887769,4.45709207967253,8.30789237729898e-06,0.000708434131721372,"1",228006998,228061271,"+",2996
"ENSG00000198624","CCDC69",1291.92407375326,1.97588288440505,0.443581015684418,4.4543900990812,8.4132010385825e-06,0.000715038513434759,"5",151181052,151224093,"-",4941
"ENSG00000096696","DSP",12377.705452078,-1.17645033080121,0.264210929754358,-4.45269365614426,8.47996994536579e-06,0.000718334615801002,"6",7541617,7586714,"+",13340
"ENSG00000143387","CTSK",1727.49277489663,1.73003444768064,0.388694301899141,4.450887083314,8.55163008087322e-06,0.000722022004229516,"1",150794880,150809577,"-",8447
"ENSG00000257433","RPAP3-DT",352.576047398487,1.50915764294154,0.339125210574593,4.4501487824645,8.58108205127915e-06,0.000722133222984203,"12",47706058,47742294,"+",6463
"ENSG00000131203","IDO1",156.551770736545,3.40002073741923,0.764285610868031,4.44862586586929,8.64214007071979e-06,0.000724894801291388,"8",39902275,39928790,"+",3488
"ENSG00000111913","RIPOR2",751.962230463427,2.11181200448571,0.475751541118106,4.43889682316646,9.042114733656e-06,0.00075597380739006,"6",24804282,25042170,"-",9435
"ENSG00000164099","PRSS12",117.428088428942,2.59778142662497,0.585632053067939,4.43585936428176,9.17057061244429e-06,0.000762865826989556,"4",118280038,118353003,"-",5725
"ENSG00000177098","SCN4B",196.336060797131,3.03926691257716,0.685207199487265,4.43554433586135,9.18399269644964e-06,0.000762865826989556,"11",118133377,118152888,"-",5649
"ENSG00000157152","SYN2",92.7346897318168,2.86689502235556,0.646584531710668,4.43390598097146,9.254099531962e-06,0.000766209589312479,"3",12004388,12192032,"+",6329
"ENSG00000108342","CSF3",1033.86370262406,3.79878976255144,0.857117681587315,4.43205156556376,9.33406868537289e-06,0.000770345790827865,"17",40015361,40017813,"+",2220
"ENSG00000198121","LPAR1",591.22700809604,1.81053262088343,0.408782651709826,4.42908380116051,9.46342490445551e-06,0.000778518355841858,"9",110873263,111038470,"-",4137
"ENSG00000188596","CFAP54",82.9366774597439,2.71426964717719,0.612953035120804,4.42818534480745,9.50292253126515e-06,0.000779270008338603,"12",96489571,96875555,"+",12914
"ENSG00000179133","C10orf67",14.2920912109109,4.42545800657571,0.999836957041738,4.42617966400193,9.59166454305346e-06,0.000784042209638705,"10",23202696,23344845,"-",6473
"ENSG00000106772","PRUNE2",601.161348627002,2.43003162198097,0.549629967415861,4.42121384575517,9.81479796155322e-06,0.000799734664378369,"9",76611376,76906114,"-",14683
"ENSG00000248994","ENSG00000248994",23.790690587366,3.43738984887432,0.777680858989769,4.42005201637544,9.86771462598922e-06,0.000801501997801473,"5",1931064,2119926,"+",14412
"ENSG00000110777","POU2AF1",100.57616367401,2.17744548952875,0.493184573479038,4.4150721791003,1.00976292654919e-05,0.00081702100339294,"11",111352255,111455630,"-",6996
"ENSG00000077238","IL4R",4256.99105004124,1.16033522694445,0.26284389607383,4.41454127060467,1.01224404519015e-05,0.00081702100339294,"16",27313668,27364778,"+",5884
"ENSG00000168077","SCARA3",826.414942319903,2.49133178273589,0.564674305785368,4.41198006923807,1.02429544384782e-05,0.00082415646260947,"8",27633868,27676776,"+",4029
"ENSG00000289449","ENSG00000289449",99.2649787485572,2.75326749205155,0.624540633267389,4.40846815306055,1.04104324619517e-05,0.000835014281252859,"X",13773311,13773935,"+",625
"ENSG00000146221","TCTE1",30.3634157485435,2.61850531952208,0.594486612819777,4.40464976511742,1.05954920356648e-05,0.000844579174159654,"6",44278734,44297698,"-",3086
"ENSG00000270164","LINC01480",93.7686594127438,1.75776508134455,0.399021591149395,4.40518789041277,1.05692227441803e-05,0.000844579174159654,"19",41535183,41536904,"+",1722
"ENSG00000102854","MSLN",587.10152289179,3.53827818208148,0.805234802401343,4.39409495408017,1.11235191319411e-05,0.000883923732382456,"16",760734,768865,"+",2588
"ENSG00000213203","GIMAP1",524.146474089077,1.90361921504109,0.433678071087107,4.38947537805926,1.13624441867523e-05,0.000900123009078303,"7",150716606,150724284,"+",4797
"ENSG00000196754","S100A2",35.2213502850991,2.13935553293386,0.487637398157632,4.38718511134846,1.14827058992731e-05,0.000905744454823214,"1",153561108,153567890,"-",1546
"ENSG00000187140","FOXD3",74.5639288907291,-1.60708085191358,0.366346543862899,-4.38677770770784,1.15042255294214e-05,0.000905744454823214,"1",63322567,63325128,"+",2562
"ENSG00000181541","MAB21L2",37.8358685498825,-2.63555653310687,0.600886215622874,-4.38611581458043,1.15392697521016e-05,0.000905744454823214,"4",150582151,150584693,"+",2543
"ENSG00000204305","AGER",3535.83061829302,3.04494499047011,0.69450899913771,4.38431322596347,1.16352259899122e-05,0.000910491906960599,"6",32180968,32184322,"-",2075
"ENSG00000289404","ENSG00000289404",52.291219526118,2.36727620018087,0.540203582098264,4.38219271146977,1.17490812585792e-05,0.000916606895635112,"21",38497743,38498159,"-",417
"ENSG00000127152","BCL11B",102.511512116479,2.07111158258386,0.472846374853711,4.38009402784279,1.18628109193567e-05,0.000922675054142816,"14",99169287,99272197,"-",8528
"ENSG00000144857","BOC",548.200974068973,1.8312648391797,0.418317364491445,4.37769261958801,1.19942344991225e-05,0.00092727715930415,"3",113211003,113287459,"+",10330
"ENSG00000154330","PGM5",517.839630432489,2.30484523163687,0.526457269277192,4.37802907499283,1.1975737716093e-05,0.00092727715930415,"9",68328308,68531061,"+",7714
"ENSG00000151023","ENKUR",67.6386943217934,3.04919001759031,0.696982603728391,4.3748437927707,1.21519465494055e-05,0.000931792096210607,"10",24981979,25062279,"-",4076
"ENSG00000110799","VWF",21398.9022495297,3.41427497760143,0.780464298606523,4.37467156883081,1.21615440928256e-05,0.000931792096210607,"12",5948877,6124770,"-",10387
"ENSG00000172551","MUCL1",2631.42408639943,-1.86893058279239,0.427107543668032,-4.37578453131938,1.20996493488001e-05,0.000931792096210607,"12",54830518,54896008,"+",3971
"ENSG00000248801","C8orf34-AS1",37.2391191267869,5.02671105862817,1.15092885662266,4.36752543800038,1.25662164464471e-05,0.000959931778365944,"8",68302246,68331689,"-",4650
"ENSG00000173705","SUSD5",147.281924195998,2.21850997014029,0.508040649325461,4.36679618665527,1.2608227635956e-05,0.000960283022943865,"3",33150043,33218810,"-",4602
"ENSG00000145362","ANK2",206.430796058411,2.30739743357654,0.52924045985961,4.35982810949227,1.3016464910673e-05,0.000988442617935633,"4",112818032,113384221,"+",55143
"ENSG00000271811","ENSG00000271811",20.6546130218936,3.30269515408153,0.758921211367574,4.35182875983936,1.35006690989815e-05,0.00101918139342223,"1",170667381,170669425,"+",2045
"ENSG00000128564","VGF",589.759666919578,-2.00142395806029,0.459898615963697,-4.35188080282955,1.34974640927942e-05,0.00101918139342223,"7",101162509,101165569,"-",2680
"ENSG00000113296","THBS4",354.170149215885,2.2687283554258,0.521504518317846,4.35035225148914,1.35919011815304e-05,0.00102305961180745,"5",79991311,80083287,"+",4605
"ENSG00000077522","ACTN2",90.4025161883795,2.48569227154612,0.571877000291522,4.34655051746967,1.38295211324225e-05,0.00103790151726868,"1",236664141,236764631,"+",17931
"ENSG00000211949","IGHV3-23",86.1961540079356,1.73868486973986,0.400112729789272,4.34548750962153,1.38966679746906e-05,0.00103990022421686,"14",106268606,106269140,"-",432
"ENSG00000135744","AGT",12496.6538919174,-2.65745569096819,0.611779247464481,-4.34381470437583,1.40029638703629e-05,0.00104480835366455,"1",230690776,230745576,"-",12703
"ENSG00000157551","KCNJ15",280.396537034649,2.09747183155109,0.483191858967501,4.34086748901984,1.41921295693371e-05,0.00105585330335123,"21",38155549,38307357,"+",10342
"ENSG00000143845","ETNK2",2101.47691506433,-1.24989644729722,0.288235207826736,-4.33637672760836,1.44850601191793e-05,0.00107453190196236,"1",204131062,204152044,"-",4513
"ENSG00000133687","TMTC1",1564.30010433153,2.71322468196824,0.625940206158434,4.33463876465141,1.45999669289171e-05,0.00107993472958073,"12",29500840,29784759,"-",14681
"ENSG00000183018","SPNS2",1425.46045779915,1.53493043306395,0.35416753827231,4.33391055699686,1.46483709141028e-05,0.00108040154095482,"17",4498881,4539035,"+",4068
"ENSG00000146476","ARMT1",3960.00942929314,-1.26288173766005,0.29218611005278,-4.32218265759424,1.54493202342867e-05,0.00113621118181501,"6",151452258,151470101,"+",2819
"ENSG00000171056","SOX7",690.056385828704,2.16031587445414,0.500304232812757,4.31800439166513,1.57446298450293e-05,0.00115462118352105,"8",10723768,10730511,"-",3215
"ENSG00000183971","NPW",273.850847116791,-1.82846266787542,0.424110179181242,-4.31129163512493,1.6230367278647e-05,0.00118685138729639,"16",2009926,2020755,"+",928
"ENSG00000128656","CHN1",522.284286546382,1.90841866530347,0.442838040293166,4.30951836034697,1.63610475784035e-05,0.00119300854600819,"2",174798809,175005381,"-",9402
"ENSG00000184347","SLIT3",2295.97831119514,2.85410959990665,0.662661201783367,4.30704195782945,1.6545223544356e-05,0.00120002560529328,"5",168661733,169301139,"-",14270
"ENSG00000166341","DCHS1",1721.22740265881,1.07141183933181,0.24876245891775,4.30696755448157,1.65507875588819e-05,0.00120002560529328,"11",6621330,6655809,"-",10783
"ENSG00000244137","ENSG00000244137",679.237939457993,-2.19221736302262,0.509667892323174,-4.30126636588786,1.69824769013694e-05,0.00122785699895056,"1",230710698,230795492,"-",1345
"ENSG00000165376","CLDN2",333.226536009551,-4.59053020764937,1.06755618190013,-4.30003618121414,1.70770226584786e-05,0.00123122455217744,"X",106900164,106930861,"+",3412
"ENSG00000185437","SH3BGR",316.40394513178,-1.24241483628133,0.289797768008013,-4.28717876200818,1.80956668007599e-05,0.00130101254838965,"21",39445855,39515506,"+",1448
"ENSG00000170099","SERPINA6",1815.28488111237,-3.58606046664319,0.836825591113317,-4.28531405435662,1.82481221668683e-05,0.0013083088035112,"14",94304248,94323389,"-",1847
"ENSG00000111907","TPD52L1",1719.0330753802,-1.58276301632298,0.36956427893944,-4.28278139019584,1.8457149113834e-05,0.00130867305609054,"6",125119049,125264407,"+",7595
"ENSG00000164530","PI16",95.3441996922335,3.88472816248746,0.906823833948296,4.28388405449536,1.83658647217754e-05,0.00130867305609054,"6",36948263,36964837,"+",2305
"ENSG00000108001","EBF3",93.6360343614658,3.47238254770296,0.810648025218809,4.28346512873537,1.84004948399262e-05,0.00130867305609054,"10",129835233,129973053,"-",7596
"ENSG00000257520","SFTA3",401.347748331414,6.84455244422575,1.59808182599756,4.28297996565553,1.84406781398115e-05,0.00130867305609054,"14",36473207,36521149,"-",2095
"ENSG00000164972","SPMIP6",115.029400769021,3.3010577023925,0.771845636430991,4.27683664528644,1.89567800562434e-05,0.00134039579532672,"9",34379019,34397828,"-",1435
"ENSG00000264514","ENSG00000264514",36.0140152611561,3.06223392229848,0.71699177419334,4.27094707710375,1.94644599002315e-05,0.001372511791921,"18",316737,319165,"+",548
"ENSG00000160838","LRRC71",89.9257582038221,2.81343015290689,0.658834463606038,4.27031418105844,1.95197795077628e-05,0.00137264159075547,"1",156920632,156933094,"+",2649
"ENSG00000166250","CLMP",635.04095269803,2.39461106666882,0.561032709081894,4.2682200661482,1.97038893325788e-05,0.00138180253415109,"11",123069872,123195248,"-",5057
"ENSG00000132854","KANK4",59.1490760518592,2.97624368667373,0.69783017837546,4.26499709944099,1.99904798776984e-05,0.00139808078207326,"1",62236165,62319434,"-",6814
"ENSG00000169442","CD52",608.60413863095,1.82013241188539,0.427519701802834,4.25742346893012,2.06796417721377e-05,0.00144234881892788,"1",26317958,26320523,"+",934
"ENSG00000279204","ENSG00000279204",31.8315727234583,2.5899107229257,0.609308813101458,4.25057157755972,2.13225679518795e-05,0.00148316084450106,"5",159106380,159108617,"+",2238
"ENSG00000112305","SMAP1",1384.10591811871,-0.736350590232944,0.173416776199355,-4.24613238909744,2.1749215175525e-05,0.00150468222617305,"6",70667776,70862011,"+",4157
"ENSG00000102837","OLFM4",3506.21250962575,-3.7592839550522,0.885222018175533,-4.24671311588045,2.16929434913924e-05,0.00150468222617305,"13",53028813,53052057,"+",2843
"ENSG00000168658","VWA3B",67.2981499884522,3.17339369298824,0.747494382817511,4.24537463549473,2.18228494910422e-05,0.00150571795130801,"2",98087116,98313299,"+",8307
"ENSG00000133246","PRAM1",232.215953581369,1.54685935901077,0.364610268918892,4.2425008039334,2.21042749330769e-05,0.00152104671503293,"19",8490056,8502640,"-",3291
"ENSG00000165138","ANKS6",414.330483733198,2.1155227146981,0.498863455985863,4.24068487942731,2.22838801728927e-05,0.0015293057550739,"9",98731329,98796965,"-",8862
"ENSG00000235584","ENSG00000235584",48.9785946302069,3.85268427812842,0.909530145759219,4.23590608413802,2.27631911144314e-05,0.001549768770117,"2",95660588,95668727,"+",2058
"ENSG00000145287","PLAC8",186.072169157908,2.35674075279792,0.556233440870178,4.23696343950663,2.26563010250474e-05,0.001549768770117,"4",83090048,83137075,"-",3787
"ENSG00000138722","MMRN1",1954.52977159142,2.38876147090994,0.563927507860168,4.23593713307963,2.27600454890782e-05,0.001549768770117,"4",89879532,89954629,"+",5510
"ENSG00000181374","CCL13",37.1768054736232,3.5306591421755,0.834660398879159,4.23005469879334,2.33634495496071e-05,0.00158642767087239,"17",34356480,34358610,"+",823
"ENSG00000189058","APOD",10994.9957518596,3.03660839814262,0.718472670404563,4.22647725268763,2.3737825606683e-05,0.00160759569880404,"3",195568705,195584033,"-",2022
"ENSG00000196664","TLR7",38.7024254753512,2.53450379785133,0.599853529751329,4.22520444099414,2.38723954434899e-05,0.0016124546680212,"X",12867072,12890361,"+",5201
"ENSG00000228262","LINC01320",84.1556009113247,-3.98462488987937,0.943215281855482,-4.22451265000803,2.39458401818496e-05,0.0016131702885762,"2",33706886,34738231,"+",10109
"ENSG00000138411","HECW2",667.960903372795,1.58548870566266,0.375527345377362,4.222032630059,2.42109049562922e-05,0.0016258291071976,"2",196189099,196593684,"-",23675
"ENSG00000225342","LRRK2-DT",60.739773816933,3.3272856721571,0.788162703139526,4.22157209279679,2.42604335550193e-05,0.0016258291071976,"12",40186009,40224915,"-",2280
"ENSG00000184113","CLDN5",4311.03448064673,2.39874814954292,0.570808700940693,4.20236787839741,2.64137417034004e-05,0.00176552476120098,"22",19523024,19527545,"-",3429
"ENSG00000127928","GNGT1",203.824187828975,-2.97887311035339,0.709211002844923,-4.20026353004107,2.66604486803256e-05,0.00177454512850559,"7",93591573,93911265,"+",2302
"ENSG00000101166","PRELID3B",3882.40642634666,-0.942984038193642,0.224517954950475,-4.20003842633276,2.66869684654677e-05,0.00177454512850559,"20",59033145,59042809,"-",2877
"ENSG00000075886","TUBA3D",511.739094859034,-1.86611987892075,0.445346536074115,-4.19026472142626,2.78629195299887e-05,0.00182949352398245,"2",131476119,131482934,"+",1572
"ENSG00000183807","FAM162B",134.10202021414,2.76201491183812,0.659014475165349,4.19112935439714,2.77569344090017e-05,0.00182949352398245,"6",116752197,116765719,"-",1032
"ENSG00000147408","CSGALNACT1",498.038245461383,2.02536676524451,0.483200850844929,4.19156291157794,2.77039341635172e-05,0.00182949352398245,"8",19404161,19758029,"-",7632
"ENSG00000119125","GDA",372.228155868998,-4.01104405121454,0.956718091624857,-4.19250360824924,2.75892692761157e-05,0.00182949352398245,"9",72114595,72257193,"+",7904
"ENSG00000171885","AQP4",1004.43145349867,4.09690032500805,0.977731645657306,4.19020939253102,2.78697147261908e-05,0.00182949352398245,"18",26852043,26865771,"-",5943
"ENSG00000127528","KLF2",3175.01590075975,1.94890737212252,0.465291599618177,4.18857201316725,2.80715235512111e-05,0.00183804029333912,"19",16324826,16328685,"+",2820
"ENSG00000132855","ANGPTL3",824.048016992788,-3.73019768426495,0.89078557509945,-4.18753714534331,2.81997878637018e-05,0.00184174034375988,"1",62597520,62606313,"+",3371
"ENSG00000225706","PTPRD-AS1",22.2008446070468,2.80499790041951,0.670283943459385,4.18479053211794,2.85429177851569e-05,0.00185941896140006,"9",8858084,8864772,"+",5057
"ENSG00000139567","ACVRL1",2176.48695174659,2.20614658958566,0.527254764022579,4.184213666946,2.86154872191038e-05,0.00185942711507022,"12",51906908,51923361,"+",4961
"ENSG00000206384","COL6A6",250.008494204235,3.64139778004187,0.8717656848138,4.17703729737841,2.95330614445202e-05,0.00191420476792045,"3",130517177,130677044,"+",8830
"ENSG00000078596","ITM2A",650.40573359451,2.50519212774424,0.599871382321236,4.17621543813319,2.96399118340234e-05,0.00191629122681078,"X",79360384,79367667,"-",2051
"ENSG00000197956","S100A6",7083.20674001658,1.5552840129418,0.372743327018932,4.17253348404761,3.01231313454981e-05,0.00194263922674598,"1",153534599,153536244,"-",971
"ENSG00000106852","LHX6",230.368670680732,2.08417858089897,0.499870314439992,4.16943859375584,3.05350870950537e-05,0.00196427087836777,"9",122202577,122229626,"-",5764
"ENSG00000255310","ENSG00000255310",84.1343653214772,2.33758900335519,0.561056123781006,4.16640850045799,3.09436008279495e-05,0.00198557350612745,"8",11107788,11109726,"-",1939
"ENSG00000254192","ENSG00000254192",290.470378147119,2.40976408632738,0.579075851152743,4.16139626877958,3.16307669245133e-05,0.00202271036433742,"5",168654513,168667761,"+",810
"ENSG00000183196","CHST6",128.326756951446,2.60490037187814,0.626021254713044,4.16104142194369,3.1679961291294e-05,0.00202271036433742,"16",75472052,75495445,"-",8620
"ENSG00000108576","SLC6A4",104.494885648901,3.18192560331156,0.764863182581707,4.16012389636973,3.18075001279821e-05,0.00202581415827523,"17",30194319,30236002,"-",6983
"ENSG00000165084","C8orf34",42.5758141702759,3.48023967038208,0.836996229974589,4.1580111662961,3.21030335271123e-05,0.00203957564737721,"8",68330955,68819023,"+",10267
"ENSG00000271894","ENSG00000271894",125.02555529125,3.25442177719179,0.783240374353028,4.15507407911652,3.25182168246791e-05,0.00205577603753458,"2",56147630,56386171,"+",2289
"ENSG00000073734","ABCB11",188.106956914498,-3.2517597979019,0.78259266817173,-4.15511150327867,3.25128946477438e-05,0.00205577603753458,"2",168915498,169031324,"-",7715
"ENSG00000120594","PLXDC2",2759.0030002266,2.12340597423969,0.511267311117614,4.15322068918897,3.27828296293523e-05,0.00206741250146581,"10",19816239,20289856,"+",12567
"ENSG00000116824","CD2",137.999162862254,2.22908405587136,0.537299581617691,4.14868005137856,3.34397784710218e-05,0.0021036735147444,"1",116754430,116769229,"+",1635
"ENSG00000188176","SMTNL2",87.5835687331922,2.97575335618047,0.717842302182046,4.14541375889243,3.3920065035193e-05,0.00212867068278313,"17",4583999,4608319,"+",2480
"ENSG00000142961","MOB3C",802.359586326528,0.807911469462057,0.194985115621629,4.1434520111259,3.42116687162096e-05,0.00214173390472915,"1",46607719,46616811,"-",5832
"ENSG00000144837","PLA1A",465.404725900075,2.71584103253045,0.655690252237618,4.14195730874804,3.44354450109768e-05,0.00214956621333893,"3",119597875,119629811,"+",2169
"ENSG00000112769","LAMA4",2629.68791649614,2.3012395207687,0.555653712979179,4.14149940334318,3.45042770832446e-05,0.00214956621333893,"6",112107931,112254939,"-",11983
"ENSG00000134780","DAGLA",509.323576040584,-1.1290815837063,0.272690739875534,-4.1405204453281,3.4651872038121e-05,0.00215353413947325,"11",61680391,61747001,"+",5799
"ENSG00000015520","NPC1L1",307.996750633975,-2.54952339028771,0.616129045600789,-4.13796981085621,3.50392460263076e-05,0.00217234861777111,"7",44512535,44541330,"-",5267
"ENSG00000225492","GBP1P1",98.7799485753222,1.37312629037896,0.331967926326365,4.13632216092167,3.52916630471938e-05,0.00218272557935499,"1",89410319,89426243,"+",1740
"ENSG00000286848","ENSG00000286848",214.925591919639,2.37421049974878,0.57427018591104,4.13430917710321,3.56023923706609e-05,0.00219615010825999,"4",70637745,70686816,"+",814
"ENSG00000196735","HLA-DQA1",1159.54266571403,1.42101879801476,0.343755226612076,4.13381001365361,3.56798455271133e-05,0.00219615010825999,"6",32628179,32647062,"+",6883
"ENSG00000168275","COA6",1007.13012720389,-1.20641309745941,0.291906162103862,-4.13287985688415,3.58246012237197e-05,0.0021997847837541,"1",234373456,234385080,"+",2288
"ENSG00000147485","PXDNL",199.490372978227,3.20405411821403,0.775826497310162,4.12985909777854,3.62985629606834e-05,0.00222356853344119,"8",51319577,51809445,"-",5239
"ENSG00000177465","ACOT4",342.18246580342,-1.7718666738873,0.429300731892349,-4.1273320594562,3.66996268510457e-05,0.00224278410091855,"14",73591873,73595766,"+",1465
"ENSG00000288797","ENSG00000288797",329.565994102396,-1.75666342653907,0.425882320807895,-4.12476250060508,3.71117510534794e-05,0.00226258269427472,"14",73592139,73595766,"+",996
"ENSG00000198570","RD3",41.136659987932,3.11822673885569,0.756229696761355,4.12338572818533,3.73343716034877e-05,0.00227076141219601,"1",211476522,211492162,"-",3511
"ENSG00000233608","TWIST2",224.543648167941,2.43999343501964,0.592084870852253,4.12101973068064,3.77199116135891e-05,0.00228878716639714,"2",238848032,238910534,"+",1869
"ENSG00000163600","ICOS",18.2087514482184,2.74410526804178,0.666788049582835,4.11540859161856,3.86494145292694e-05,0.00233965689321405,"2",203936763,203961577,"+",2630
"ENSG00000140287","HDC",286.160199278116,2.69365019172936,0.654810978885941,4.11363015982442,3.8948526629236e-05,0.00235221607762965,"15",50241947,50265965,"-",3895
"ENSG00000145536","ADAMTS16",62.601714731143,2.48211068279764,0.603667710664823,4.11171682524493,3.92727807648916e-05,0.00236270225962958,"5",5140330,5320304,"+",5863
"ENSG00000079337","RAPGEF3",1735.6029512266,1.62261730052638,0.394651432562208,4.11152010773612,3.93062634847014e-05,0.00236270225962958,"12",47734363,47771040,"-",12106
"ENSG00000168405","CMAHP",1035.8951745768,1.86750865641018,0.454597699715903,4.10804686776301,3.99019144712513e-05,0.0023929028942374,"6",25061626,25452263,"-",8544
"ENSG00000145569","OTULINL",503.497844321786,2.46990433716118,0.601608974916971,4.10549782356897,4.03445082689329e-05,0.00241380534671026,"5",14581792,14616180,"+",7040
"ENSG00000206538","VGLL3",1601.94243258614,2.6122600419408,0.636786857793713,4.10225181309732,4.09148630516753e-05,0.00244223672080779,"3",86876388,86991149,"-",12740
"ENSG00000251196","ENSG00000251196",17.3163993784692,2.27381200009579,0.555504338924756,4.09323895560747,4.25388933929843e-05,0.00253328486477431,"5",10652211,10655925,"-",800
"ENSG00000158352","SHROOM4",1288.41589994311,2.14246436055398,0.523578318999451,4.09196539048484,4.2773250053958e-05,0.0025413449285531,"X",50586796,50814302,"-",15184
"ENSG00000239951","IGKV3-20",577.463348395509,1.70221490549304,0.416055410356763,4.09131779835145,4.28928867726906e-05,0.00254256749375207,"2",89142574,89143160,"-",400
"ENSG00000007174","DNAH9",136.048866136448,3.30882452427446,0.808860307120646,4.09072431314266,4.30028064408728e-05,0.00254320975326701,"17",11598470,11969748,"+",16941
"ENSG00000255150","EID3",44.3172838694857,2.00450286405047,0.490110529284269,4.08989961300717,4.3155993263989e-05,0.00254640202093519,"12",104303739,104305205,"+",1467
"ENSG00000227392","HPN-AS1",970.615391818534,-2.48737204827646,0.609044839953972,-4.08405405497638,4.42567286897612e-05,0.00260536113596353,"19",35042902,35106307,"-",4862
"ENSG00000091972","CD200",475.051819286926,2.1895161058746,0.537071058669291,4.0767717242102,4.56652843196289e-05,0.00268213009755587,"3",112332347,112362812,"+",2991
"ENSG00000186827","TNFRSF4",221.856538659224,1.42294987454333,0.349088128525723,4.07619096230158,4.57794276510568e-05,0.00268269536420017,"1",1211326,1214153,"-",1975
"ENSG00000155966","AFF2",135.164072922896,3.17115988317257,0.778296682665775,4.07448721522351,4.61158464260154e-05,0.00269625382737253,"X",148500617,149000663,"+",14241
"ENSG00000172236","TPSAB1",1669.85050586555,2.75990590618948,0.67753769971893,4.07343518646179,4.63247474239368e-05,0.00270231202756861,"16",1240379,1242554,"+",1583
"ENSG00000153446","C16orf89",147.272970727191,2.47733001113581,0.608355160993918,4.07217719183708,4.65757250990409e-05,0.00271079169187547,"16",5044122,5066110,"-",2067
"ENSG00000157404","KIT",1166.24155542263,2.34469848797101,0.575984287541977,4.07076814191764,4.6858369992597e-05,0.00272107190633481,"4",54657267,54740783,"+",11327
"ENSG00000136352","NKX2-1",638.921580895633,8.07471372370505,1.98403169356318,4.06985117722764,4.7043179032428e-05,0.00272563719238223,"14",36516392,36521149,"-",3165
"ENSG00000278518","ENSG00000278518",1006.72494575399,-3.98032855898197,0.978882290476579,-4.06619733312787,4.77864769839142e-05,0.00276246735303182,"10",133526259,133527513,"-",1255
"ENSG00000280439","ENSG00000280439",24.9003320979932,2.54228581158281,0.625930484294489,4.0616104749209,4.873534587968e-05,0.00281098903976123,"7",106035798,106036431,"+",634
"ENSG00000211674","IGLJ1",732.548067330144,1.91743406784297,0.472302261903034,4.05976050192331,4.91230758479325e-05,0.00282699997262081,"22",22893692,22893818,"+",127
"ENSG00000106236","NPTX2",240.354406365095,2.80612142727851,0.692765669200202,4.05060693974367,5.10849563490613e-05,0.00293332790740796,"7",98617285,98629869,"+",3029
"ENSG00000121577","POPDC2",83.1573556240487,1.07129193973291,0.264649890651587,4.04795912477165,5.16661662264532e-05,0.00296007921547851,"3",119636457,119665324,"-",2208
"ENSG00000197646","PDCD1LG2",126.294949971064,2.25127067534129,0.556299312814317,4.04686941630778,5.19071787805469e-05,0.00296726404846392,"9",5510531,5571282,"+",2432
"ENSG00000157150","TIMP4",127.627234185902,2.08864836422818,0.516468606694892,4.04409549225915,5.252550917263e-05,0.00297609766872824,"3",12153068,12158912,"-",1194
"ENSG00000127083","OMD",249.64446162901,2.77096851029851,0.685120763640957,4.04449647033418,5.2435698323073e-05,0.00297609766872824,"9",92412380,92424471,"-",4324
"ENSG00000184828","ZBTB7C",180.137315398242,1.9346082041831,0.478313668140722,4.0446433648932,5.24028333949479e-05,0.00297609766872824,"18",48026672,48410752,"-",7610
"ENSG00000228601","RPL39P",22.3852093021954,3.5306630600606,0.872717273288113,4.04559777619414,5.21897765504029e-05,0.00297609766872824,"20",56459428,56459583,"-",156
"ENSG00000258603","ENSG00000258603",30.1440252243224,-2.09984517185872,0.519485850181903,-4.04216047679343,5.29609657000375e-05,0.00299416102780366,"14",73555115,73634436,"-",4291
"ENSG00000289984","ENSG00000289984",21.3410643153858,2.23977238006829,0.554231369329855,4.04122268065861,5.31732362552016e-05,0.0029995548460709,"17",8326725,8327744,"+",1020
"ENSG00000197345","MRPL21",1503.77976205402,-1.13085653749482,0.280397765787891,-4.03304403769845,5.50589566565334e-05,0.00309911894847202,"11",68891276,68903835,"-",2825
"ENSG00000233968","ENSG00000233968",50.934172284866,3.37220415765914,0.836363966767481,4.03198163915716,5.53085091165548e-05,0.00310490888973492,"10",19686127,19728562,"-",5651
"ENSG00000100902","PSMA6",4810.4090608955,-0.987377023497747,0.24491084767678,-4.03157733870912,5.54037585810026e-05,0.00310490888973492,"14",35278633,35317493,"+",6506
"ENSG00000127249","ATP13A4",481.70247164808,2.95946572901375,0.734218372733233,4.03077046137747,5.55943161760659e-05,0.00310880024682153,"3",193398967,193593111,"-",8988
"ENSG00000167165","UGT1A6",1081.93760386995,-3.84234363856362,0.953725026526011,-4.02877509942204,5.60682240138566e-05,0.00312848501252969,"2",233691607,233773300,"+",5156
"ENSG00000197852","INKA2",244.093880379865,1.59312239312752,0.396160455249777,4.02140691231553,5.78515697074488e-05,0.00320016430965752,"1",111680630,111755824,"-",6393
"ENSG00000142733","MAP3K6",3917.36938883803,1.35891652746519,0.33788928645427,4.02178045277889,5.77598825357593e-05,0.00320016430965752,"1",27355184,27366961,"-",5507
"ENSG00000139168","ZCRB1",2274.11890047913,-0.80633258244413,0.20048700283388,-4.02186960275047,5.77380206295459e-05,0.00320016430965752,"12",42312086,42326257,"-",9545
"ENSG00000128268","MGAT3",313.268912265917,2.01748353776376,0.501633159949927,4.02183049056236,5.77476109966046e-05,0.00320016430965752,"22",39457012,39492194,"+",5789
"ENSG00000255248","MIR100HG",500.67199670906,2.03570152105312,0.506409043600592,4.01987592200011,5.82288003463871e-05,0.00321410455589402,"11",122028325,122556721,"-",30177
"ENSG00000145247","OCIAD2",1316.94749429463,-1.36862685380968,0.340576807828419,-4.01855564545424,5.85559814224254e-05,0.00322522827289569,"4",48885019,48906937,"-",2483
"ENSG00000225937","PCA3",43.523137188057,3.45968663250774,0.8611931011221,4.0173180997385,5.88642409260314e-05,0.00323526439367976,"9",76691980,76863307,"+",14176
"ENSG00000242366","UGT1A8",1064.66933406509,-3.84034763724934,0.956244840310693,-4.01607148646321,5.91763123702046e-05,0.0032454666871924,"2",233617633,233773300,"+",2409
"ENSG00000278893","ENSG00000278893",274.420752692214,2.7390559871655,0.682773157419757,4.01166325506492,6.02924610627113e-05,0.0032996302731271,"16",64981123,64983227,"-",2105
"ENSG00000163421","PROK2",54.8783810642477,4.06365100783418,1.0141958041858,4.00677166190458,6.155431837131e-05,0.0033543836298013,"3",71771655,71785206,"-",1613
"ENSG00000148357","HMCN2",270.459580219949,2.31052996015735,0.576584529554501,4.00727012558347,6.14245972939468e-05,0.0033543836298013,"9",130265760,130434123,"+",20542
"ENSG00000286039","ENSG00000286039",47.8707179478362,-2.13486843039197,0.533774195536169,-3.99957219409514,6.34570884136158e-05,0.00345074806845821,"4",173508072,173511790,"+",3719
"ENSG00000136546","SCN7A",1779.07951594324,3.37218190046572,0.843687097262619,3.99695800896673,6.41616769500101e-05,0.00347434127062428,"2",166403573,166611482,"-",9728
"ENSG00000095370","SH2D3C",1055.96389527753,1.8362472988663,0.459394268591029,3.99710537203285,6.41217627499541e-05,0.00347434127062428,"9",127738317,127778710,"-",4628
"ENSG00000175857","GAPT",36.4254415736792,1.97493115267676,0.494290376401965,3.99548776784341,6.45611907403114e-05,0.00348128588809154,"5",58491435,58497090,"+",3273
"ENSG00000171033","PKIA",251.263519270668,2.54615578113735,0.637245286876998,3.99556628125962,6.45397966368343e-05,0.00348128588809154,"8",78516340,78605267,"+",4015
"ENSG00000197769","MAP1LC3C",64.4583445410455,3.40021648144633,0.851538732484163,3.99302621447061,6.52353532054529e-05,0.00351026375413912,"1",241995490,241999098,"-",1207
"ENSG00000110717","NDUFS8",3383.78819145926,-0.978753987498519,0.245222445524917,-3.99129037883716,6.57147583621194e-05,0.00351395979766775,"11",68030617,68036644,"+",4523
"ENSG00000167210","LOXHD1",64.0083373730086,2.26533107139861,0.567445425724714,3.99215672327509,6.54750750538365e-05,0.00351395979766775,"18",46476972,46657220,"-",9213
"ENSG00000125910","S1PR4",90.3486100203795,2.06393118505945,0.517062243963416,3.99164937907453,6.5615336586638e-05,0.00351395979766775,"19",3172346,3180332,"+",1663
"ENSG00000264230","ANXA8L1",84.5221001404814,3.16388554338384,0.793073328232998,3.98939849664736,6.62410572430475e-05,0.00353473849533742,"10",46375627,46391784,"+",2860
"ENSG00000162739","SLAMF6",125.157638832337,2.09637086962404,0.525844764617159,3.98667251379844,6.70064118509864e-05,0.00356816093979101,"1",160485030,160523262,"-",2746
"ENSG00000102468","HTR2A",20.7008883215141,4.18886880683436,1.05216397604001,3.98119390344446,6.85699825317948e-05,0.00364386281913784,"13",46831546,46897076,"-",5628
"ENSG00000183092","BEGAIN",119.5685896877,1.1304401487775,0.284018741907528,3.98016039781471,6.88687845252153e-05,0.00365217994299318,"14",100537147,100587417,"-",7882
"ENSG00000111834","RSPH4A",68.7283927465143,3.10301497061697,0.779792127471155,3.97928481360791,6.91228926131623e-05,0.00365809749423101,"6",116616479,116632985,"+",2840
"ENSG00000115525","ST3GAL5",809.392039344279,1.60016340072147,0.402246282489057,3.97806883588789,6.94772599118337e-05,0.00366928565875933,"2",85837120,85905199,"-",16300
"ENSG00000176153","GPX2",1260.65677302335,-3.47548556981965,0.873838512101364,-3.97726298588279,6.971305163947e-05,0.00367417843209502,"14",64939152,64942746,"-",1340
"ENSG00000136274","NACAD",121.580071291534,1.68103294414336,0.422834746545393,3.97562631235391,7.01942745916283e-05,0.00369195993021173,"7",45080437,45088969,"-",4973
"ENSG00000205358","MT1H",1001.34548137885,-3.03263936117699,0.763452014678501,-3.97227239285507,7.11902465186553e-05,0.00373668723393523,"16",56669814,56671129,"+",723
"ENSG00000171747","LGALS4",705.117127772632,-2.84860878073785,0.717620309815512,-3.96952084796789,7.20173058291552e-05,0.00377238405860597,"19",38801671,38812945,"-",2226
"ENSG00000213397","HAUS7",713.894845051128,0.98238412982284,0.247610270875912,3.9674611491183,7.26423492947347e-05,0.0037973751106883,"X",153447668,153495516,"-",3966
"ENSG00000267317","ENSG00000267317",224.028994880868,-0.929203538912642,0.234307852292652,-3.96573793759186,7.31692197885242e-05,0.00381714301689441,"19",1457670,1458580,"-",911
"ENSG00000175206","NPPA",53.119279885443,1.13849880161038,0.287326166484728,3.96239164549219,7.42026864611186e-05,0.00382556344554885,"1",11845709,11848345,"-",1120
"ENSG00000241351","IGKV3-11",257.434206385873,2.01709791263843,0.509131417540328,3.96184136972583,7.43739494030809e-05,0.00382556344554885,"2",89027171,89027731,"-",392
"ENSG00000078081","LAMP3",526.124451646779,3.18859891970756,0.804668715054822,3.96262320138832,7.41307306126554e-05,0.00382556344554885,"3",183122215,183163839,"-",3785
"ENSG00000112294","ALDH5A1",863.453293476901,-1.11595101206866,0.281665013434518,-3.96197951055822,7.43309205686353e-05,0.00382556344554885,"6",24494867,24537207,"+",7563
"ENSG00000258724","PINX1",471.170814882897,1.569084600986,0.395969654326361,3.96263850990145,7.41259758281996e-05,0.00382556344554885,"8",10725399,10839847,"-",1753
"ENSG00000258790","ENSG00000258790",5607.21123580623,-0.939881617900378,0.237137912443317,-3.96343886229089,7.38777897891079e-05,0.00382556344554885,"14",35122549,35317474,"+",3857
"ENSG00000088756","ARHGAP28",166.219985539362,2.06561156699102,0.521157302302623,3.96350882519454,7.38561319682871e-05,0.00382556344554885,"18",6729716,6915716,"+",11912
"ENSG00000183019","MCEMP1",318.630464058388,2.23555709515909,0.564421147743627,3.96079612554583,7.47002918521028e-05,0.00383466478193584,"19",7677088,7679829,"+",1449
"ENSG00000088320","REM1",98.5970204698399,2.16526273939857,0.546874304033839,3.95934261936833,7.51563518939307e-05,0.00385037541728846,"20",31475288,31484895,"+",1660
"ENSG00000185565","LSAMP",413.512422697798,3.22329536524454,0.814203943130326,3.95883045327944,7.53176783437082e-05,0.00385095388455769,"3",115802363,117139389,"-",10286
"ENSG00000009790","TRAF3IP3",334.4638538965,1.02664936844263,0.259572164614873,3.95515971431632,7.64835396157705e-05,0.00390278928691448,"1",209756032,209782320,"+",7750
"ENSG00000130595","TNNT3",39.1383577241492,2.83620668685334,0.717481860452047,3.95300124391493,7.71770357406468e-05,0.00393036304832377,"11",1919703,1938706,"+",2717
"ENSG00000163875","MEAF6",4492.8775211562,-1.08263454566381,0.273944915906863,-3.95201547026295,7.74957293370381e-05,0.00393189026278465,"1",37489993,37514766,"-",6061
"ENSG00000198074","AKR1B10",109.939694688889,-4.67344872097692,1.1825645080318,-3.95196091987841,7.75134013702042e-05,0.00393189026278465,"7",134527567,134541412,"+",1773
"ENSG00000183831","ANKRD45",25.7326532998808,2.01568424900746,0.510360223344164,3.94953242202062,7.83040044661245e-05,0.0039526787274995,"1",173608336,173669851,"-",4125
"ENSG00000236609","ZNF853",218.985211474654,1.60510467656328,0.406408990271815,3.94948122454121,7.83207536939128e-05,0.0039526787274995,"7",6615610,6624290,"+",3864
"ENSG00000182010","RTKN2",446.272350673778,2.29473714636466,0.581051399097916,3.94928426285048,7.83852211905265e-05,0.0039526787274995,"10",62183035,62268844,"-",9793
"ENSG00000254709","IGLL5",2422.95971729139,1.82118047190901,0.461353488616786,3.94747306966122,7.89803988820067e-05,0.00397488215314601,"22",22887780,22896111,"+",1339
"ENSG00000131471","AOC3",3794.24389745075,2.05169292995433,0.519840441533427,3.94677436773145,7.92111398256319e-05,0.00397869339707337,"17",42851184,42858130,"+",4524
"ENSG00000118729","CASQ2",108.927811374744,2.89550461685191,0.734540088609565,3.94192864589992,8.08290252189391e-05,0.0040284244471738,"1",115700021,115768714,"-",2688
"ENSG00000144278","GALNT13",45.4195353474425,3.99184659153432,1.01261874227005,3.94210221962272,8.07705371061752e-05,0.0040284244471738,"2",153871922,154453979,"+",6641
"ENSG00000006453","BAIAP2L1",2392.58552580551,-0.8917638846321,0.226216258378177,-3.94208573258822,8.07760909249179e-05,0.0040284244471738,"7",98291650,98401090,"-",4821
"ENSG00000204176","SYT15",57.6150617309227,1.63331397595203,0.414301658243843,3.94233028869684,8.06937468314999e-05,0.0040284244471738,"10",46578217,46594173,"+",7160
"ENSG00000152518","ZFP36L2",8872.22895047259,0.990853661744147,0.251572739135917,3.93863685368874,8.19458488048638e-05,0.00406828646281323,"2",43222402,43226606,"-",3693
"ENSG00000269918","ENSG00000269918",95.0789770148661,1.73988869716141,0.44170969054402,3.93898692831149,8.18263877062566e-05,0.00406828646281323,"8",11104691,11106704,"-",2014
"ENSG00000138430","OLA1",2743.3496037747,-0.872806949980526,0.221744416898388,-3.93609436570608,8.28184182652786e-05,0.00409576173721562,"2",174072447,174248599,"-",6001
"ENSG00000290988","ZNF781",55.9555669278174,1.54372569668638,0.392174817735169,3.93632030124085,8.27405242140814e-05,0.00409576173721562,"19",37667751,37692315,"-",3610
"ENSG00000287387","ENSG00000287387",2806.01479297855,0.897548122268412,0.228066296386339,3.93547024040758,8.30339534443303e-05,0.0040985240058762,"2",43219849,43223227,"+",2633
"ENSG00000149488","TMC2",80.2006982651813,2.66074315163648,0.676432773315743,3.93349236849366,8.37204982389411e-05,0.00412447990076565,"20",2536573,2643580,"+",7006
"ENSG00000204381","LAYN",490.933292181694,1.96224934603192,0.498945489396884,3.93279303597643,8.39645266839568e-05,0.00412857759846192,"11",111540280,111561745,"+",3144
"ENSG00000031081","ARHGAP31",1186.73482168652,1.42889142320351,0.363392066909155,3.93209305683803,8.42094537795698e-05,0.00413270372879583,"3",119294383,119420714,"+",9374
"ENSG00000272789","ENSG00000272789",66.1337675338199,2.90934515644599,0.740656547201589,3.92806242979735,8.563298438482e-05,0.00419454543932285,"2",127625997,127626848,"-",852
"ENSG00000164035","EMCN",690.931408471812,1.9975608416898,0.508623849692229,3.9273833558897,8.58750455908084e-05,0.00419839008605577,"4",100395341,100880126,"-",5172
"ENSG00000114204","SERPINI2",18.5468723879423,4.397981003297,1.12013301729681,3.92630244389237,8.62616791828189e-05,0.00420927475206352,"3",167441914,167478972,"-",2678
"ENSG00000140043","PTGR2",839.831023074135,-0.821248781652969,0.209238182397028,-3.92494702565641,8.67488260228533e-05,0.00422501350574682,"14",73851831,73885726,"+",6984
"ENSG00000189350","TOGARAM2",190.529861359888,2.56946817431144,0.655338471229671,3.92082608776212,8.82459342833515e-05,0.00428978862736891,"2",28956611,29052230,"+",10673
"ENSG00000139329","LUM",13780.3881606042,2.31074949240577,0.589799302682224,3.91785728110766,8.93395721734292e-05,0.00433474253114444,"12",91102629,91111494,"-",2671
"ENSG00000151224","MAT1A",1171.53699008585,-2.80136400362388,0.715135591362506,-3.91724875318624,8.95653149340498e-05,0.0043374961102118,"10",80271820,80289658,"-",3664
"ENSG00000088926","F11",227.843381671676,-3.54529969283703,0.905588511126765,-3.91491240146791,9.04370360396619e-05,0.0043580956127574,"4",186266189,186289681,"+",3995
"ENSG00000061455","PRDM6",305.093767501851,2.40582307904033,0.614571169685386,3.91463706355103,9.05402942244654e-05,0.0043580956127574,"5",123089241,123194266,"+",9230
"ENSG00000100519","PSMC6",3516.72261742071,-0.716751253166602,0.183111339011229,-3.91429202056486,9.06698506725544e-05,0.0043580956127574,"14",52707178,52728590,"+",7479
"ENSG00000186198","SLC51B",75.1917523697602,1.61153156840468,0.411586324574937,3.91541572735434,9.02485644838769e-05,0.0043580956127574,"15",65045387,65053397,"+",924
"ENSG00000169504","CLIC4",9589.08226629412,0.980049445000985,0.250799046596132,3.90770801684578,9.3175811444517e-05,0.00442059806348691,"1",24745382,24844321,"+",4467
"ENSG00000197479","PCDHB11",118.459643090089,1.40377201088288,0.359193650544187,3.90812033775133,9.30169758990043e-05,0.00442059806348691,"5",141199610,141203779,"+",4170
"ENSG00000245812","LINC02202",40.2442685546026,2.31933530852097,0.593520845024176,3.90775712085814,9.31568820162449e-05,0.00442059806348691,"5",159100483,159117478,"+",3901
"ENSG00000128536","CDHR3",566.896246412385,1.85959284225658,0.47566839863842,3.90943112382405,9.25137277514823e-05,0.00442059806348691,"7",105876796,106036432,"+",9726
"ENSG00000139155","SLCO1C1",19.5853623106862,3.01587804204122,0.771569672330212,3.90875659087661,9.27723781470883e-05,0.00442059806348691,"12",20695332,20753386,"+",4883
"ENSG00000278722","ENSG00000278722",118.180340856916,2.45961836569353,0.629272364789283,3.90867055876059,9.28054163215386e-05,0.00442059806348691,"13",57632759,57633575,"-",654
"ENSG00000267107","PCAT19",878.90082907456,1.59855976959638,0.409001050121993,3.90844905928622,9.28905280019753e-05,0.00442059806348691,"19",41449520,41501255,"-",8213
"ENSG00000240040","ENSG00000240040",537.715888376498,1.86073101691761,0.476224041307104,3.90725972550738,9.3348794262932e-05,0.0044206337681673,"2",88811186,88861563,"-",705
"ENSG00000087589","CASS4",189.104413010923,2.14365617789308,0.548735605433335,3.9065374228819,9.36281483766499e-05,0.00442569739297141,"20",56412112,56460387,"+",5070
"ENSG00000211596","IGKJ2",536.996818692595,1.85925346978056,0.476486289998136,3.90200832386558,9.53978762523681e-05,0.00449474115226388,"2",88861525,88861563,"-",39
"ENSG00000253851","ENSG00000253851",92.3108645310061,2.37511655667845,0.608707084547369,3.90190391564864,9.54390434403637e-05,0.00449474115226388,"8",103228425,103229314,"-",583
"ENSG00000277734","TRAC",206.202719710685,1.95819338174719,0.50195107184006,3.90116386158679,9.57313210735001e-05,0.0045002487509039,"14",22547506,22552156,"+",978
"ENSG00000130427","EPO",353.337640353798,-3.02669424335888,0.776016730651133,-3.90029508876603,9.60755134789489e-05,0.00450817222022702,"7",100720468,100723700,"+",1662
"ENSG00000100351","GRAP2",141.617018133405,2.00124211922796,0.513169233023202,3.89977027156941,9.62840025538402e-05,0.00450971075465222,"22",39901084,39973721,"+",6188
"ENSG00000148180","GSN",11737.0658524041,1.29646085660606,0.33252222956476,3.89886973362052,9.66427463488389e-05,0.00451826843449116,"9",121207794,121332843,"+",11057
"ENSG00000183580","FBXL7",939.068839296442,1.51512266210352,0.388707488951432,3.89784788091087,9.70513462700641e-05,0.00452912164493406,"5",15500180,15939795,"+",4870
"ENSG00000256694","ENSG00000256694",56.2669878152938,2.59928251502368,0.667729969033161,3.89271507281202,9.9128551788954e-05,0.00461766340974062,"12",164664,166321,"-",1101
"ENSG00000238279","ENSG00000238279",50.4127707701802,1.74659436874083,0.448817175777079,3.89154975122508,9.9605958961873e-05,0.00463149664614926,"1",153533430,153535129,"+",718
"ENSG00000240583","AQP1",9295.32241013574,1.87036033500186,0.480815546831312,3.8899747467152,0.000100254654422994,0.00465323004534354,"7",30911853,30925517,"+",3261
"ENSG00000291164","C3P1",507.925796530707,-3.94565641433098,1.01494265581478,-3.88756585579063,0.000101254520989148,0.00469115485600806,"19",10041841,10074770,"+",4526
"ENSG00000113749","HRH2",247.990212362541,2.08920925740036,0.537471894922919,3.88710419490861,0.000101447215839604,0.00469161385397318,"5",175658030,175710756,"+",5675
"ENSG00000204252","HLA-DOA",280.442775413329,1.36031414638754,0.350071928126551,3.88581327748103,0.000101987876901953,0.00470813459791803,"6",33004182,33009591,"-",3987
"ENSG00000255642","PABPC1P4",23.9958989441106,2.33407554849351,0.601458570892787,3.88069213982416,0.000104159620019751,0.00479975757099991,"12",63822021,63823895,"+",1875
"ENSG00000265972","TXNIP",54270.9713969791,1.8401875970535,0.474369573587904,3.87922771508131,0.000104788624538169,0.00480287433218069,"1",145992435,145996579,"-",3604
"ENSG00000283674","ENSG00000283674",90.8512936795831,1.87164467701557,0.482408482811578,3.87979221697601,0.000104545734441332,0.00480287433218069,"8",12467693,12665588,"-",16933
"ENSG00000277758","SYT15B",119.765758936308,2.04774767809017,0.527828194863132,3.87957236468044,0.000104640267779095,0.00480287433218069,"10",47744717,47763592,"-",11673
"ENSG00000110848","CD69",331.526341694285,2.33427977813134,0.602256899428896,3.8758871510561,0.000106236915612035,0.00486057560252066,"12",9752486,9760901,"-",2832
"ENSG00000054690","PLEKHH1",1325.5039710709,-1.12603734938061,0.290665187157544,-3.87400142546237,0.000107062785582607,0.00488964504901915,"14",67533290,67589612,"+",10828
"ENSG00000263065","ENSG00000263065",337.950927137767,2.55567082725878,0.659875535597906,3.87295889813996,0.000107521966110854,0.00490189396832555,"16",15741151,15741791,"+",550
"ENSG00000185904","LINC00839",179.587932438157,2.62528890982357,0.678032551237471,3.87192164304232,0.000107980668175592,0.00491407767741652,"10",42475480,42495337,"+",8423
"ENSG00000242515","UGT1A10",1078.62482275049,-3.61324775617724,0.933572705359292,-3.87034425431992,0.000108681772202955,0.00493723017191725,"2",233636448,233773300,"+",3158
"ENSG00000055813","CCDC85A",220.222690237344,3.19539917399739,0.826019390439231,3.86843119057806,0.000109537837515486,0.00496732804860418,"2",56183990,56386172,"+",4114
"ENSG00000102760","RGCC",3974.03710929829,2.75164773862838,0.711689105742675,3.86636203424377,0.000110470911385532,0.00500080578929887,"13",41457550,41470871,"+",1030
"ENSG00000229525","DNPEP-AS1",25.6010586829924,-2.00301116976459,0.518406359412225,-3.86378587646114,0.000111643095177527,0.00503610425996763,"2",219388496,219403633,"+",1598
"ENSG00000138115","CYP2C8",246.329849863116,-3.2571583975021,0.842977211437743,-3.86387479199686,0.000111602442756691,0.00503610425996763,"10",95036772,95069497,"-",2509
"ENSG00000270069","MIR222HG",52.3509055105056,2.31300184852464,0.599151237352867,3.86046411043697,0.000113171863156111,0.00509477731198099,"X",45745210,45770274,"-",2866
"ENSG00000173068","BNC2",285.613705352251,1.98622589911337,0.514553007635813,3.8600996780475,0.000113340781748593,0.00509477731198099,"9",16409503,16870843,"-",15327
"ENSG00000178965","ERICH3",607.632486910247,2.88121307978457,0.746597229437829,3.85912640200133,0.000113793072764724,0.00510616573190937,"1",74568117,74673792,"-",8827
"ENSG00000211956","IGHV4-34",14.0621749291613,2.18909760904866,0.567633952698071,3.8565304253621,0.00011500778911128,0.00514400443866866,"14",106373663,106374145,"-",400
"ENSG00000211675","IGLC1",2321.31191861068,1.81275672973958,0.470056209745667,3.85646799713677,0.000115037150730347,0.00514400443866866,"22",22895375,22895834,"+",460
"ENSG00000215187","CIMIP2B",101.345538137858,1.98161625379649,0.513957222969663,3.85560541857286,0.000115443568265757,0.00515320011596033,"9",35561831,35563899,"-",1372
"ENSG00000154188","ANGPT1",608.724191593461,2.78383316310176,0.722977229378242,3.85051292071239,0.000117870711287473,0.00524330597333721,"8",107249482,107498055,"-",7128
"ENSG00000135426","TESPA1",80.1573790957571,2.43901935385824,0.633377927338986,3.85081204851155,0.000117726823448979,0.00524330597333721,"12",54948015,54984762,"-",5044
"ENSG00000250387","LINC02197",61.5430592636249,-3.11999040938423,0.810665480408858,-3.84867801181156,0.000118756982800716,0.00527014470761425,"5",71337182,71446772,"-",3493
"ENSG00000139209","SLC38A4",635.169646330623,-3.32916838492622,0.865075283311941,-3.84841463991491,0.000118884707434007,0.00527014470761425,"12",46764761,46832408,"-",4145
"ENSG00000115526","CHST10",378.34694565253,0.988154875064098,0.256924997909467,3.84608303241982,0.000120021104956226,0.00528873274827856,"2",100391860,100417668,"-",4499
"ENSG00000272398","CD24",26667.8253014528,-1.76103298430524,0.457802766582247,-3.84670673236061,0.00011971612174105,0.00528873274827856,"6",106969831,106975627,"-",3096
"ENSG00000146701","MDH2",6681.62815038619,-0.996235805702338,0.259040809248362,-3.84586431996193,0.00012012822660406,0.00528873274827856,"7",76048051,76067508,"+",3641
"ENSG00000077943","ITGA8",866.672049023034,2.31194532659469,0.601032422256492,3.8466233117921,0.000119756871215315,0.00528873274827856,"10",15513954,15719922,"-",7320
"ENSG00000130720","FIBCD1",399.7682034439,3.65021317310142,0.949371860933203,3.84487188140733,0.000120615439740014,0.00530108988323107,"9",130902438,130939286,"-",4056
"ENSG00000270550","IGHV3-30",74.9840564101233,2.02679836277692,0.527273302641267,3.84392373485267,0.000121082648542716,0.00531252707717247,"14",106335082,106335613,"-",431
"ENSG00000166750","SLFN5",1787.83170865238,1.71243774737403,0.445687031745549,3.84224270710145,0.000121915189041565,0.00533992688930007,"17",35243071,35273655,"+",10674
"ENSG00000277494","GPIHBP1",658.775608319043,2.97451482881749,0.774414850137169,3.84098371601555,0.000122542244354459,0.00535824835748877,"8",143213218,143217170,"+",2257
"ENSG00000223552","CCR5AS",28.9831327234529,1.8477860345318,0.481405259598674,3.83831708875016,0.000123880443607723,0.00538010041637803,"3",46364391,46407117,"-",2082
"ENSG00000237786","GFOD1-AS1",62.4306251383617,1.47239547052345,0.383557650954799,3.83878529566072,0.000123644489638819,0.00538010041637803,"6",13486294,13486852,"+",332
"ENSG00000250349","ENSG00000250349",672.373051842902,2.22891280158073,0.58055458653174,3.83928204735468,0.000123394613689095,0.00538010041637803,"X",37349330,38687674,"+",954
"ENSG00000262655","SPON1",2009.76518786902,2.38229162861399,0.620593971967122,3.83872827681961,0.000123673201745095,0.00538010041637803,"11",13962723,14268133,"+",5317
"ENSG00000211448","DIO2",66.0671342244537,2.36560720700324,0.616540673934519,3.83690372268039,0.000124595289995785,0.00539289596681587,"14",80197526,80387757,"-",7393
"ENSG00000274736","CCL23",159.467397893567,2.62622272230571,0.684435517220255,3.8370637645629,0.000124514149889861,0.00539289596681587,"17",36013056,36017972,"-",742
"ENSG00000161544","CYGB",909.665076279082,2.00612035996391,0.523011461969516,3.83571012461069,0.000125202009720955,0.00541003364226893,"17",76527356,76551175,"-",2753
"ENSG00000271474","UNC5C-AS1",89.0168413512361,2.58342084312656,0.673651948144391,3.83494896770168,0.000125590367652368,0.00541103541936027,"4",95549129,95552457,"+",3329
"ENSG00000106327","TFR2",2354.16484267169,-2.66162161781886,0.694063549444826,-3.8348384956217,0.000125646827051807,0.00541103541936027,"7",100620416,100642779,"-",5065
"ENSG00000289746","TARP",35.0922247125239,2.45575474720747,0.640756532997586,3.83258635806484,0.000126803064467139,0.0054425656449466,"7",38259643,38273636,"-",1016
"ENSG00000166592","RRAD",636.03237241992,2.17161610247174,0.566611804652005,3.83263476800571,0.000126778105897235,0.0054425656449466,"16",66921679,66925536,"-",1601
"ENSG00000124915","MYRF-AS1",68.6137508487529,-1.1438582350486,0.298655479662465,-3.83002594273966,0.000128129749979035,0.00546224415456851,"11",61746493,61757655,"-",2889
"ENSG00000255390","DCHS1-AS1",390.319033715297,0.827087362238961,0.215945479543239,3.83007490589009,0.000128104257364489,0.00546224415456851,"11",6621451,6622322,"+",820
"ENSG00000135424","ITGA7",1838.70984760986,1.58700694126133,0.414399986477995,3.82965007974391,0.000128325601948214,0.00546224415456851,"12",55684568,55716404,"-",9080
"ENSG00000260182","ENSG00000260182",81.3210714787632,3.28493287538035,0.857629954238168,3.83024503650687,0.000128015716187871,0.00546224415456851,"16",1257339,1258074,"+",249
"ENSG00000256612","CYP2B7P",1120.09296063506,2.22830679028097,0.581641465908938,3.83106590724024,0.00012758931984972,0.00546224415456851,"19",40924273,40949234,"+",1476
"ENSG00000261276","ENSG00000261276",156.46505985826,1.84515460018932,0.482189804143903,3.82661471547552,0.000129917618972903,0.00552085352016141,"11",69004394,69005100,"+",366
"ENSG00000099834","CDHR5",855.523833999228,-2.68278352610503,0.701375990889351,-3.82502903001176,0.000130756677880871,0.00553778052509034,"11",616577,626078,"-",3861
"ENSG00000185532","PRKG1",771.944677167106,1.75726884350424,0.459424896192298,3.82493168756949,0.000130808352237408,0.00553778052509034,"10",50990888,52298423,"+",12931
"ENSG00000131097","HIGD1B",154.188876887317,2.37238448646672,0.620289588723429,3.8246401835458,0.000130963212636063,0.00553778052509034,"17",44846353,44850476,"+",872
"ENSG00000149295","DRD2",9.74056749741253,4.43409694371201,1.15978118512922,3.8232185524013,0.000131720927656539,0.00555823927525495,"11",113409605,113475691,"-",4117
"ENSG00000139269","INHBE",613.110721247758,-3.25864127250739,0.852395704461131,-3.82292080480091,0.000131880146438239,0.00555823927525495,"12",57452323,57459280,"+",3046
"ENSG00000164604","GPR85",55.1462367946575,2.40324341321945,0.628863854582859,3.82156391356534,0.000132608035137008,0.00557975481616654,"7",113078331,113087778,"-",7582
"ENSG00000178695","KCTD12",4613.92282467701,1.90451026776998,0.498438157771926,3.82095599639353,0.000132935371722888,0.00558437346319371,"13",76880175,76886405,"-",6231
"ENSG00000270547","LINC01235",149.329805730169,2.38075303681229,0.623915166017464,3.8158281229305,0.000135726960500259,0.00569232662607869,"9",13406380,13488125,"-",3023
"ENSG00000072657","TRHDE",159.843678449323,3.30024452367078,0.864981171417727,3.81539463831518,0.000135965461913216,0.00569302693462727,"12",72087266,72670758,"+",12264
"ENSG00000144821","MYH15",23.1720855843976,1.87554152221253,0.491898651572848,3.81286168647846,0.000137366994138644,0.00574234305953842,"3",108380368,108529322,"-",7957
"ENSG00000086696","HSD17B2",720.039952578931,-3.43546652315098,0.901564543814404,-3.81056081533105,0.000138651897347258,0.00576867477818787,"16",82035004,82098534,"+",9529
"ENSG00000171346","KRT15",556.901360586668,1.41500526204038,0.371341142226056,3.81052649743556,0.000138671147315304,0.00576867477818787,"17",41513745,41522529,"-",5969
"ENSG00000124214","STAU1",7700.12808056613,-0.666272764757421,0.174818616086543,-3.81122319620461,0.00013828084024621,0.00576867477818787,"20",49113339,49188367,"-",4094
"ENSG00000214402","LCNL1",37.0980410062668,2.61702997238916,0.687173680149711,3.8083966950233,0.000139870757748138,0.00580916300828717,"9",136981904,136986410,"+",4052
"ENSG00000247287","PRKCH-AS1",68.227997984894,1.32037905793871,0.346754358786776,3.80782252473611,0.000140195827809098,0.00581325737055916,"14",61294909,61322838,"-",5694
"ENSG00000288702","UGT1A3",1076.63058034891,-3.64096314815145,0.956707092846109,-3.80572400411494,0.000141389981455664,0.00585331718390728,"2",233729042,233773300,"+",2431
"ENSG00000122694","GLIPR2",784.683318579328,1.31247732352503,0.344962445504284,3.80469625209894,0.000141978307709454,0.00585877367199126,"9",36136536,36163913,"+",3055
"ENSG00000177699","ENSG00000177699",20.4857890035567,2.46274853955082,0.647225231026742,3.80508735057189,0.00014175415611598,0.00585877367199126,"15",78978889,78985926,"+",1900
"ENSG00000255587","RAB44",56.4979739821487,2.32622944326134,0.611752791068191,3.80256449537317,0.000143205968865508,0.00589049295331892,"6",36697826,36733184,"+",4259
"ENSG00000258429","PDF",974.921981564061,-0.924019693722251,0.242995968788821,-3.80261326279567,0.000143177772718036,0.00589049295331892,"16",69326913,69330588,"-",2859
"ENSG00000152953","STK32B",89.4043482081864,2.24800968435058,0.592032629491415,3.79710436953742,0.000146396162448419,0.00601208048250172,"4",5051480,5500994,"+",5282
"ENSG00000215595","C20orf202",21.8282753162309,2.93824280268496,0.773911134512385,3.7966152335258,0.000146685193023026,0.00601432723533866,"20",1203454,1209076,"+",2406
"ENSG00000226674","TEX41",54.1670189578177,2.7380996543282,0.721298730606593,3.79606886598224,0.000147008676979715,0.00601797721218238,"2",144666312,145262988,"+",26790
"ENSG00000238121","LINC00426",48.8470835549581,2.31368395749069,0.609647129137856,3.79511990938534,0.000147572116001006,0.00603142277292646,"13",30340267,30377145,"-",5619
"ENSG00000100427","MLC1",88.5695932157392,2.93036240116302,0.772387817066514,3.79390033920055,0.000148299216701523,0.00605150396673766,"22",50059391,50085426,"-",3821
"ENSG00000262370","ENSG00000262370",140.224331480899,1.84718496613397,0.487109028739089,3.79213863252652,0.000149355493518034,0.00608493246369426,"16",3076911,3087112,"-",2125
"ENSG00000282804","ENSG00000282804",32.2506962924801,2.39388018715014,0.631367736912122,3.79157826286479,0.000149692959777671,0.00608675676765777,"6",24797373,24809798,"-",654
"ENSG00000187398","LUZP2",182.499823902387,3.02052724496313,0.796869327075012,3.79049254668927,0.00015034884445767,0.00608675676765777,"11",24496970,25082638,"+",8858
"ENSG00000235505","CASP4LP",72.3588959440703,1.83213414748885,0.483322906840024,3.79070414739368,0.000150220803900591,0.00608675676765777,"11",104903453,104909915,"-",876
"ENSG00000172264","MACROD2",226.107418803924,1.74513833721113,0.460379585784654,3.79065099994992,0.000150252954005152,0.00608675676765777,"20",13995369,16053197,"+",11426
"ENSG00000140368","PSTPIP1",401.023218878887,1.87813992104182,0.496007226910955,3.78651725044117,0.000152773494759288,0.00617517683462465,"15",76993359,77037475,"+",5110
"ENSG00000185519","FAM131C",79.4166153097879,-2.66017460754165,0.702871118063628,-3.78472601758099,0.000153878007481189,0.00619057494987411,"1",16057769,16073651,"-",1720
"ENSG00000145147","SLIT2",1382.18499125913,2.45630129234608,0.648951498747763,3.78503061798275,0.000153689655435141,0.00619057494987411,"4",20251905,20620561,"+",11067
"ENSG00000175267","VWA3A",272.410687719686,2.41578453864879,0.638289776045332,3.78477711740321,0.000153846394345134,0.00619057494987411,"16",22092538,22156964,"+",5037
"ENSG00000164736","SOX17",418.851595857572,1.65895864016804,0.438541326512936,3.7829014961013,0.000155010771012454,0.00621134420600807,"8",54457935,54460892,"+",2346
"ENSG00000183117","CSMD1",17.7048678656688,3.8718115365412,1.02355066853755,3.78272581471052,0.000155120256985669,0.00621134420600807,"8",2935353,4994972,"-",18700
"ENSG00000105707","HPN",5671.02873842008,-2.50597399804118,0.662470742337888,-3.7827693177777,0.000155093138766452,0.00621134420600807,"19",35040506,35066573,"+",3383
"ENSG00000180537","RNF182",62.914034568079,3.65682998884594,0.967011397953058,3.7815789933672,0.000155836755086595,0.00622365904424995,"6",13924446,13980310,"+",4098
"ENSG00000256540","IQSEC3-AS1",28.2902257315518,3.51595235117797,0.929787582175088,3.78145763460614,0.00015591275822857,0.00622365904424995,"12",166856,182399,"-",1184
"ENSG00000173376","NDNF",619.553002709321,3.31566939091223,0.877614689738465,3.77804682360127,0.000158063164965928,0.006299700706802,"4",121035613,121073021,"-",3573
"ENSG00000119535","CSF3R",2188.0219450822,1.41744337402836,0.375371146853402,3.77611168548852,0.000159295586361863,0.00632935313960352,"1",36466043,36483278,"-",10594
"ENSG00000122691","TWIST1",370.06785542015,2.06875385428351,0.547854012524173,3.77610423030758,0.000159300351742855,0.00632935313960352,"7",19020991,19117636,"-",1997
"ENSG00000286289","ENSG00000286289",123.553020046265,2.97206647529348,0.78720090441786,3.77548661163105,0.000159695602284027,0.00633525042322121,"10",113482069,113492054,"-",3611
"ENSG00000254838","GVINP1",330.66581518091,2.1494759654871,0.569402938763062,3.77496465008856,0.000160030355538491,0.00633873323396057,"11",6714610,6721880,"-",7271
"ENSG00000152779","SLC16A12",57.1659248004434,2.81921728301396,0.747076527714416,3.77366598792628,0.00016086610317816,0.00636201890643119,"10",89430299,89556641,"-",4873
"ENSG00000172260","NEGR1",726.221130568042,3.20541575926384,0.850065402556607,3.77078722369293,0.000162733383181317,0.00642596576325365,"1",71395943,72282539,"-",13208
"ENSG00000196620","UGT2B15",120.747550255622,-3.30621378391406,0.876939659006323,-3.77017249699984,0.000163134752787247,0.00643191966173622,"4",68646597,68670652,"-",2134
"ENSG00000228146","CASP16P",127.881266316006,-1.4317716485782,0.379817735661853,-3.76962820359944,0.000163490912123431,0.00643607552373022,"16",3144015,3149963,"+",3538
"ENSG00000145864","GABRB2",26.451872887921,3.88872657764244,1.03194932656146,3.7683309417915,0.000164342729675457,0.00645970113718217,"5",161288429,161549044,"-",17138
"ENSG00000210151","MT-TS1",18805.3056815355,1.33307238428089,0.353944609210569,3.76633052062624,0.000165664449053235,0.00650169635145166,"MT",7446,7514,"-",69
"ENSG00000197614","MFAP5",159.540205399095,3.2500829590535,0.863211593177019,3.76510578025451,0.000166478589031682,0.00652038227786635,"12",8637346,8662888,"-",3889
"ENSG00000288765","ENSG00000288765",69.2033003762665,2.75889450868516,0.732803170784599,3.76485067024377,0.000166648645119427,0.00652038227786635,"13",57630108,57631154,"+",1047
"ENSG00000166961","MS4A15",419.88933429169,4.16378357051183,1.10672831954067,3.76224543729028,0.000168394671854429,0.00657866977547583,"11",60756867,60776733,"+",2282
"ENSG00000104435","STMN2",53.9780335816698,-2.53267366149721,0.673526722191753,-3.76031652204612,0.000169698502335391,0.0066094862813998,"8",79611117,79666158,"+",2042
"ENSG00000017427","IGF1",1549.6507790933,2.8529311633,0.758646855932865,3.76055227934994,0.000169538636742455,0.0066094862813998,"12",102395874,102481744,"-",8115
"ENSG00000105825","TFPI2",1246.06403462934,-3.06618343638822,0.815735283130671,-3.75879712425907,0.000170732203267274,0.00662172252527756,"7",93885396,93890753,"-",2444
"ENSG00000155849","ELMO1",752.694747634531,1.86954086978179,0.497293714911175,3.75942991782176,0.000170300973454174,0.00662172252527756,"7",36852906,37449223,"-",10999
"ENSG00000140795","MYLK3",21.6910055417952,1.71027433846147,0.455015413369562,3.75871737134405,0.000170786625306181,0.00662172252527756,"16",46702282,46790407,"-",10644
"ENSG00000160856","FCRL3",19.7546569934787,2.92669040007928,0.77877578143621,3.75806550465901,0.000171232060215109,0.00662897932057496,"1",157674321,157700769,"-",6450
"ENSG00000259070","LINC00639",55.187676055499,2.03856987467954,0.542528884618427,3.75753242357467,0.000171597138239121,0.00663310805298723,"14",38738155,38948273,"-",9453
"ENSG00000278936","ENSG00000278936",67.3437915978251,1.8008424962926,0.479619379843813,3.75473254829494,0.000173526670179099,0.00668141985499265,"5",141183401,141201396,"-",946
"ENSG00000227954","TARID",971.805084450103,2.97026088895142,0.790966898838235,3.75522780196505,0.000173183887691666,0.00668141985499265,"6",133502252,133892802,"-",8082
"ENSG00000176971","FIBIN",766.129803134407,2.15700526049769,0.574498755290601,3.75458648192651,0.000173627889635723,0.00668141985499265,"11",26994112,26997087,"+",2976
"ENSG00000101935","AMMECR1",692.030239246231,-0.857766410864454,0.228539397157579,-3.75325401892532,0.000174553812249534,0.00670699505839637,"X",110194186,110440318,"-",6804
"ENSG00000172123","SLFN12",122.80531413726,1.88008667055779,0.501038798302159,3.752377414541,0.00017516549100348,0.00672043745528599,"17",35410922,35433283,"-",3674
"ENSG00000105639","JAK3",1432.07084807174,1.94688429346106,0.518920902562728,3.75179393207372,0.000175573751346161,0.00672604697880883,"19",17824780,17848071,"-",8369
"ENSG00000273711","ENSG00000273711",443.167231945017,-0.797614332892031,0.212729582991365,-3.74942836664333,0.000177238113654757,0.00676959920115572,"14",73873689,73885555,"-",2137
"ENSG00000261997","ENSG00000261997",19.7435665002904,2.5130677780579,0.67019733640834,3.74974301080589,0.000177015884313066,0.00676959920115572,"16",55538200,55542027,"+",3828
"ENSG00000132622","HSPA12B",614.787915093067,1.43984172130764,0.384128459788199,3.74833388315341,0.000178013179173308,0.00678909995518765,"20",3732685,3753111,"+",3133
"ENSG00000169550","MUC15",186.386918389019,3.65087938113544,0.974656457132107,3.74581151586275,0.00017981156290964,0.00684751244095214,"11",26559032,26572263,"-",3587
"ENSG00000279803","ENSG00000279803",32.4267392067784,1.79501311432787,0.479273337817478,3.7452805584847,0.000180192292075578,0.00685184527511684,"16",57142652,57144936,"+",2285
"ENSG00000225936","SLC18A2-AS1",20.1072036193102,3.72968239501588,0.996069783783656,3.74439869147357,0.000180826320447153,0.00686578279129745,"10",117238762,117241998,"-",1657
"ENSG00000214140","PRCD",405.285580945538,1.78426053889278,0.476634323971869,3.74345792813293,0.000181505004985459,0.00688137217571902,"17",76527586,76553578,"+",5294
"ENSG00000134198","TSPAN2",148.808800016291,1.34787263163791,0.360229916292372,3.74170098228027,0.00018277891650098,0.00691749691992397,"1",115048011,115089503,"-",3413
"ENSG00000157064","NMNAT2",274.242865466161,1.71162909110544,0.457483396652548,3.74140155386972,0.000182996860117208,0.00691749691992397,"1",183248237,183418380,"-",6943
"ENSG00000105974","CAV1",3579.04624500165,2.30304818731331,0.616079786741621,3.73823039949725,0.000185320078073879,0.00699501535870921,"7",116524994,116561179,"+",3868
"ENSG00000267369","TAF5LP1",38.1984890257431,2.32967177314515,0.623411738566775,3.73697129685281,0.000186250175455594,0.00701979919738435,"17",35498218,35499175,"+",958
"ENSG00000278965","ENSG00000278965",23.5969916232823,2.52985195159544,0.677306188827285,3.73516733395826,0.000187590409919398,0.00705994582316889,"5",180078357,180081691,"-",3335
"ENSG00000183876","ARSI",111.349717305702,2.28358377509713,0.611442175489742,3.73475018020807,0.000187901617583949,0.0070613042730999,"5",150296343,150339307,"-",3221
"ENSG00000260467","ENSG00000260467",36.8929856004577,1.8751494059518,0.502397937450318,3.73239869468459,0.000189664984732108,0.00711715082327341,"16",57681124,57701730,"-",804
"ENSG00000183479","TREX2",671.524310682338,0.915116444881556,0.24521675627013,3.73186750693932,0.000190065467550519,0.00711785198665233,"X",153444473,153470587,"-",2586
"ENSG00000110665","C11orf21",110.602869292045,2.33562399826086,0.625897696418625,3.73163859145873,0.000190238300652336,0.00711785198665233,"11",2295628,2303049,"-",4074
"ENSG00000138769","CDKL2",39.5221346720034,3.56541485725925,0.955995815872509,3.72952977205785,0.000191837439743667,0.00715681913648359,"4",75576496,75630716,"-",5290
"ENSG00000176438","SYNE3",511.847629396644,1.57611101449248,0.422596631509401,3.72958726354027,0.000191793676364996,0.00715681913648359,"14",95407266,95516650,"-",18219
"ENSG00000101282","RSPO4",175.363433570014,3.32450772903834,0.891764618165816,3.72801035308644,0.000192997451435162,0.00718964526267968,"20",958452,1002311,"-",2757
"ENSG00000115523","GNLY",261.535727752635,1.69046484421742,0.453657712577619,3.72630024211963,0.000194310931893247,0.00721762473068593,"2",85685175,85698852,"+",3047
"ENSG00000189129","PLAC9",300.654043185295,1.54026965034808,0.413348676329392,3.72632050990448,0.000194295315798609,0.00721762473068593,"10",80131682,80145359,"+",1240
"ENSG00000134709","HOOK1",1350.09290568228,-1.50471718626372,0.403938814083919,-3.72511165998303,0.000195228786191554,0.0072412388080616,"1",59814786,59876322,"+",9374
"ENSG00000011201","ANOS1",629.054774747284,2.36011917424375,0.633770321816886,3.72393451223431,0.000196141824820269,0.00724370103260697,"X",8528874,8732137,"-",7082
"ENSG00000265206","MIR142HG",38.2941521874847,1.65624899083607,0.444700746192545,3.72441243918882,0.000195770644524784,0.00724370103260697,"17",58330879,58332523,"-",1645
"ENSG00000176490","DIRAS1",103.08583771708,2.09460224054285,0.562468548519391,3.72394553625541,0.000196133255607212,0.00724370103260697,"19",2714567,2721372,"-",3439
"ENSG00000102383","ZDHHC15",89.336146580082,2.40357294564919,0.645795062125587,3.72188188887355,0.000197743519289775,0.00729236050231416,"X",75368427,75523502,"-",6820
"ENSG00000287189","ENSG00000287189",47.3508792378331,3.58757394040248,0.964105846911507,3.72114115052325,0.000198324540744791,0.00730329409942117,"6",166309504,166317547,"+",2973
"ENSG00000170290","SLN",43.1150357746798,3.27964921716209,0.881705930612688,3.71966332911371,0.000199488512012107,0.00733563271893232,"11",107707378,107719693,"-",906
"ENSG00000073737","DHRS9",76.0354150727146,2.34821877981417,0.631541219177931,3.71823518165737,0.000200619454509971,0.00736666600702064,"2",169064789,169096167,"+",3750
"ENSG00000290461","CYP4F35P",102.469596451672,1.71556063210537,0.461575230443818,3.71675193761114,0.000201800402539391,0.00739944418854078,"18",14179097,14221384,"+",3555
"ENSG00000115353","TACR1",97.4413184704038,2.73010101755244,0.734828301859447,3.71529105594335,0.000202969927112658,0.00742213810368447,"2",75046463,75199520,"-",5128
"ENSG00000291143","ENSG00000291143",384.548997091734,2.1397046571647,0.575923802721199,3.71525650972359,0.000202997660372716,0.00742213810368447,"11",6713536,6746496,"-",8943
"ENSG00000244474","UGT1A4",1091.5000229615,-3.64342880605515,0.981169176818423,-3.71335432475516,0.00020453021601764,0.00746753492820024,"2",233718736,233773300,"+",2565
"ENSG00000145936","KCNMB1",139.444530984684,1.57848967527971,0.425185707748831,3.71247115439772,0.000205245458733835,0.00748300453028598,"5",170374671,170389634,"-",6036
"ENSG00000289251","ENSG00000289251",96.6951296806317,3.51097836257605,0.945819996196852,3.7120999520984,0.000205546780649479,0.00748336059422721,"7",45187005,45192619,"-",1710
"ENSG00000251546","IGKV1D-39",57.584948639287,2.34628292473908,0.632342978596356,3.71045936170154,0.000206883506445564,0.00752075216834199,"2",89862482,89862981,"+",376
"ENSG00000164946","FREM1",73.9038949734812,2.3734484214495,0.639722568629103,3.71012144613828,0.000207159846613075,0.00752075216834199,"9",14737152,14910995,"-",8274
"ENSG00000290376","HERC2P3",802.804678792725,0.787546617273629,0.212593493906192,3.70447186695721,0.000211831615076569,0.00767419617562922,"15",20379495,20506180,"-",9281
"ENSG00000157423","HYDIN",140.234399255699,2.95811521164301,0.798564906242736,3.7042890171082,0.000211984458196171,0.00767419617562922,"16",70802084,71230722,"-",28702
"ENSG00000163032","VSNL1",22.9331713780313,2.04410467415779,0.552011245434268,3.70301273944101,0.000213054178957977,0.00770205860748505,"2",17539126,17657018,"+",3790
"ENSG00000103742","IGDCC4",78.0092533405061,2.08536607008673,0.563432536033746,3.70118148441792,0.000214597915379141,0.00774695456263911,"15",65381484,65422947,"-",7619
"ENSG00000118526","TCF21",1421.66697985598,2.85613529916642,0.772578363328509,3.69688750648063,0.000218258998843775,0.00786805298219547,"6",133889113,133895553,"+",3679
"ENSG00000106829","TLE4",477.399883336722,1.60490060944775,0.434254937215685,3.69575673621099,0.000219232812846027,0.00789207378305607,"9",79571773,79726882,"+",8276
"ENSG00000271447","MMP28",195.33295139447,2.41863885248292,0.65482328668974,3.69357489515929,0.000221123343823953,0.00794898160494315,"17",35756249,35795707,"-",3190
"ENSG00000198758","EPS8L3",79.2243520635392,-3.97924577740891,1.0781517904981,-3.69080292077475,0.000223547293591705,0.00798023419279318,"1",109750080,109764027,"-",3477
"ENSG00000112514","CUTA",3252.26637733255,-0.765700496092151,0.207391051099973,-3.69206140781381,0.000222443735835324,0.00798023419279318,"6",33416442,33418317,"-",1876
"ENSG00000152926","ZNF117",5291.82471543405,-1.01530502189271,0.275061340418447,-3.69119491800679,0.000223203004297896,0.00798023419279318,"7",64971772,65006684,"-",10695
"ENSG00000232774","LINC03033",43.5917515525359,1.63231907117151,0.442259976308708,3.69085867727745,0.000223498292529363,0.00798023419279318,"14",61570405,61658696,"+",2861
"ENSG00000235649","MXRA5Y",42.0949983790053,2.25461130151007,0.610841892698901,3.69098997376956,0.000223382943702838,0.00798023419279318,"Y",11957208,11987386,"+",8000
"ENSG00000223865","HLA-DPB1",1843.81836036615,1.18054487881152,0.319972610864012,3.68951853605135,0.000224678858423924,0.00799838038719396,"6",33075990,33089696,"+",5222
"ENSG00000254844","ENSG00000254844",164.951579318684,-2.62549333494646,0.7115624108007,-3.68975833334432,0.000224467185553054,0.00799838038719396,"11",117818443,117821992,"+",557
"ENSG00000240207","ENSG00000240207",623.476131739073,2.12834194613306,0.577188714087334,3.68742820881114,0.000226531975152326,0.00804387046950036,"3",158732263,158784070,"+",6252
"ENSG00000156298","TSPAN7",1366.70426011746,2.38910822460225,0.647945961072871,3.68720289674521,0.000226732573043136,0.00804387046950036,"X",38561542,38688920,"+",2938
"ENSG00000101132","PFDN4",761.786913906542,-0.901503975158811,0.244507582093264,-3.68701848605637,0.000226896880037334,0.00804387046950036,"20",54208087,54228052,"+",1743
"ENSG00000165655","ZNF503",643.973437325773,1.76655301383216,0.479199016270072,3.68647045142628,0.000227385830007418,0.0080500856535178,"10",75397830,75401764,"-",3205
"ENSG00000198929","NOS1AP",303.498715043958,-1.69345630463643,0.459764563994976,-3.68331193235443,0.000230223152651178,0.00812997493386168,"1",162069691,162370475,"+",7854
"ENSG00000148541","FAM13C",350.460325297071,2.43879734412977,0.66213126827055,3.68325354955639,0.00023027590980315,0.00812997493386168,"10",59246130,59363181,"-",6752
"ENSG00000143158","MPC2",3842.9871974539,-1.28072515943394,0.347843204323605,-3.68190363794618,0.000231498915416968,0.00813969445856649,"1",167916675,167937072,"-",2638
"ENSG00000255410","ENSG00000255410",86.3961657324863,1.41613602390321,0.384580021185274,3.68229223020657,0.000231146231573738,0.00813969445856649,"11",6630504,6658396,"+",2076
"ENSG00000110841","PPFIBP1",2618.5023676737,1.04682873647361,0.284344515093955,3.68155065740485,0.000231819715947018,0.00813969445856649,"12",27523431,27695564,"+",11690
"ENSG00000166347","CYB5A",5947.52753888939,-1.09028187270546,0.296131527840524,-3.68174871705187,0.000231639661377304,0.00813969445856649,"18",74250846,74291973,"-",9271
"ENSG00000198851","CD3E",276.260063175772,2.5074703286516,0.682878603261046,3.67191227939684,0.000240742322103225,0.00844143877243646,"11",118304730,118316175,"+",2659
"ENSG00000185811","IKZF1",415.818736720872,1.47034925193235,0.400767537955683,3.66883320798038,0.000243659973211348,0.0085204639406208,"7",50304068,50405101,"+",10921
"ENSG00000149534","MS4A2",158.051977484898,2.30855704682613,0.629229468904675,3.66886352421595,0.0002436310853017,0.0085204639406208,"11",60088261,60098467,"+",4454
"ENSG00000249825","THBS4-AS1",204.242622080333,1.74279958928669,0.475185033591416,3.66762306488219,0.000244815728975816,0.0085260316358511,"5",80052374,80083654,"-",5342
"ENSG00000133101","CCNA1",25.3168856621646,1.64199511698654,0.447642742375394,3.66809279264391,0.000244366502821872,0.0085260316358511,"13",36431520,36442870,"+",2251
"ENSG00000211945","IGHV1-18",26.460519477033,2.31395924201445,0.63088568770322,3.66779479566031,0.000244651403749704,0.0085260316358511,"14",106184901,106185394,"-",410
"ENSG00000241635","UGT1A1",1091.29110561351,-3.47079908675496,0.946489167138903,-3.66702462876218,0.00024538916810925,0.00853442246322509,"2",233760270,233773300,"+",4446
"ENSG00000133477","FAM83F",1170.67847618872,-1.42659968888362,0.389113302833224,-3.66628351818408,0.000246101068503737,0.00854759962826172,"22",39994954,40043534,"+",16389
"ENSG00000196381","ZNF781",27.2341660848951,2.05836363768982,0.561656677064468,3.66480756259852,0.000247524625455861,0.00858542508321025,"19",37668579,37676393,"-",2164
"ENSG00000137727","ARHGAP20",138.955928374978,2.77417987530624,0.758398621424189,3.65794424849644,0.00025424633114017,0.00880666745124795,"11",110577042,110713189,"-",7139
"ENSG00000083814","ZNF671",267.235603243086,1.74339456460508,0.476766207180714,3.65670749803007,0.000255475619941276,0.00883732174802256,"19",57719751,57727624,"-",3532
"ENSG00000159625","DRC7",42.5724276964559,2.99606886382798,0.819806241677972,3.65460606605734,0.000257577163181976,0.00889802563578973,"16",57694793,57731805,"+",5151
"ENSG00000171243","SOSTDC1",254.950845156861,5.88699657994128,1.61163544886652,3.6528090667661,0.000259387104295777,0.00894850645962325,"7",16461481,16530580,"-",2473
"ENSG00000005381","MPO",122.111554747741,2.86251727140507,0.783792875668629,3.65213484361305,0.000260069254321064,0.00895999671229361,"17",58269855,58280935,"-",4427
"ENSG00000277801","ENSG00000277801",413.316118799183,0.891058857241401,0.244044634457454,3.65121265305567,0.000261005011166079,0.00898018179839109,"14",89156743,89157574,"+",832
"ENSG00000073861","TBX21",60.3831138000334,2.07002807698379,0.567028743518931,3.65065810268696,0.000261569238450321,0.00898339828183446,"17",47733236,47746122,"+",2625
"ENSG00000011590","ZBTB32",38.387481241885,1.32397606666651,0.362690132974776,3.6504331005845,0.000261798492804464,0.00898339828183446,"19",35704558,35717038,"+",2739
"ENSG00000221866","PLXNA4",264.548971764075,2.19287220459307,0.600940264772807,3.64906852334502,0.000263192899551019,0.00901918845497465,"7",132123340,132648688,"-",16364
"ENSG00000288705","UGT1A5",1064.5052539531,-3.5792310542478,0.981152753002444,-3.64798553873995,0.000264304510793613,0.00904520517138624,"2",233712907,233773300,"+",2431
"ENSG00000286656","ENSG00000286656",31.6560466894855,2.0808358811073,0.570770838307915,3.64565906568748,0.000266707380316005,0.00911528406201186,"5",42995134,43000913,"+",2167
"ENSG00000113263","ITK",297.988635519054,2.20845524580862,0.606137618451888,3.64348817591811,0.000268968013660673,0.00917620034238266,"5",157142933,157255185,"+",8587
"ENSG00000136040","PLXNC1",774.645372021726,1.74979678179893,0.4802830194786,3.64326180779517,0.000269204771021707,0.00917620034238266,"12",94148577,94307675,"+",10033
"ENSG00000275395","FCGBP",883.629024573345,1.67814055109778,0.460963115506506,3.64050939141592,0.000272099182051165,0.00926255929138894,"19",39863323,39934626,"-",12961
"ENSG00000156966","B3GNT7",474.169151998376,1.6070470567553,0.441946116610718,3.63629636363756,0.000276586103426078,0.00934496190250777,"2",231395710,231401164,"+",3639
"ENSG00000155008","APOOL",971.371318353025,-0.728765581947816,0.200433285193209,-3.63595089131688,0.000276957094868529,0.00934496190250777,"X",85003877,85093315,"+",6480
"ENSG00000254102","BHLHE22-AS1",28.3363095918178,2.24696581320675,0.617872541933734,3.63661703783518,0.000276242158702373,0.00934496190250777,"8",64574306,64581921,"-",3575
"ENSG00000107518","ATRNL1",575.864262082669,-1.66726464791215,0.458480332724895,-3.63650200217545,0.000276365496082301,0.00934496190250777,"10",115093365,115948999,"+",9957
"ENSG00000281344","HELLPAR",1156.69008445966,2.50974095081237,0.690212347292918,3.63618669045234,0.000276703827391854,0.00934496190250777,"12",102197585,102402596,"+",205012
"ENSG00000224383","PRR29",844.243866319269,1.85832370911163,0.511099469383075,3.63593355194582,0.000276975727337576,0.00934496190250777,"17",63998351,64004305,"+",4143
"ENSG00000134762","DSC3",256.598803635515,2.90418988394055,0.798765641904329,3.63584727682666,0.000277068453960666,0.00934496190250777,"18",30989365,31042815,"-",7699
"ENSG00000288905","LSP1P5",20.661375758281,1.94692034007146,0.535711692843554,3.63426889142034,0.000278770011423911,0.00938459766865789,"1",144716025,144758298,"+",1076
"ENSG00000180818","HOXC10",1829.64043573371,-1.73238056636105,0.476748404286738,-3.63374171949848,0.000279340500208619,0.00938459766865789,"12",53985065,53990279,"+",2371
"ENSG00000174498","IGDCC3",227.137688784362,2.72679239776161,0.75040722735819,3.63375018036712,0.000279331335492046,0.00938459766865789,"15",65327127,65378002,"-",5514
"ENSG00000230018","PPIAP39",38.2542009516504,2.93155480658417,0.807184779435358,3.63182617074971,0.000281422669605862,0.00944219040624008,"10",113482616,113483113,"+",498
"ENSG00000245248","USP2-AS1",60.5220764349794,1.30142774776045,0.358614143466785,3.62904746360342,0.000284468939532658,0.00953193769058058,"11",119356467,119659284,"+",25071
"ENSG00000244122","UGT1A7",1065.18720121933,-3.46048826513989,0.953827753111759,-3.62800123381861,0.000285623896433157,0.00954571425748677,"2",233681901,233773300,"+",4205
"ENSG00000256377","MRPS35-DT",38.5905247267768,1.27315750501203,0.350907099562737,3.62818964506133,0.000285415581149141,0.00954571425748677,"12",27696388,27710803,"-",1555
"ENSG00000231106","LINC01436",38.8936497191562,2.46427409223057,0.679486827327422,3.62666941156627,0.000287100481703569,0.00958258525862876,"21",36005137,36007838,"+",1249
"ENSG00000290525","GBP1P1",69.377417837992,1.39677824717855,0.385337078368046,3.62482181339541,0.000289160750669515,0.00962631515879954,"1",89407679,89424934,"+",1234
"ENSG00000136542","GALNT5",352.695903817204,2.79895093737756,0.772103006563729,3.62510042518082,0.000288849184489945,0.00962631515879954,"2",157257705,157318491,"+",10991
"ENSG00000185905","C16orf54",48.3874886528696,1.6996568228422,0.468977350907128,3.62417677432527,0.000289883294049708,0.00963786853416302,"16",29742463,29745990,"-",2569
"ENSG00000162493","PDPN",1076.45854846175,2.21867159298395,0.612248678750579,3.62380789046636,0.000290297260789319,0.00963914591549733,"1",13583465,13617957,"+",3707
"ENSG00000211597","IGKJ1",742.399270177038,1.4939164865663,0.412526460188009,3.62138342807259,0.000293031838567686,0.00971737493606822,"2",88861886,88861923,"-",38
"ENSG00000241119","UGT1A9",1066.79679474193,-3.53144287237828,0.975303457806763,-3.62086573579847,0.000293618867110163,0.00972427801563427,"2",233671898,233773300,"+",2371
"ENSG00000145632","PLK2",2592.17064643025,1.29005822782068,0.356699158695802,3.61665621118231,0.000298433246224579,0.0098709872820184,"5",58453982,58460139,"-",4647
"ENSG00000092850","TEKT2",140.947894019024,2.57483322505047,0.712174084062845,3.61545482020552,0.000299820763391481,0.00990411780433608,"1",36084094,36088275,"+",1959
"ENSG00000101084","RAB5IF",2630.08993086541,-1.02302016943932,0.283197590135178,-3.61239009467208,0.000303387706292945,0.0100090645982275,"20",36605779,36612557,"+",1472
"ENSG00000259863","SH3RF3-AS1",59.4781880416957,1.72632176201555,0.478383511660906,3.60865648571773,0.000307786837271423,0.010063649365918,"2",109127327,109128930,"-",1604
"ENSG00000153404","PLEKHG4B",272.640575518331,2.38726047013955,0.661231973306795,3.61032219631025,0.000305816882704216,0.010063649365918,"5",92168,189972,"+",13287
"ENSG00000274864","ENSG00000274864",59.6233098365807,1.89970044048686,0.526420837040643,3.60871057302049,0.000307722684648403,0.010063649365918,"7",27099778,27099836,"+",59
"ENSG00000102010","BMX",118.750682942753,1.80650714534279,0.500600623742661,3.60867937366263,0.000307759688490021,0.010063649365918,"X",15464246,15556529,"+",2828
"ENSG00000149403","GRIK4",75.2578639266366,2.28743529691175,0.633831247293167,3.60890269559988,0.000307494910426033,0.010063649365918,"11",120511746,120988906,"+",7474
"ENSG00000135643","KCNMB4",228.696344174724,1.83666249250692,0.508787631107459,3.60988039058483,0.000306338231139489,0.010063649365918,"12",70366290,70434292,"+",4860
"ENSG00000235609","ENSG00000235609",350.515369583492,-0.898087921515945,0.24885684041722,-3.60885366868059,0.000307553020124752,0.010063649365918,"21",14818843,15014430,"-",5929
"ENSG00000289520","ENSG00000289520",61.8275285879552,1.28011554730875,0.354770132374823,3.60829571176043,0.000308215069534485,0.010064829757941,"4",176341098,176342289,"+",1192
"ENSG00000100628","ASB2",49.9698026930025,2.13396324386128,0.591567291907951,3.60730431356121,0.000309394716182691,0.0100905135708528,"14",93934166,93976739,"-",4975
"ENSG00000115085","ZAP70",529.943455884932,1.73410769145138,0.480854926245348,3.60630118732856,0.000310592619443299,0.01011339320671,"2",97713576,97739862,"+",5314
"ENSG00000133392","MYH11",6501.12864124618,2.27606094269132,0.631177110255681,3.60605748483072,0.000310884296571246,0.01011339320671,"16",15703135,15857028,"-",17729
"ENSG00000171115","GIMAP8",968.059180604416,1.79193416478677,0.497115811764657,3.6046613734248,0.000312560191651815,0.0101550410621862,"7",150450630,150479393,"+",4185
"ENSG00000180644","PRF1",266.3101849832,1.9731621266355,0.547843498196802,3.60168941153825,0.000316155947375939,0.0102588807854592,"10",70597348,70602759,"-",2518
"ENSG00000223534","HLA-DQB1-AS1",662.304485923846,1.28126457733619,0.355889864970773,3.60017157960206,0.000318007265374255,0.0103059248489407,"6",32659880,32660729,"+",552
"ENSG00000178772","CPN2",970.043085345351,-3.19486378335256,0.888360517391125,-3.59635949685721,0.000322701755046258,0.0104190193905346,"3",194339768,194351328,"-",3025
"ENSG00000174640","SLCO2A1",3399.24084665036,2.31920112037483,0.644876547955249,3.59634898761393,0.00032271478612518,0.0104190193905346,"3",133932701,134052184,"-",5127
"ENSG00000105929","ATP6V0A4",80.321019830788,2.979699794315,0.828392225454754,3.59696735767802,0.000321948867294828,0.0104190193905346,"7",138706294,138799560,"-",4124
"ENSG00000226871","ENSG00000226871",76.7985085472616,1.60927753484418,0.44774411071978,3.59419028930868,0.000325401959252227,0.0104925780001594,"17",8318088,8318712,"-",537
"ENSG00000188011","RTP5",20.4429492854962,2.03521838006685,0.56640779516495,3.5932033376662,0.000326637491418435,0.0105060206669636,"2",241869600,241873823,"+",2606
"ENSG00000279686","ENSG00000279686",686.26799487991,1.64246070789229,0.457090679713292,3.59329293023982,0.000326525152508125,0.0105060206669636,"5",139442316,139462707,"-",1002
"ENSG00000289326","ENSG00000289326",47.8938873945946,-2.01201546741618,0.56028342560296,-3.59106726252148,0.000329326622928806,0.0105660330383921,"2",27752831,27757762,"+",659
"ENSG00000275832","ARHGAP23",1344.32411353972,1.36020519310841,0.378745181102999,3.59134653316819,0.000328973872133633,0.0105660330383921,"17",38419280,38512385,"+",8080
"ENSG00000120068","HOXB8",48.0700677615733,2.75305473551385,0.7671445737191,3.58870391556979,0.000332326004833883,0.0106356752694156,"17",48611377,48615292,"-",2404
"ENSG00000259399","TGIF2-RAB5IF",2428.16963545227,-1.00458394000388,0.279923856311526,-3.58877572365923,0.000332234496109289,0.0106356752694156,"20",36574553,36612384,"+",918
"ENSG00000134825","TMEM258",2490.20918096108,-0.772697566708295,0.215351800124981,-3.58807108303647,0.000333133476146876,0.0106438493978581,"11",61768501,61792802,"-",3082
"ENSG00000203883","SOX18",1002.1843660677,1.59786163775411,0.445353017601202,3.58785407217097,0.0003334107965823,0.0106438493978581,"20",64047582,64049639,"-",1862
"ENSG00000131386","GALNT15",2099.20527898318,2.07725701020107,0.579249779460601,3.5861161865878,0.000335639463144982,0.0107016870814189,"3",16174680,16231992,"+",6398
"ENSG00000175318","GRAMD2A",180.382042552949,2.26352449062254,0.631542492992743,3.5841206502134,0.000338215730860347,0.0107704505756731,"15",72159806,72197787,"-",4990
"ENSG00000154783","FGD5",1136.0696849829,1.6526902078145,0.461332595299651,3.58242670180506,0.000340417150325129,0.0108271214341946,"3",14810853,14934571,"+",8099
"ENSG00000254042","SLIT3-AS2",238.467422674744,2.12253376466991,0.592668417966133,3.58131747926409,0.000341865927760416,0.0108597435245379,"5",168706567,168720884,"+",5280
"ENSG00000064886","CHI3L2",1127.63673207166,3.16317669266113,0.883361338125627,3.5808412210715,0.000342489746291538,0.010866111641613,"1",111200771,111243440,"+",3295
"ENSG00000118849","RARRES1",2800.3439996384,2.22958675765419,0.623006362958196,3.57875439195763,0.000345235719761439,0.0109210926938009,"3",158696892,158732489,"-",2029
"ENSG00000173706","HEG1",2880.54464843512,1.78946325008104,0.500025096145613,3.57874687465672,0.000345245648595257,0.0109210926938009,"3",124965710,125055997,"-",9956
"ENSG00000137463","MGARP",37.9913683560111,1.69199184654254,0.472814264062796,3.57855499536668,0.000345499172765275,0.0109210926938009,"4",139266165,139280225,"-",1224
"ENSG00000226530","ENSG00000226530",9.39927457828427,3.79756423965811,1.06157983243809,3.57727617237828,0.000347193295222511,0.0109476785116415,"X",51395915,51465839,"+",10446
"ENSG00000270087","ENSG00000270087",78.1077769973448,1.95640573912523,0.546873737024526,3.57743589913423,0.000346981273143482,0.0109476785116415,"10",75279725,75401246,"-",699
"ENSG00000187510","PLEKHG7",31.0878907082455,2.28036739299247,0.637690037003131,3.57598090086089,0.000348917126404754,0.0109885348262955,"12",92702843,92772455,"+",6487
"ENSG00000165995","CACNB2",292.348474364669,1.15930741532903,0.324302687502577,3.57476968278228,0.000350536334075908,0.0110260001062823,"10",18140424,18543557,"+",11209
"ENSG00000136014","USP44",35.1019621023663,2.89276891140533,0.809531589083783,3.57338607957144,0.00035239459234371,0.0110708837229939,"12",95516560,95551476,"-",5372
"ENSG00000019505","SYT13",778.345645052601,-2.97746712392812,0.833493985127194,-3.57227187845123,0.000353897721053374,0.0110912442287982,"11",45240302,45286341,"-",5445
"ENSG00000161944","ASGR2",3780.03723301155,-2.94902768779007,0.825534396194242,-3.57226507022027,0.000353906924197832,0.0110912442287982,"17",7101322,7115700,"-",2490
"ENSG00000179902","CFAP276",54.573981718979,2.66337389868802,0.745929531859619,3.57054357674802,0.000356241180099892,0.0111507833775902,"1",109105951,109113857,"-",1227
"ENSG00000165704","HPRT1",1594.48129110703,-0.951529969803983,0.266602888062233,-3.56909100542777,0.000358221983506184,0.0111991274672999,"X",134460165,134520513,"+",1612
"ENSG00000163406","SLC15A2",417.419503888179,1.51116741743548,0.423547048329599,3.56788560655841,0.000359873544282443,0.0112370733103376,"3",121894401,121944188,"+",5984
"ENSG00000211592","IGKC",12282.0898817285,1.41087822750916,0.395571374286888,3.56668434376124,0.00036152651965288,0.0112749710570237,"2",88857161,88857683,"-",523
"ENSG00000154133","ROBO4",1198.67865162265,1.88260709478818,0.527916839049642,3.56610540814962,0.000362325686025052,0.0112861812902973,"11",124883691,124898500,"-",6620
"ENSG00000281903","ASMER1",71.2823491232916,-1.13407637308254,0.318052544956317,-3.56568872366136,0.000362901901904564,0.0112904280196175,"21",14824254,14918552,"-",2512
"ENSG00000133110","POSTN",7056.82895138416,2.76626112324131,0.776843727259115,3.56089780502099,0.00036958891863611,0.0114845505746163,"13",37562583,37598844,"-",5464
"ENSG00000284585","MIR4722",21.8240029486841,1.43296921904423,0.402538023918182,3.55983567737563,0.000371086921681752,0.0115171560082292,"16",88716278,88716337,"-",60
"ENSG00000147443","DOK2",391.435456570789,2.12659874377659,0.597469835173511,3.55934077100144,0.00037178686438849,0.011524943778091,"8",21908873,21913690,"-",2041
"ENSG00000144230","GPR17",261.837742342993,2.18910177100177,0.61511055402603,3.55887532196225,0.000372446271821982,0.0115314577308261,"2",127645864,127652639,"+",2671
"ENSG00000260466","ENSG00000260466",225.104979771384,-1.38923821229853,0.3904605586099,-3.55794761254358,0.000373763831817435,0.0115583087605519,"16",87836532,87837663,"+",522
"ENSG00000290599","ENSG00000290599",100.575205535578,2.97021339786738,0.835540887126636,3.55483907924808,0.000378210489833871,0.0116730412149546,"2",130429827,130441413,"-",2472
"ENSG00000171766","GATM",2394.48665528194,-2.17785519312164,0.612665956781733,-3.55471879743682,0.000378383538818023,0.0116730412149546,"15",45361124,45402327,"-",9260
"ENSG00000108622","ICAM2",838.421893942307,1.75955780360805,0.495079216103251,3.55409345893665,0.000379284404128275,0.0116738467628266,"17",64002594,64020634,"-",3243
"ENSG00000274892","ENSG00000274892",13.6290600805193,2.22993252139543,0.627430798686176,3.55406927116879,0.000379319289367569,0.0116738467628266,"19",53512092,53512616,"-",525
"ENSG00000112309","B3GAT2",1133.91227845052,-0.710184178992887,0.199924938279809,-3.55225408647587,0.00038194584616541,0.0117265598487172,"6",70856679,70957060,"-",6587
"ENSG00000133935","ERG28",1575.65141544983,-0.83191418875455,0.234193092612957,-3.55225758143698,0.000381940772693295,0.0117265598487172,"14",75649791,75660876,"-",2320
"ENSG00000166839","ANKDD1A",478.491597260009,0.595859842091608,0.167759986579721,3.551859142576,0.000382519573716866,0.0117301432480177,"15",64911902,64958691,"+",5005
"ENSG00000166501","PRKCB",329.839546616817,2.17465887128082,0.612493037617684,3.55050382244219,0.000384494552275063,0.01177663684158,"16",23835983,24220611,"+",11049
"ENSG00000022267","FHL1",3553.76883890988,1.96491133900441,0.55384508951923,3.54776340205538,0.000388517054651449,0.0118856582142297,"X",136146702,136211359,"+",5862
"ENSG00000087299","L2HGDH",635.542852607908,-0.816187419340259,0.230325489439264,-3.54362611505699,0.000394664501062012,0.0120593497009032,"14",50237563,50312229,"-",6560
"ENSG00000160472","TMEM190",107.994432517813,2.50964600702573,0.708317057185782,3.54311107090491,0.000395436116424221,0.01206855981006,"19",55376826,55378246,"+",605
"ENSG00000103888","CEMIP",1909.58760014184,2.30389717793427,0.650446058204847,3.54202650453866,0.000397065575214534,0.0121038980036003,"15",80779343,80951776,"+",7621
"ENSG00000177494","ZBED2",22.226387697686,2.9571539851643,0.835381888381998,3.53988280843847,0.000400304747030756,0.0121881636323113,"3",111592900,111595346,"-",2214
"ENSG00000173200","PARP15",179.27264990645,1.75587441775868,0.496304781898503,3.53789542595575,0.000403329762388777,0.0122512011967251,"3",122577628,122639047,"+",5481
"ENSG00000263586","HID1-AS1",25.1343989911562,1.4899845837687,0.421147348265535,3.53791752436552,0.000403296009079582,0.0122512011967251,"17",74970704,74975728,"+",815
"ENSG00000175426","PCSK1",8729.72529063229,2.2611909438322,0.63943046379028,3.53625776668318,0.000405838495120846,0.0123128329246652,"5",96390333,96434143,"-",5357
"ENSG00000196159","FAT4",735.565264550348,2.07876398351144,0.587958946278405,3.53555974727379,0.000406912216373984,0.0123308333620673,"4",125314918,125492932,"+",21269
"ENSG00000109846","CRYAB",1507.12143815972,1.7747785839563,0.502375008453142,3.53277642019056,0.000411220082218884,0.0124466814272548,"11",111908564,111923722,"-",4388
"ENSG00000117154","IGSF21",152.297942859072,2.16774568933722,0.614020992829002,3.53040973297947,0.000414916569371821,0.0125256887000928,"1",18107798,18378483,"+",3033
"ENSG00000183378","OVCH2",17.8572965074971,3.88821608582879,1.10142493134172,3.53016894314557,0.00041529438905127,0.0125256887000928,"11",7689437,7706477,"-",2145
"ENSG00000087253","LPCAT2",656.881825351166,1.50094854070526,0.42513276520046,3.53054072413715,0.000414711167977233,0.0125256887000928,"16",55509072,55586666,"+",7361
"ENSG00000173421","IHO1",25.1794765758948,1.79537950676555,0.508714962825993,3.5292445435297,0.000416747837060802,0.0125400547876197,"3",49198428,49258106,"+",4334
"ENSG00000106278","PTPRZ1",55.5992123778116,2.23391386758787,0.632936433518074,3.52944426847263,0.000416433404659787,0.0125400547876197,"7",121873089,122062036,"+",10137
"ENSG00000279805","ENSG00000279805",27.0593139174912,2.1813362803998,0.618412282483132,3.52731719952425,0.000419793521456235,0.0126169090342122,"22",36137430,36139350,"-",1921
"ENSG00000237541","HLA-DQA2",79.392597722656,1.7876929969433,0.506943549914564,3.52641432610118,0.000421227424820883,0.0126451980267574,"6",32741391,32747198,"+",1458
"ENSG00000180822","PSMG4",1529.80610105334,-0.831247006125758,0.23575926007641,-3.52582972077682,0.000422158307066244,0.0126505240869638,"6",3231403,3303373,"+",10415
"ENSG00000105492","SIGLEC6",66.5992910077342,2.60162094191969,0.737905301774215,3.52568403515244,0.000422390584896091,0.0126505240869638,"19",51517819,51531856,"-",4279
"ENSG00000211890","IGHA2",1965.59748390178,2.05110531885209,0.582101181769907,3.52362335464705,0.000425688895448839,0.0127339651279069,"14",105583731,105588395,"-",1430
"ENSG00000267648","ENSG00000267648",38.82236783542,1.74259959811552,0.494589551057002,3.52332473339025,0.000426168856698173,0.0127339651279069,"17",35406948,35407818,"-",871
"ENSG00000188522","FAM83G",949.958109079596,-0.972029002623526,0.275957184306142,-3.52239063848823,0.000427673452009226,0.0127492386675038,"17",18968789,19004764,"-",7836
"ENSG00000225950","NTF4",38.6535013196589,2.05248261715833,0.582667097405354,3.52256481668202,0.000427392518464005,0.0127492386675038,"19",49061066,49065076,"-",2343
"ENSG00000165186","PTCHD1",12.5655215164268,3.04611675522936,0.865344503047689,3.52012030411139,0.000431351100131479,0.0128439543933581,"X",23334849,23404374,"+",12883
"ENSG00000198626","RYR2",236.078348156794,2.6324957124098,0.748261187639732,3.51815082205931,0.000434565301121119,0.0129246669569824,"1",237042184,237833988,"+",17775
"ENSG00000162631","NTNG1",93.077749729023,2.92726938217459,0.832543596235414,3.51605536984619,0.00043800962731709,0.0130120290559581,"1",107140007,107484923,"+",10496
"ENSG00000288075","ENSG00000288075",204.164238304661,1.21998644313534,0.34702539544189,3.51555378701277,0.000438837858145376,0.0130215622023322,"4",9034519,9381269,"-",10095
"ENSG00000143222","UFC1",3101.52321052001,-0.708281255849346,0.201586309187969,-3.51353848732312,0.000442180349641933,0.0131055924183135,"1",161152776,161158856,"+",2100
"ENSG00000150873","C2orf50",74.2635793858195,1.56480649830577,0.445720435846227,3.5107353678655,0.000446869013392889,0.0132281267124755,"2",11133128,11151317,"+",7902
"ENSG00000249751","ECSCR",704.646016099578,1.63114168347604,0.464658863541833,3.51040690592398,0.000447421445255121,0.0132281267124755,"5",139448560,139462743,"-",1031
"ENSG00000258561","ENSG00000258561",18.7764244479527,-1.78692305747161,0.509073717237155,-3.51014597094031,0.000447860759463172,0.0132281267124755,"14",66212810,66509394,"-",6124
"ENSG00000122188","LAX1",46.8539869064122,2.18862778151215,0.623786203050461,3.50861845101614,0.000450440602943954,0.0132890332824856,"1",203765177,203776372,"+",3336
"ENSG00000254418","SPON1-AS1",180.53170024032,2.11056409605141,0.601674379018592,3.50781779921228,0.000451798365130533,0.0133137871846216,"11",14262846,14273691,"-",240
"ENSG00000066813","ACSM2B",510.285449031689,-3.79860994744847,1.08307311263837,-3.50725163714483,0.000452760778978102,0.0133268473784759,"16",20536226,20576427,"-",8158
"ENSG00000284108","MIR611",1025.06384857608,-0.761994327865583,0.217329890675612,-3.50616440976792,0.000454614314052043,0.013361056081815,"11",61792495,61792561,"-",67
"ENSG00000156413","FUT6",154.521530604505,-2.46806924238071,0.703963948501838,-3.50595971233073,0.000454964078992726,0.013361056081815,"19",5830408,5839722,"-",4542
"ENSG00000145990","GFOD1",1010.42769017394,1.20449124688258,0.343992371261471,3.50150569463366,0.000462637084266506,0.0135244943529253,"6",13357830,13487662,"-",10686
"ENSG00000276771","ENSG00000276771",84.8825305776842,1.91687778110183,0.547376961802422,3.50193361224021,0.0004618946944862,0.0135244943529253,"7",27098900,27099114,"+",215
"ENSG00000233429","HOTAIRM1",317.133127125846,1.82688546930001,0.521724432743569,3.50162912573031,0.000462422830776232,0.0135244943529253,"7",27095647,27100265,"+",1496
"ENSG00000185808","PIGP",542.881427735141,-0.752357410079909,0.214851807736903,-3.50175042977162,0.000462212359662778,0.0135244943529253,"21",37062846,37073170,"-",4247
"ENSG00000165633","VSTM4",681.84610207179,1.59229427313464,0.454851512686149,3.50069028842241,0.000464054806884302,0.0135505059480084,"10",49014236,49115522,"-",8655
"ENSG00000172935","MRGPRF",433.954757984728,1.77432648754983,0.506935307270321,3.50010437644202,0.000465076016313761,0.0135648933076424,"11",69004395,69013382,"-",2719
"ENSG00000284685","ENSG00000284685",55.9330671638436,1.61827149932629,0.462459837376521,3.49926927386073,0.000466535174385621,0.0135920071747511,"16",29139379,29331304,"+",2106
"ENSG00000086548","CEACAM6",3765.26497154582,3.41014901783235,0.974805441082845,3.49828681100123,0.000468257280015228,0.0136267115715996,"19",41750977,41772211,"+",2956
"ENSG00000172037","LAMB2",9761.66022749188,0.978838621695271,0.279920491962851,3.49684517496909,0.000470794983579527,0.013685045122917,"3",49121114,49133118,"-",6865
"ENSG00000152086","TUBA3E",109.704278575293,-2.1725960904276,0.621474473750185,-3.495873414265,0.000472512800951845,0.013712692706318,"2",130191745,130198439,"-",1518
"ENSG00000071205","ARHGAP10",768.299734511053,1.53533051093037,0.439205076987917,3.49570301295175,0.000472814627540866,0.013712692706318,"4",147732063,148072776,"+",10755
"ENSG00000269353","ENSG00000269353",13.9404527896535,3.00923567642785,0.861419014970602,3.493347168022,0.000477005936807905,0.0138041395914815,"19",40946347,40947450,"+",549
"ENSG00000248099","INSL3",15.7023720629477,3.29118062015073,0.9421337746382,3.4933262226106,0.000477043355968523,0.0138041395914815,"19",17816512,17821574,"-",923
"ENSG00000177303","CASKIN2",2169.98353899674,1.21095249809963,0.346756997636775,3.49222223733778,0.000479019515226488,0.0138457138483314,"17",75500261,75515537,"-",5777
"ENSG00000239402","CYP4F62P",43.2719391327765,3.24523622995498,0.92991608007524,3.48981623125864,0.000483352805456446,0.0139552491087183,"2",130439285,130440296,"-",524
"ENSG00000053254","FOXN3",2127.11684472359,0.825805340646644,0.236662675386756,3.48937718758189,0.000484147470199217,0.0139624866489925,"14",89124871,89619149,"-",11154
"ENSG00000110195","FOLR1",244.959079627213,2.5261199666677,0.724079987160619,3.48873054284173,0.000485320110015703,0.0139805962556375,"11",72189558,72196323,"+",1601
"ENSG00000211892","IGHG4",6472.61188736882,1.034693388628,0.296622938670928,3.48824468284258,0.000486202921460518,0.0139858747051845,"14",105620506,105626066,"-",2740
"ENSG00000258407","ENSG00000258407",41.3285823036273,1.93771424717733,0.555532533728477,3.48803018640924,0.000486593139507141,0.0139858747051845,"14",88010787,88015611,"-",331
"ENSG00000267745","ENSG00000267745",59.7413467261239,1.73335056091651,0.49721668714499,3.4861069745454,0.000490104974313878,0.0140710563486737,"17",35406684,35409768,"-",1212
"ENSG00000204922","UQCC3",1241.06104358611,-1.01097964781388,0.290101058666517,-3.48492229728827,0.000492279974652745,0.0141093844213205,"11",62670273,62673686,"+",2397
"ENSG00000167261","DPEP2",179.716799427526,1.73276994288223,0.497239218294336,3.48478132683519,0.000492539386819774,0.0141093844213205,"16",67987394,68000586,"-",3498
"ENSG00000106153","CHCHD2",9347.02558471068,-0.742859276511027,0.213320442688454,-3.482363280091,0.000497008941261461,0.0142058391156692,"7",56101573,56106476,"-",1028
"ENSG00000187908","DMBT1",414.411975098083,2.04798818552183,0.588103377136523,3.48236086569251,0.000497013422911558,0.0142058391156692,"10",122560665,122643736,"+",9375
"ENSG00000289106","ENSG00000289106",194.260669454016,-1.03833181152465,0.298341857409393,-3.48034238487635,0.000500773375703049,0.0142815002601891,"1",161364221,161364751,"+",531
"ENSG00000218336","TENM3",148.388419995352,2.36136421133184,0.678462644031325,3.4804631207121,0.000500547729735535,0.0142815002601891,"4",182143987,182803024,"+",12010
"ENSG00000273433","ENSG00000273433",117.757241977836,1.51085344447678,0.434174178813791,3.47983256075842,0.000501727243836391,0.0142928226054924,"7",27128969,27152561,"-",919
"ENSG00000261143","ADAMTS7P3",380.787848013851,3.36034078247197,0.965885972545359,3.47902431341518,0.000503242926521661,0.0143042482779972,"15",77976042,77993057,"+",3716
"ENSG00000290418","TPTEP1",426.226173746082,2.15946329890631,0.620700775315576,3.47907298457682,0.000503151534254764,0.0143042482779972,"22",16601887,16698742,"+",9653
"ENSG00000179344","HLA-DQB1",2181.7018813383,1.2403448636267,0.356643826717537,3.47782513170781,0.000505499584007183,0.014352497591496,"6",32659467,32668383,"-",4894
"ENSG00000230623","ENSG00000230623",45.1494133791184,-2.70081231917762,0.777164729371082,-3.47521216172953,0.00051044946545713,0.0144610446246006,"1",200333193,200478669,"+",5121
"ENSG00000269275","ENSG00000269275",86.7873984549079,2.58178441556274,0.742867540702776,3.47543037500373,0.000510034370255395,0.0144610446246006,"19",55377579,55378125,"-",547
"ENSG00000211689","TRGC1",39.5641202981806,2.29524461923928,0.660707744828097,3.47391813885344,0.000512917492544885,0.0145149429781142,"7",38257879,38265678,"-",2730
"ENSG00000171951","SCG2",285.832135524799,2.67903188497307,0.77131833446356,3.47331544612679,0.000514070771899307,0.0145315578219598,"2",223596940,223602361,"-",2577
"ENSG00000145506","NKD2",1347.99560524193,2.62647973638755,0.756801826697537,3.47049867446639,0.000519492907125035,0.014668673759272,"5",1008802,1038943,"+",2912
"ENSG00000164484","TMEM200A",413.733404073731,1.61106122628891,0.464316428585681,3.46974848853882,0.000520945937297577,0.0146774087515004,"6",130366017,130443067,"+",5858
"ENSG00000186081","KRT5",134.908071284264,3.5753292126708,1.03039308181249,3.46986919436772,0.000520711887558175,0.0146774087515004,"12",52514575,52520530,"-",4133
"ENSG00000118946","PCDH17",1277.18060827245,1.77641258361895,0.512134350515958,3.46864564313891,0.000523088909857621,0.0147216261505653,"13",57631744,57729311,"+",8392
"ENSG00000181036","FCRL6",38.3422406280958,1.83954006669587,0.53060277592725,3.46688737819209,0.000526522445594885,0.0148020280515705,"1",159800511,159816257,"+",2677
"ENSG00000166840","GLYATL1",285.028342276103,-1.96872920081485,0.568177494431712,-3.46498976131387,0.000530251666422091,0.014890557463956,"11",58905398,59043527,"+",5440
"ENSG00000171357","LURAP1",125.946111650782,1.52951128248756,0.44146204306855,3.46464958087022,0.000530922789467444,0.014893109548919,"1",46203334,46221256,"+",1849
"ENSG00000211651","IGLV1-44",128.95033670353,1.53830540629645,0.444081659292738,3.46401472365784,0.000532177381332688,0.0149120052911202,"22",22380766,22381347,"+",467
"ENSG00000137266","SLC22A23",2255.05360258693,-0.978583752868034,0.282634463409284,-3.4623652793925,0.000535449903856589,0.0149873420744679,"6",3268962,3457050,"-",8926
"ENSG00000133401","PDZD2",710.598919845808,1.41440767887448,0.40865203879696,3.4611540983336,0.000537864834315639,0.0150385367128317,"5",31639131,32110932,"+",15922
"ENSG00000290531","TSPAN11-AS1",26.8204764151344,1.72216449451673,0.49771024140523,3.46017491955639,0.000539824598010337,0.0150769074615139,"12",30978308,31006010,"-",1975
"ENSG00000181847","TIGIT",49.1917183183316,2.06223632480649,0.596209407398311,3.45891275651872,0.000542360551804457,0.0151312698730054,"3",114276913,114310288,"+",6091
"ENSG00000291025","ENSG00000291025",16.1978540032,2.89908866129893,0.838500272572326,3.4574689551444,0.000545275063697471,0.0151960641258664,"2",94867486,94947341,"-",8352
"ENSG00000161649","CD300LG",130.141163771082,3.02616048274737,0.87544745085061,3.45670146141503,0.000546830288583958,0.0152228774588769,"17",43847148,43863639,"+",4755
"ENSG00000226051","ZNF503-AS1",34.2570177885658,2.21701651849881,0.641493572815345,3.45602296336175,0.000548208615792018,0.0152447134794515,"10",75243568,75373500,"+",5588
"ENSG00000148483","TMEM236",37.4792572324021,2.14714422216969,0.621485010134825,3.45486083679458,0.000550576926107642,0.0152940021238148,"10",17752201,17800868,"+",5515
"ENSG00000143164","DCAF6",4832.7088520139,-0.986750641411826,0.285692345809262,-3.45389246819589,0.000552557650919757,0.0153324294336837,"1",167935783,168075843,"+",6306
"ENSG00000138316","ADAMTS14",281.674592418597,2.00660261975954,0.581549742924564,3.45044021456962,0.000559673114368521,0.0155130991646834,"10",70672506,70762441,"+",5566
"ENSG00000284543","LINC01226",479.575860298288,1.42465546453732,0.412935205436248,3.45007024293856,0.000560440707446716,0.0155176177325079,"1",31506226,31583306,"+",9848
"ENSG00000287156","ENSG00000287156",101.390997347766,2.69012965616333,0.780016699003398,3.44881033906123,0.000563062035072449,0.0155708484519423,"14",53954671,53962234,"+",2032
"ENSG00000142408","CACNG8",22.9462440235277,1.78996344722952,0.519046072348678,3.44856370674371,0.000563576507260468,0.0155708484519423,"19",53962937,53990215,"+",8850
"ENSG00000006468","ETV1",452.846090736354,1.73336136867458,0.502810421073877,3.44734575105376,0.000566123574212687,0.0156244019132441,"7",13891229,13991425,"-",9592
"ENSG00000185842","DNAH14",670.547055875928,-1.07452489837434,0.311834169293967,-3.44582154292841,0.000569326198535857,0.015641278374538,"1",224896262,225399292,"+",19693
"ENSG00000261379","ENSG00000261379",152.641626919144,-1.74458739088075,0.506225782100227,-3.44626341163978,0.000568396023813467,0.015641278374538,"2",226804036,226805061,"+",1026
"ENSG00000164330","EBF1",383.638299621741,2.29402337170696,0.665804873315972,3.44548900683442,0.00057002715252394,0.015641278374538,"5",158695916,159099916,"-",6333
"ENSG00000123243","ITIH5",490.977931376545,2.26624806536826,0.657776481749903,3.44531634718726,0.000570391419276408,0.015641278374538,"10",7559270,7666998,"-",14628
"ENSG00000261416","CORO1A-AS1",179.521441416097,1.64546269960609,0.477575665541795,3.44544921010447,0.000570111094011981,0.015641278374538,"16",30183505,30184957,"-",811
"ENSG00000142168","SOD1",8312.37877718925,-1.17883329822149,0.34212724889993,-3.44559897526984,0.000569795260787702,0.015641278374538,"21",31659666,31668931,"+",1975
"ENSG00000211638","IGLV8-61",18.8798068286249,2.01359253482012,0.584589168819596,3.44445747923446,0.000572206629428201,0.0156743090261832,"22",22098700,22099212,"+",414
"ENSG00000233251","ENSG00000233251",142.91155235637,2.74831196033747,0.798395827463055,3.4422924892661,0.000576806214664823,0.0157681592839617,"2",56173534,56185870,"-",4369
"ENSG00000149300","C11orf52",408.176601455668,-0.969041798400093,0.281512708860492,-3.44226661141724,0.000576861400539216,0.0157681592839617,"11",111918032,111926871,"+",1799
"ENSG00000142910","TINAGL1",3736.11677964756,1.56038306170155,0.453502466502675,3.44073776210066,0.000580130490685563,0.015828626251999,"1",31576485,31587686,"+",5281
"ENSG00000291173","CASP4LP",106.625677100462,1.72005978778932,0.499922120658914,3.44065548754318,0.000580306903928433,0.015828626251999,"11",104901549,104919073,"-",4201
"ENSG00000065413","ANKRD44",606.900448891193,1.25940105222782,0.366146795841444,3.43960691867747,0.000582559626068112,0.0158489084853475,"2",196967017,197311173,"-",12826
"ENSG00000131018","SYNE1",2982.40758371134,1.46002048206543,0.424489681442128,3.4394722554981,0.000582849522678099,0.0158489084853475,"6",152121687,152637801,"-",47523
"ENSG00000172663","TMEM134",1855.73664228608,-0.80894610779957,0.235196530604661,-3.43944745154136,0.000582902934124286,0.0158489084853475,"11",67461710,67469272,"-",5892
"ENSG00000289721","PYDC5",39.4996267996661,1.90416746749548,0.553724770153874,3.43883382165897,0.000584225741935352,0.0158680657336028,"1",158999971,159002751,"-",2781
"ENSG00000073282","TP63",50.0657294029892,2.57002061677489,0.747767863609816,3.43692306375434,0.000588362702896069,0.0159635364643059,"3",189631389,189897276,"+",7479
"ENSG00000138207","RBP4",16529.2443196799,-2.9700106942497,0.865094308721306,-3.43316406582268,0.000596580979703187,0.0161694234488297,"10",93591687,93601744,"-",1458
"ENSG00000007237","GAS7",1294.72645949098,1.56572206511264,0.456205800181153,3.43205207932672,0.000599032512459511,0.0162187420857577,"17",9910606,10198606,"-",10158
"ENSG00000275871","LNPPS",13.077034104569,2.44484646754323,0.712866406443676,3.42959977555963,0.000604472143574351,0.0163487739822159,"5",149425771,149428289,"-",422
"ENSG00000166823","MESP1",261.281069247521,-1.06772984280199,0.311389064929889,-3.42892529974487,0.000605976287466148,0.0163722035477828,"15",89749875,89751249,"-",1094
"ENSG00000181192","DHTKD1",2164.32793106838,-0.897245127589037,0.261765439769816,-3.42766840564603,0.000608788576222853,0.0164308899957013,"10",12068954,12123221,"+",5295
"ENSG00000232124","ENSG00000232124",24.1093875442999,-2.19092471416208,0.639282754774139,-3.42716066998575,0.000609928070462066,0.0164443527148633,"21",44200602,44207399,"-",2114
"ENSG00000230749","MEIS1-AS2",99.3612818064119,2.13828710138154,0.623992611965657,3.42678272206728,0.000610777574667783,0.016449976924447,"2",66439088,66444221,"-",2661
"ENSG00000255122","ENSG00000255122",16.973414065986,2.13731343370088,0.624471375660881,3.4225963222717,0.000620261172158212,0.0166878862744076,"8",12580287,12581063,"+",186
"ENSG00000161681","SHANK1",63.4171988299918,1.53956569678209,0.449927149774512,3.42181105886513,0.000622055246288417,0.0167186303732825,"19",50659255,50719802,"-",10491
"ENSG00000186529","CYP4F3",785.541775415002,-2.77200975632091,0.810587695395235,-3.41975306566836,0.000626780031905149,0.0168279948524157,"19",15640897,15662825,"+",5517
"ENSG00000184497","TMEM255B",856.386476447778,1.28646416203832,0.376477659698023,3.41710624495011,0.000632905747504419,0.0169623143037388,"13",113759226,113816995,"+",7301
"ENSG00000184185","KCNJ12",98.4348791870256,2.30891940701435,0.675711272652078,3.41702070168542,0.000633104652003809,0.0169623143037388,"17",21376357,21419870,"+",5455
"ENSG00000174950","CD164L2",108.787622806469,3.80197432652104,1.11284932844211,3.41643224230854,0.00063447450962078,0.0169698983659035,"1",27379176,27383333,"-",1994
"ENSG00000174807","CD248",883.708078775251,2.07735261085525,0.608065347861168,3.41633118572241,0.000634710033555436,0.0169698983659035,"11",66314494,66317044,"-",2551
"ENSG00000068001","HYAL2",3286.21913469353,1.00769099403698,0.295107813776933,3.41465371973741,0.000638631458688017,0.0170569757025446,"3",50317790,50322782,"-",4421
"ENSG00000130032","PRRG3",29.3639982424085,2.83609621986461,0.832089716908636,3.40840195742501,0.000653445619702252,0.0174163953488034,"X",151694607,151705924,"+",6524
"ENSG00000259347","SMAD3-DT",108.642406446271,-2.51022230795005,0.736452024143608,-3.40853473906748,0.000653127686378603,0.0174163953488034,"15",66984103,67065268,"-",3781
"ENSG00000049089","COL9A2",1147.7846163148,1.48616900369829,0.436174190998881,3.40728322392211,0.000656130043656825,0.0174447709642,"1",40300489,40317813,"-",4215
"ENSG00000182168","UNC5C",629.798273336964,1.46560510033296,0.430160918152997,3.40710891781127,0.000656549216948501,0.0174447709642,"4",95162504,95549206,"-",10685
"ENSG00000109099","PMP22",4732.85907404794,1.10588151784995,0.324528365025082,3.40765750249437,0.000655230815118617,0.0174447709642,"17",15229773,15272292,"-",10398
"ENSG00000185070","FLRT2",469.318064130985,2.11897574669762,0.622004018491837,3.40669140986494,0.000657554257548232,0.0174534075785837,"14",85530144,85654428,"+",38108
"ENSG00000134504","KCTD1",978.305751274837,-0.966663423352276,0.283785520523017,-3.40631693107778,0.000658456933665394,0.0174593121037083,"18",26454910,26657401,"-",8845
"ENSG00000135052","GOLM1",5538.10236195291,-1.31627555798053,0.386521436717255,-3.40543999101245,0.000660575296602231,0.0174974057150562,"9",86026146,86100173,"-",4233
"ENSG00000265190","ANXA8",87.7548094267638,2.13582875564722,0.627358359924592,3.40447962772656,0.000662902448220786,0.0175409455035906,"10",47460162,47484158,"-",4955
"ENSG00000132000","PODNL1",256.158132406073,1.90704557779698,0.560518680924714,3.40228727908022,0.000668243539495938,0.0176640648076645,"19",13931187,13953392,"-",4168
"ENSG00000142621","FHAD1",166.692070144231,1.31933051760648,0.388075922435374,3.39967115024043,0.000674669414529117,0.0178155759904515,"1",15236521,15400283,"+",13296
"ENSG00000113319","RASGRF2",329.443606738802,1.67499897487321,0.492744936591547,3.39932255105378,0.00067552998659492,0.017819967282561,"5",80960363,81230162,"+",11032
"ENSG00000276409","CCL14",1742.189105517,2.33110234812716,0.685951737640345,3.39834746413223,0.000677942564819268,0.0178652482661357,"17",35983288,35987004,"-",3272
"ENSG00000165379","LRFN5",22.8165364652401,3.48856845228755,1.02680865527136,3.39748641032405,0.000680079657221101,0.0178848407396455,"14",41606876,41904549,"+",6834
"ENSG00000105369","CD79A",62.872409294731,1.66301686804623,0.48945603306947,3.39768386879848,0.00067958902252093,0.0178848407396455,"19",41877279,41881372,"+",1344
"ENSG00000133561","GIMAP6",779.783823595048,1.76028002149345,0.518229032848959,3.39672212461028,0.000681981820662996,0.0179165070531803,"7",150625375,150632648,"-",3913
"ENSG00000164929","BAALC",320.787120356171,2.05408048599442,0.605048362093032,3.39490297748891,0.000686529248280028,0.018017531917795,"8",103140713,103230305,"+",3994
"ENSG00000132965","ALOX5AP",848.248148023268,1.48259751209971,0.436880583119157,3.39359900482311,0.000689806188993076,0.0180850413206183,"13",30713478,30764426,"+",1680
"ENSG00000127952","STYXL1",1118.88328053362,-0.84930279089153,0.25040509143446,-3.39171534422983,0.000694565586737544,0.018191239708972,"7",75996338,76048004,"-",2028
"ENSG00000289500","ENSG00000289500",219.961803264994,-2.27285205439536,0.67054409425507,-3.38956389873265,0.000700038917632395,0.0183159010182168,"3",184378232,184379090,"+",859
"ENSG00000290007","ENSG00000290007",73.1086324408456,-3.24116100795721,0.956506009314658,-3.38854223224329,0.000702652074842172,0.0183655507178962,"7",155238269,155252475,"-",1193
"ENSG00000281162","LINC01127",44.0383714200338,1.57614680673222,0.465206441477429,3.38805886205401,0.000703891566383223,0.0183672188627376,"2",101962052,101987167,"+",4032
"ENSG00000224769","MUC20P1",92.1906528455055,-1.26424718716988,0.373189594397212,-3.38768070211586,0.000704862686710427,0.0183672188627376,"3",195614947,195620233,"+",1680
"ENSG00000173156","RHOD",1868.13634679618,-1.8908860961407,0.558165218472654,-3.38768169990037,0.000704860122747654,0.0183672188627376,"11",67056847,67072017,"+",1240
"ENSG00000170558","CDH2",533.180911811662,-1.94251913254297,0.573454539903915,-3.38739864692403,0.0007055878190716,0.0183674670913902,"18",27932879,28177946,"-",8583
"ENSG00000109758","HGFAC",679.833469714603,-2.42600636029375,0.716395209421946,-3.38640784916928,0.000708140547352674,0.0184053622599288,"4",3441968,3449486,"+",2757
"ENSG00000148082","SHC3",130.564614756794,1.48894407960457,0.439699404527743,3.38627722546899,0.00070847773065842,0.0184053622599288,"9",89005771,89178818,"-",9980
"ENSG00000171903","CYP4F11",483.049736782211,-2.2446855737537,0.662981448610657,-3.38574416894719,0.000709855274396945,0.0184225028593998,"19",15912367,15934867,"-",3725
"ENSG00000117016","RIMS3",296.419033714236,1.47349092936919,0.43578344898431,3.38124573754117,0.000721579795225037,0.0187078672768091,"1",40620680,40665682,"-",7259
"ENSG00000198844","ARHGEF15",905.616580257438,1.63470026515106,0.48353121538212,3.3807543611413,0.000722871339375112,0.018722440633442,"17",8310241,8322514,"+",5292
"ENSG00000289089","ENSG00000289089",37.0134698066989,-3.21558523912579,0.951606579952199,-3.37911202682868,0.000727203686650695,0.0188006057939675,"7",35197503,35199215,"-",1713
"ENSG00000258819","LINC02289",132.395566329884,1.75475552034301,0.519309723619235,3.37901533619197,0.000727459499167024,0.0188006057939675,"14",77069169,77076392,"-",3487
"ENSG00000206028","ENSG00000206028",148.220345841167,1.93698361608938,0.573279271857332,3.37877839157495,0.000728086732349075,0.0188006057939675,"22",26667693,26672654,"-",2613
"ENSG00000139970","RTN1",208.656103905193,0.929351415061045,0.275196169821534,3.3770506895635,0.000732675466068266,0.018900081595552,"14",59595976,59870776,"-",6019
"ENSG00000131188","PRR7",779.319946586202,-1.45221952323344,0.430061864600663,-3.3767688855228,0.000733426473871685,0.0189004591414303,"5",177446445,177456286,"+",1753
"ENSG00000144712","CAND2",145.222760790187,1.63612089240481,0.484752568134416,3.37516704388276,0.000737708983420421,0.0189537302076596,"3",12796472,12834804,"+",5204
"ENSG00000257894","ENSG00000257894",42.5584291834922,2.78382258579938,0.824730293020978,3.37543389561,0.000736993949128623,0.0189537302076596,"12",79341205,79503396,"-",2253
"ENSG00000103254","ANTKMT",2426.75141078403,-0.94703460902305,0.280587838844103,-3.37518052430359,0.000737672846928411,0.0189537302076596,"16",720581,722590,"+",1912
"ENSG00000161381","PLXDC1",711.604133771144,1.56966630243443,0.465180907716553,3.37431368398048,0.000739999904796789,0.0189746029534657,"17",39063313,39154394,"-",9255
"ENSG00000171817","ZNF540",185.395266872249,1.11674465024153,0.330932788304679,3.37453612850648,0.000739402096593049,0.0189746029534657,"19",37551406,37614179,"+",4386
"ENSG00000203867","RBM20",88.0960996639173,1.96241046385926,0.581723550400512,3.3734416674521,0.000742347736139685,0.0190123182342809,"10",110644336,110839468,"+",8222
"ENSG00000122367","LDB3",206.222491787666,2.13634328279566,0.633325080422833,3.37321756051308,0.000742952241749474,0.0190123182342809,"10",86666785,86736072,"+",10542
"ENSG00000289837","ENSG00000289837",650.99628389573,-0.971588067878357,0.288167626348305,-3.37160728354687,0.000747309262317624,0.0191047677648471,"20",59032626,59033550,"+",925
"ENSG00000228302","ENSG00000228302",572.152228567329,-0.776923391501395,0.230478219019491,-3.37091893024256,0.000749179010226839,0.0191335101049675,"10",12244751,12247845,"-",2510
"ENSG00000047648","ARHGAP6",490.09178049952,2.01657706149008,0.598762037483127,3.36791068112247,0.000757401293866534,0.0192859315572146,"X",11117651,11665920,"-",8893
"ENSG00000118137","APOA1",26709.8744816038,-4.51292502559979,1.3399551093226,-3.36796732532423,0.000757245700342237,0.0192859315572146,"11",116835751,116837622,"-",1096
"ENSG00000196408","NOXO1",435.308033772763,-0.998388569539807,0.296424725781935,-3.3681015202297,0.000756877204562454,0.0192859315572146,"16",1978917,1984192,"-",2159
"ENSG00000272617","ENSG00000272617",717.425916199913,-0.907679253242994,0.269539251308198,-3.36752160895903,0.000758470821976371,0.0192940243683523,"16",69328644,69334871,"-",887
"ENSG00000135046","ANXA1",3088.72863828586,1.5419508794286,0.458082573472999,3.36609809829294,0.000762395901549029,0.0193746689158999,"9",73151865,73170393,"+",4453
"ENSG00000061337","LZTS1",404.099435999368,1.29573278441498,0.385027526923454,3.36529908593413,0.00076460729276973,0.0193924657939927,"8",20246165,20303963,"-",5706
"ENSG00000206432","TMEM200C",55.8073561497657,-1.59696464277383,0.47450398907478,-3.36554524206993,0.000763925383362937,0.0193924657939927,"18",5882072,5895955,"-",10680
"ENSG00000136404","TM6SF1",336.691458527397,1.24328238593659,0.369629954474903,3.3635866652171,0.000769366757684916,0.0194939156658428,"15",83107572,83144854,"+",2496
"ENSG00000166068","SPRED1",1216.80933112298,1.25643355910332,0.37403429026168,3.35914003559487,0.00078185436883978,0.0197907850936988,"15",38252836,38357249,"+",7750
"ENSG00000204740","MALRD1",405.82479196561,2.52624350125872,0.752138788049819,3.3587464725877,0.000782968639413137,0.0197994641062236,"10",19048801,19790401,"+",7751
"ENSG00000235910","APOA1-AS",13080.1089324319,-3.44008535851493,1.02437883472212,-3.3582159665063,0.000784472961172498,0.0198179798173371,"11",116836117,116856018,"+",1005
"ENSG00000186973","CFAP144",116.16126764678,1.99770624268683,0.595070357811624,3.35709251261214,0.000787667527182628,0.0198360489794892,"1",43145153,43156396,"+",843
"ENSG00000174502","SLC26A9",117.516473488748,2.93837518191769,0.875184761429994,3.35743412295774,0.000786694875309576,0.0198360489794892,"1",205913048,205943460,"-",5628
"ENSG00000289987","ENSG00000289987",294.810182581839,1.52114990774989,0.45310921110824,3.35713746367985,0.00078753947627262,0.0198360489794892,"9",107488558,107489323,"+",766
"ENSG00000169129","AFAP1L2",336.983283686126,1.30527359197248,0.388835602039729,3.35687777848881,0.000788279501269296,0.0198360489794892,"10",114294824,114404756,"-",5873
"ENSG00000134020","PEBP4",213.19888889993,2.98431806392594,0.889231591598143,3.35606392319291,0.000790602928210062,0.0198750297339546,"8",22713251,23000000,"-",1335
"ENSG00000180828","BHLHE22",105.394055673527,2.14240042473142,0.638481206056826,3.35546356636337,0.000792320923085012,0.0198987290927818,"8",64580365,64583627,"+",3263
"ENSG00000214900","LINC01588",302.547172276806,-1.17848287022148,0.35136479569845,-3.35401521338774,0.000796479835775287,0.0199836245795154,"14",49927571,50105102,"-",18586
"ENSG00000023909","GCLM",990.348582179611,-0.797172864055088,0.237749070417494,-3.35300097138227,0.000799404260083254,0.0200178625790799,"1",93885199,93909456,"-",5426
"ENSG00000196352","CD55",2893.1959923655,0.838640017939034,0.250104544832501,3.35315785045283,0.000798951270818891,0.0200178625790799,"1",207321519,207386804,"+",10254
"ENSG00000165899","OTOGL",36.4739508394484,1.84250723457901,0.549559528979632,3.35269818357985,0.000800279235734646,0.0200202408807029,"12",80099537,80380880,"+",12279
"ENSG00000153822","KCNJ16",71.0913490922155,-2.55244615916041,0.761376206467902,-3.35241124883775,0.000801109220386882,0.0200214901262611,"17",70053429,70135608,"+",6340
"ENSG00000232629","HLA-DQB2",78.6523042195335,1.67300963900131,0.499112796307872,3.35196703305786,0.0008023957304159,0.0200341354208024,"6",32756098,32763532,"-",2026
"ENSG00000157927","RADIL",221.715897670961,1.79286789967262,0.535141586067219,3.35026831468751,0.000807333157642556,0.0201182719972927,"7",4797055,4883716,"-",6513
"ENSG00000179869","ABCA13",73.3146587330514,3.20692373408759,0.957158761413934,3.35046166150144,0.000806769765051366,0.0201182719972927,"7",48171458,48647497,"+",19075
"ENSG00000121807","CCR2",58.9453794462647,1.73212918227926,0.517081308614668,3.34981975449832,0.000808641621851404,0.0201313331794956,"3",46353864,46360940,"+",3873
"ENSG00000188039","NWD1",80.5044349213695,3.17696216142305,0.948899401916794,3.34804949292362,0.000813824761701239,0.0202407365877769,"19",16719847,16817963,"+",9157
"ENSG00000091428","RAPGEF4",534.267254587509,1.21826661368259,0.364073661379697,3.34620914093548,0.000819245786556891,0.0203361524212338,"2",172735274,173052893,"+",7125
"ENSG00000113643","RARS1",2039.87772040541,-0.776112293808804,0.231937426858086,-3.34621412474184,0.000819231060894541,0.0203361524212338,"5",168486451,168519301,"+",3417
"ENSG00000227191","TRGC2",55.1215543970319,2.12915309426851,0.63672979295722,3.34388796914921,0.000826130912569082,0.0204872484375948,"7",38239580,38249572,"-",1013
"ENSG00000168569","TMEM223",1758.63419306878,-0.708510879818982,0.211986214581278,-3.3422497836402,0.00083102241518858,0.0205886605508159,"11",62771629,62792006,"-",2265
"ENSG00000188488","SERPINA5",1143.28762801216,-2.29172233410451,0.685827768259756,-3.34154206079991,0.000833143923345701,0.020621316374652,"14",94561442,94593118,"+",3751
"ENSG00000281887","GIMAP1-GIMAP5",1080.93752939886,1.57217111441951,0.470626981927006,3.34058856545405,0.000836010116903396,0.0206663960373561,"7",150716668,150743646,"+",2148
"ENSG00000200879","SNORD14E",128.918930033387,1.75515157158008,0.525473453085889,3.34013366664444,0.000837380756568759,0.0206663960373561,"11",123058077,123058161,"-",85
"ENSG00000210174","MT-TR",1290.25081010862,0.908533657524866,0.272001235224766,3.34018210165151,0.00083723471965544,0.0206663960373561,"MT",10405,10469,"+",65
"ENSG00000241878","PISD",4012.06032109684,-0.786189194060606,0.23554492608924,-3.33774625127245,0.000844608433379333,0.0208247499131098,"22",31618491,31662221,"-",4791
"ENSG00000125851","PCSK2",32.4809244772139,2.19267645632387,0.657043285858464,3.33718721965025,0.000846309189135967,0.020846658308592,"20",17226107,17484578,"+",7029
"ENSG00000260992","DOCK9-DT",61.7675134356941,1.79150603931935,0.537069251467433,3.33570770328857,0.000850825697775932,0.0209378170515962,"13",99087819,99088625,"+",807
"ENSG00000178796","RIIAD1",41.1855155179782,2.39278987816554,0.717442864132131,3.33516437028059,0.000852489930848911,0.020947671285412,"1",151710433,151729805,"+",2276
"ENSG00000140481","CCDC33",50.2806992776406,3.16477979698324,0.948946880475255,3.33504420753061,0.000852858397680116,0.020947671285412,"15",74202705,74336472,"+",7030
"ENSG00000163072","NOSTRIN",611.356630675411,1.35160118353241,0.405329115211215,3.33457709503078,0.000854292154042526,0.0209628266900665,"2",168786539,168865514,"+",5248
"ENSG00000178821","TMEM52",98.0966655374853,-0.952439127333488,0.28580408674776,-3.33248953215311,0.00086072708353735,0.021024399568154,"1",1917590,1919279,"-",1600
"ENSG00000169291","SHE",860.52382849053,1.42432164242001,0.427411731788646,3.3324345975705,0.000860897025212525,0.021024399568154,"1",154469772,154502412,"-",8740
"ENSG00000111266","DUSP16",3050.53278058366,-0.708420684132555,0.212572770691215,-3.33260314493249,0.000860375717902132,0.021024399568154,"12",12473282,12562863,"-",7132
"ENSG00000172366","MCRIP2",3437.30595373056,-1.04328492368549,0.313027788537471,-3.33288277235681,0.000859511491966045,0.021024399568154,"16",636817,648474,"+",5019
"ENSG00000141052","MYOCD",193.298762179246,2.34217170290268,0.702659775268282,3.3332941280272,0.000858241605336275,0.021024399568154,"17",12665890,12768949,"+",8875
"ENSG00000156103","MMP16",122.247640252545,1.74412066859395,0.523482432586639,3.33176542329391,0.00086296963405767,0.0210549825069945,"8",88032011,88328025,"-",12108
"ENSG00000120328","PCDHB12",80.3976724902774,1.26335786841873,0.379234096082361,3.33134040812712,0.000864288419459837,0.0210551956441246,"5",141208697,141212571,"+",3875
"ENSG00000230978","LINC00160",56.1139761192019,-2.09377435678102,0.628528161719901,-3.33123395943251,0.000864619013087127,0.0210551956441246,"21",34723807,34737204,"-",979
"ENSG00000129991","TNNI3",56.8411007083224,2.30398103276338,0.691702218549797,3.33088570627089,0.000865701389043725,0.0210615711398913,"19",55151767,55157773,"-",2034
"ENSG00000231057","NEK2-DT",24.0291340256034,2.66447030893567,0.800134229360635,3.3300291515647,0.000868368921310726,0.0210906757961781,"1",211675749,211690103,"+",2465
"ENSG00000105997","HOXA3",198.426413172077,1.74874592834899,0.525194564628111,3.3297106370232,0.000869362800185314,0.0210906757961781,"7",27106184,27152583,"-",4308
"ENSG00000287652","ENSG00000287652",59.2613186558701,2.53084469798234,0.760032074019773,3.32991828173359,0.000868714755097701,0.0210906757961781,"22",19520572,19522769,"-",525
"ENSG00000143248","RGS5",6522.03321840507,1.50632509130329,0.452513509850677,3.32879584479225,0.00087222314561577,0.021140086381983,"1",163111121,163321791,"-",6624
"ENSG00000233271","ENSG00000233271",45.138816147759,-1.71990899092935,0.516887156409673,-3.32743611366924,0.000876490839867478,0.0212027254739803,"1",54980950,54992274,"-",428
"ENSG00000069122","ADGRF5",3900.90143225134,2.05041602502866,0.616310358033569,3.32692124722813,0.00087811186265793,0.0212027254739803,"6",46852522,46954943,"-",6601
"ENSG00000290960","ENSG00000290960",115.410063740007,2.33537280518454,0.701875361883903,3.32733264623532,0.000876816377295072,0.0212027254739803,"11",3380918,3408981,"+",3715
"ENSG00000244588","RAD21L1",27.0770859607041,2.32579721475303,0.699077813499481,3.32695040500632,0.000878019987135694,0.0212027254739803,"20",1226044,1296421,"+",4117
"ENSG00000115718","PROC",910.623144366276,-2.64593396991605,0.795626039035872,-3.32560001822257,0.00088228439082917,0.0212723347917877,"2",127418427,127429242,"+",2491
"ENSG00000131969","ABHD12B",101.950426757251,2.25538963931151,0.678213991117236,3.32548379840433,0.000882652298798218,0.0212723347917877,"14",50872053,50904970,"+",4551
"ENSG00000224307","LINC02975",109.151569964509,1.75347198533082,0.527404662323979,3.32471840048634,0.000885078813830481,0.021310804797924,"9",129282426,129313220,"+",2579
"ENSG00000250510","GPR162",601.017535293898,1.63963012362623,0.49324306214059,3.32418284103281,0.000886780355510344,0.021331763247314,"12",6821624,6829972,"+",3216
"ENSG00000100385","IL2RB",134.355060840008,1.83804426181013,0.553019468566063,3.32365199832121,0.000888469903488503,0.0213523942067785,"22",37118666,37175118,"-",7282
"ENSG00000144785","ENSG00000144785",3176.67295026771,-0.640872565158766,0.192889964616729,-3.32247748830363,0.000892218703957077,0.0214224298170873,"12",56285916,56316059,"-",1053
"ENSG00000279561","ENSG00000279561",89.9875265107019,-0.9186275097272,0.276621158916978,-3.32088663543958,0.000897319769200647,0.021524772444928,"9",41269916,41273997,"-",4082
"ENSG00000289327","ENSG00000289327",36.971704463917,2.42337273268421,0.730384611220405,3.31794056919543,0.000906837771856203,0.0217125047483518,"2",71453081,71454470,"-",1390
"ENSG00000168646","AXIN2",656.592300262472,1.7908656955855,0.539728248197642,3.31808776280634,0.000906360014140173,0.0217125047483518,"17",65528563,65561648,"-",5197
"ENSG00000180432","CYP8B1",1344.56096842132,-2.90100912182422,0.874567385597574,-3.31707901483431,0.000909638869906932,0.0217552002419117,"3",42856005,42875898,"-",4174
"ENSG00000265489","ARHGAP44-AS1",26.0291090552276,2.76837722537818,0.834635164597515,3.31687106271538,0.000910316167055488,0.0217552002419117,"17",12760140,12790242,"-",3679
"ENSG00000046889","PREX2",631.694249623653,1.93518167641383,0.584004520045387,3.31364160719754,0.00092089462366238,0.0219520789659377,"8",67952046,68237032,"+",12132
"ENSG00000175164","ABO",307.636244914531,1.77836978350802,0.536662225986332,3.31375993575764,0.000920505022835747,0.0219520789659377,"9",133233278,133276024,"-",7353
"ENSG00000250208","FZD10-AS1",63.0812792786154,1.96340749500536,0.592534826847274,3.31357315392269,0.000921120078167099,0.0219520789659377,"12",130144315,130162256,"-",11503
"ENSG00000167798","C3P1",509.566287362092,-3.58803407293731,1.08315031476584,-3.31259108179549,0.000924360220450175,0.0220088625030562,"19",10037803,10074135,"+",4954
"ENSG00000288611","NPBWR1",15.8112444413753,-2.68762830918286,0.81212124246532,-3.3093929436252,0.000934985148433091,0.0222206146341038,"8",52939182,52943734,"+",4209
"ENSG00000110011","DNAJC4",2100.08052839264,-0.709736148519648,0.214450302844497,-3.30956001976036,0.000934427295005008,0.0222206146341038,"11",64230278,64234286,"+",2807
"ENSG00000112378","PERP",8496.40054223102,-1.53826884783631,0.464966919413733,-3.30834040790661,0.000938506578828714,0.022269490092437,"6",138088505,138107419,"-",4198
"ENSG00000111664","GNB3",223.955989698804,1.32415110356893,0.400256088194142,3.30825974326382,0.000938776961858293,0.022269490092437,"12",6839954,6847393,"+",3437
"ENSG00000160219","GAB3",257.306842126642,1.60176438681483,0.484230839004059,3.30785290360534,0.000940141764106091,0.0222812730002872,"X",154675249,154751583,"-",5272
"ENSG00000273110","ENSG00000273110",126.504255051949,1.41499819166821,0.427872732221264,3.30705390904995,0.000942827457725065,0.0222831973825315,"1",154480012,154481501,"+",681
"ENSG00000129680","MAP7D3",320.394687210551,1.67003555659695,0.504950434707279,3.30732571319613,0.000941913034519868,0.0222831973825315,"X",136213220,136256482,"-",6885
"ENSG00000279660","ENSG00000279660",590.915943543676,1.0498072561416,0.317429475812812,3.30721415663576,0.000942288241736308,0.0222831973825315,"17",15260513,15261841,"+",1329
"ENSG00000235927","NEXN-AS1",60.4448096110003,1.82626248963895,0.552476929734562,3.30559049862295,0.000947764918448287,0.0223792844174905,"1",77881348,77889539,"-",2292
"ENSG00000240889","NDUFB2-AS1",1498.51035293198,-0.657424613905165,0.198999409432132,-3.30365108007709,0.000954345311053017,0.0225021301979664,"7",140695336,140697077,"-",1648
"ENSG00000100883","SRP54",2732.90725205183,-0.671374204440168,0.203244505287156,-3.30328341960148,0.000955597534413192,0.0225021301979664,"14",34981957,35029686,"+",8477
"ENSG00000205045","SLFN12L",218.257904308385,1.98833308573946,0.601885114613759,3.3035093200725,0.000954827954600697,0.0225021301979664,"17",35464249,35537678,"-",13640
"ENSG00000135917","SLC19A3",238.265485094916,2.20478773253478,0.66798904991907,3.30063454303914,0.000964664483883542,0.0226729520870399,"2",227683763,227718028,"-",7769
"ENSG00000178033","CALHM5",198.130551887543,1.36208016736977,0.41270265852125,3.30039106665857,0.000965501875214659,0.0226729520870399,"6",116511639,116524788,"+",9787
"ENSG00000134602","STK26",798.182017098405,-1.04212997542215,0.315733222276767,-3.30066620138134,0.000964555650385047,0.0226729520870399,"X",132023302,132075943,"+",3317
"ENSG00000141750","STAC2",52.4654975394245,2.2894275309632,0.693761152988709,3.30002266788849,0.000966770193687092,0.0226819840597501,"17",39210541,39225945,"-",3430
"ENSG00000139219","COL2A1",1686.40936851071,2.18964918913778,0.663667664427533,3.29931576676487,0.000969208225754243,0.0227184178360129,"12",47972967,48004554,"-",6662
"ENSG00000273542","H4C12",104.336871316292,-1.15810773552039,0.351120220811226,-3.29832253136748,0.000972643417884328,0.0227781374149973,"6",27831174,27831560,"-",387
"ENSG00000165238","WNK2",957.243900969831,-1.16960918045382,0.354701609265322,-3.29744537352504,0.00097568651759687,0.0228285741542013,"9",93184122,93320572,"+",13507
"ENSG00000133665","DYDC2",58.0524081893926,3.08843533377703,0.93701569125671,3.29603374051812,0.000980602374522562,0.0229226968550734,"10",80344745,80368073,"+",2465
"ENSG00000157214","STEAP2",1892.24904896769,1.54947443440991,0.470157224901134,3.29565165086156,0.000981936898229135,0.0229330067032277,"7",90167590,90238137,"+",8720
"ENSG00000211598","IGKV4-1",216.629336296052,1.47850740649897,0.44879921381637,3.29436273723937,0.000986451098817949,0.0229633044973168,"2",88885397,88886153,"+",538
"ENSG00000160791","CCR5",82.7703296839876,1.59061398839363,0.482787788954143,3.29464419934762,0.000985463688930366,0.0229633044973168,"3",46370946,46376206,"+",3580
"ENSG00000167094","TTC16",114.391013740511,1.30376385684803,0.395741610585605,3.29448261687409,0.000986030431736666,0.0229633044973168,"9",127716079,127731590,"+",6347
"ENSG00000259813","ENSG00000259813",237.027479636343,0.764585214847664,0.232096217818523,3.29425969123502,0.000986812828166145,0.0229633044973168,"16",88696501,88698610,"+",213
"ENSG00000269958","ENSG00000269958",391.342699705182,0.916031170225987,0.278166680460362,3.29310170689734,0.000990886232341644,0.0230372073600661,"14",103696353,103697163,"+",811
"ENSG00000102879","CORO1A",1271.95342112415,1.5188950770014,0.461379398329171,3.29207390382382,0.000994514737340729,0.0231006423197507,"16",30182827,30189076,"+",4779
"ENSG00000010319","SEMA3G",717.462833638392,1.48932994811861,0.452690542413258,3.28995154212657,0.00100204637781681,0.0232451329707334,"3",52433035,52445103,"-",5047
"ENSG00000232803","SLCO4A1-AS1",624.522738239684,2.06156379113265,0.626651109989612,3.28981112180081,0.00100254654609428,0.0232451329707334,"20",62663019,62666724,"-",1534
"ENSG00000167157","PRRX2",145.846715805997,2.29874618153813,0.699049341674983,3.28838902276932,0.00100762501125524,0.0233417970793214,"9",129665647,129722674,"+",1305
"ENSG00000151702","FLI1",1065.40032351291,1.72520383583004,0.524734096544393,3.28776774215983,0.00100985113519053,0.0233722714940805,"11",128686535,128813267,"+",8026
"ENSG00000163661","PTX3",736.79180572222,2.3338549611471,0.709962995731843,3.2872909928796,0.00101156247196374,0.0233907873584624,"3",157436850,157443633,"+",1884
"ENSG00000102043","MTMR8",16.4886190723964,3.08588275241764,0.939036659887275,3.28622181032643,0.00101541016962369,0.0234586254038986,"X",64268081,64395452,"-",2803
"ENSG00000224985","ENSG00000224985",722.489672207401,-0.803432758946005,0.244597835314196,-3.28470919586823,0.00102087680136271,0.0234792516671833,"1",161153760,161159349,"-",379
"ENSG00000143546","S100A8",4471.88572859523,2.16361456891424,0.658676336639483,3.28479170809875,0.00102057789878468,0.0234792516671833,"1",153390032,153391073,"-",891
"ENSG00000228649","SNHG26",154.208911991301,1.80184318035664,0.548430289333028,3.28545526277906,0.00101817709898429,0.0234792516671833,"7",22854126,22872952,"+",7475
"ENSG00000126785","RHOJ",812.195268958866,1.62007149934125,0.493186264265994,3.28490798857181,0.00102015680742659,0.0234792516671833,"14",63204114,63293508,"+",4082
"ENSG00000242887","IGHJ3",221.876651864803,1.61980851613105,0.493056940210204,3.28523621519349,0.00101896905402665,0.0234792516671833,"14",105864587,105864635,"-",49
"ENSG00000141433","ADCYAP1",515.156083868926,2.99366921948354,0.911483432282539,3.28439235805613,0.00102202530716396,0.023484622702755,"18",904871,912172,"+",3877
"ENSG00000183918","SH2D1A",73.0055168686832,2.51276542136941,0.765287514207899,3.28342665301448,0.00102553327412029,0.0235432758523475,"X",124227868,124373197,"+",4980
"ENSG00000160654","CD3G",46.426700995421,2.30137672157084,0.700958559495525,3.2831851332654,0.00102641234576604,0.0235432758523475,"11",118344344,118355161,"+",3836
"ENSG00000162365","CYP4A22",145.84118189625,-2.33987796056373,0.713107714464769,-3.28124056590799,0.00103351553865123,0.023685038688001,"1",47137435,47149727,"+",3842
"ENSG00000133313","CNDP2",7427.38270582826,-0.744395319587268,0.226959546443168,-3.27985903767069,0.00103858965051004,0.0237800897052998,"18",74495816,74523454,"+",11822
"ENSG00000113407","TARS1",2774.42003425517,-0.789263178381598,0.240924693211761,-3.27597461206633,0.00105298025921783,0.0240048053866555,"5",33440696,33468091,"+",4257
"ENSG00000211751","TRBC1",165.623116133309,2.03857785814109,0.622339692499423,3.27566742521888,0.00105412612810033,0.0240048053866555,"7",142791694,142793368,"+",760
"ENSG00000077264","PAK3",40.5518364108877,2.42900662756642,0.741447801289609,3.27603187080954,0.0010527668000294,0.0240048053866555,"X",110944285,111227361,"+",10446
"ENSG00000065665","SEC61A2",1112.37296131034,-0.663707467730127,0.202572036879001,-3.27640220217842,0.00105138718035316,0.0240048053866555,"10",12129637,12169961,"+",3916
"ENSG00000188906","LRRK2",892.440928696881,1.80331749910635,0.550521023759133,3.27565600818062,0.00105416873818305,0.0240048053866555,"12",40196744,40369285,"+",17100
"ENSG00000060709","RIMBP2",116.605893184116,3.21151783478056,0.980482441522675,3.27544655444631,0.00105495073347674,0.0240048053866555,"12",130396133,130768228,"-",10780
"ENSG00000157554","ERG",862.90441495932,1.33113784318856,0.406304386067859,3.27620840146735,0.00105210895004001,0.0240048053866555,"21",38380027,38661780,"-",7568
"ENSG00000126561","STAT5A",1417.32203559491,1.12650337084177,0.344124675774808,3.27353267621804,0.00106212109416921,0.0241465563543322,"17",42287547,42311943,"+",6385
"ENSG00000111432","FZD10",31.2887243102053,2.29002222981157,0.699619229972399,3.27324083116171,0.00106321844758446,0.024150113180664,"12",130162459,130165740,"+",3282
"ENSG00000266692","ENSG00000266692",125.279413730167,-1.60827692067677,0.491421147121059,-3.2727059673738,0.00106523228777006,0.024174462537749,"21",44437121,44437175,"+",55
"ENSG00000287263","ENSG00000287263",147.025721309783,1.60749855330335,0.491266495516709,3.27215181164065,0.00106732248641554,0.0241791405638373,"5",42983636,42993340,"-",4529
"ENSG00000259969","ENSG00000259969",12.6365775224186,2.06863632496546,0.632154882055867,3.27235679686271,0.00106654886879866,0.0241791405638373,"14",57993545,57994525,"-",981
"ENSG00000138823","MTTP",494.821831773517,-3.06904357229621,0.938612894908336,-3.26976497866666,0.00107636872629975,0.0241919055148299,"4",99564081,99623997,"+",5123
"ENSG00000153993","SEMA3D",248.145449261254,2.81699618865472,0.861270216795203,3.27074608377473,0.00107264172855996,0.0241919055148299,"7",84995553,85187056,"-",8259
"ENSG00000130224","LRCH2",154.650375495992,1.89486663476165,0.579237112899549,3.27131427279636,0.00107048876840354,0.0241919055148299,"X",115110616,115234096,"-",4953
"ENSG00000255320","ENSG00000255320",118.037866994188,-0.821944964349405,0.25131041447803,-3.2706363007541,0.00107305817563036,0.0241919055148299,"11",66244717,66257595,"-",1061
"ENSG00000154134","ROBO3",486.948164027564,1.39683209981002,0.427193597937115,3.26978706271633,0.00107628470234554,0.0241919055148299,"11",124865432,124881471,"+",6981
"ENSG00000254568","ENSG00000254568",141.537031679487,1.63035573338559,0.49856745907362,3.27008051511209,0.00107516876957437,0.0241919055148299,"11",124883691,124887789,"+",744
"ENSG00000260306","ENSG00000260306",10.6961264666956,2.25861681504202,0.69071388693193,3.2699745260292,0.00107557169844047,0.0241919055148299,"16",21794095,21795759,"-",1665
"ENSG00000275431","ENSG00000275431",1432.99519660041,2.27555592317056,0.695774015409585,3.27053881400126,0.00107342810383504,0.0241919055148299,"17",35983656,35990270,"+",3952
"ENSG00000211648","IGLV1-47",81.1511425692095,1.38941595669772,0.424726129470545,3.27132205977,0.00107045929008746,0.0241919055148299,"22",22357739,22358260,"+",407
"ENSG00000280285","ENSG00000280285",16.3179556868129,2.95556292331128,0.90407380640464,3.26916110429645,0.00107866866089285,0.0242015959129239,"4",56662469,56665694,"-",3226
"ENSG00000164818","DNAAF5",1606.65684545949,-0.704298880773058,0.215437484073246,-3.26915663633356,0.00107868569464234,0.0242015959129239,"7",726699,786475,"+",7139
"ENSG00000168490","PHYHIP",108.71073284733,1.61906512707721,0.495292774476618,3.26890520215664,0.00107964466830357,0.024201956071046,"8",22219703,22232101,"-",3931
"ENSG00000140090","SLC24A4",45.6477366508223,2.12645043435949,0.65068497505963,3.26801834353808,0.00108303345977987,0.024244826488923,"14",92322581,92501481,"+",14777
"ENSG00000170956","CEACAM3",39.7992132435003,2.16711628123877,0.663150442761985,3.26791047927655,0.00108344629223496,0.024244826488923,"19",41796587,41811554,"+",2931
"ENSG00000136574","GATA4",383.823347379084,-3.01933291427117,0.924228977560159,-3.26686674793708,0.00108744852464534,0.0242709054626714,"8",11676959,11760002,"+",4443
"ENSG00000103257","SLC7A5",2894.3457781069,-1.26983680988761,0.388658296875932,-3.26723196209799,0.001086046542742,0.0242709054626714,"16",87830023,87869507,"-",4764
"ENSG00000278931","ENSG00000278931",24.2009599395163,2.48840850726411,0.761661896735694,3.26707758117985,0.00108663897517407,0.0242709054626714,"21",8857260,8880976,"+",1693
"ENSG00000125895","TMEM74B",696.728743241171,1.85829817815747,0.569059494085454,3.26556045101044,0.00109247684164617,0.0243619488223564,"20",1180561,1185415,"-",2516
"ENSG00000289206","ENSG00000289206",10.6851185697393,2.87711540618495,0.881371113393255,3.26436317513077,0.00109710438233768,0.024411302437263,"5",42994376,42995029,"-",654
"ENSG00000166523","CLEC4E",222.221911537563,1.70013360544061,0.520804109269287,3.26443969081959,0.00109680810339829,0.024411302437263,"12",8533305,8540905,"-",2364
"ENSG00000275688","CCL15-CCL14",1758.95547595883,2.24323793265077,0.687213915816899,3.26424986604675,0.00109754326616283,0.024411302437263,"17",35983656,36001621,"-",1047
"ENSG00000163378","EOGT",741.461468063359,1.50825005135162,0.462149336207419,3.26355559380204,0.00110023596100727,0.0244260003099201,"3",68975217,69013684,"-",5365
"ENSG00000111716","LDHB",2830.69220216026,1.50982259129208,0.462633969753873,3.2635359485066,0.00110031224295527,0.0244260003099201,"12",21635342,21757857,"-",2983
"ENSG00000134873","CLDN10",199.812020337924,-1.8884072555474,0.578672501503374,-3.26334368859998,0.00110105903917784,0.0244260003099201,"13",95433604,95579759,"+",3385
"ENSG00000250424","ENSG00000250424",3526.08351448192,1.75251951108159,0.537125013053014,3.26277769326042,0.00110326025990828,0.0244536969698323,"7",30852273,30923812,"+",1531
"ENSG00000184956","MUC6",532.855427802303,-2.74977893575651,0.843085597001073,-3.26156554629531,0.00110798813479147,0.0245373006520213,"11",1012823,1036718,"-",8438
"ENSG00000288999","ENSG00000288999",74.4461037963154,-0.888946349696017,0.272690641639699,-3.2599078001018,0.00111448436582943,0.0246373005167981,"1",223846081,223846718,"+",638
"ENSG00000291115","ENSG00000291115",118.531402005424,1.9496218067053,0.598319474406016,3.25849632195375,0.00112004328210627,0.0246373005167981,"5",150930456,150946598,"-",3771
"ENSG00000286339","ENSG00000286339",11.9528285931998,1.69746308667296,0.520800413585626,3.25933513567358,0.00111673664490712,0.0246373005167981,"6",118565660,118576840,"+",906
"ENSG00000213513","IMPDH1P5",137.559213760121,-1.9239317502934,0.590397752858436,-3.2587043920452,0.00111922221831865,0.0246373005167981,"10",77780337,77781876,"-",1540
"ENSG00000119650","IFT43",1255.37678426058,-0.949742450741284,0.29132532744506,-3.26007511626462,0.00111382710759181,0.0246373005167981,"14",75902136,76084585,"+",4169
"ENSG00000211934","IGHV1-2",30.4520724818916,2.16959860623655,0.665708827971177,3.25908041936089,0.00111773979127807,0.0246373005167981,"14",105986582,105987083,"-",417
"ENSG00000149596","JPH2",276.917791541956,2.48102816567119,0.761411035509522,3.25846100196187,0.00112018271333243,0.0246373005167981,"20",44106590,44187188,"-",10658
"ENSG00000283633","ENSG00000283633",192.859605559436,1.83261941981357,0.562263485738629,3.25936054233739,0.00111663663179953,0.0246373005167981,"22",16601911,16615111,"+",3071
"ENSG00000138685","FGF2",457.067537653517,1.49244110165722,0.458200577208114,3.25717857177504,0.00112525619126211,0.0247065446202949,"4",122826708,122898236,"+",6775
"ENSG00000222047","C10orf55",288.461713182773,1.36453752160413,0.41892142441092,3.25726363487597,0.00112491901271068,0.0247065446202949,"10",73909969,73922777,"-",2513
"ENSG00000197301","HMGA2-AS1",35.2377596221017,2.43510147221741,0.748160052837203,3.25478681063352,0.00113477514123781,0.0248942508975649,"12",65851340,65882167,"-",6033
"ENSG00000162571","TTLL10",121.269167742536,2.49194611584571,0.765981353728652,3.25327255515475,0.0011408401387905,0.0249208176357485,"1",1173880,1197936,"+",3998
"ENSG00000196581","AJAP1",114.649109675639,2.16740939171401,0.666224383014197,3.25327239136461,0.00114084079643139,0.0249208176357485,"1",4654609,4792534,"+",12528
"ENSG00000164649","CDCA7L",950.439009938412,-0.519016889139095,0.159516945032393,-3.25367871754126,0.00113921041605164,0.0249208176357485,"7",21900899,21945903,"-",3894
"ENSG00000120693","SMAD9",324.747822961076,1.44095683932447,0.442811658851704,3.25410772395007,0.0011374913691116,0.0249208176357485,"13",36844831,36920765,"-",5834
"ENSG00000119673","ACOT2",1113.26574616742,-1.11144192831693,0.3415655351619,-3.25396392171157,0.0011380673234468,0.0249208176357485,"14",73567620,73575658,"+",2239
"ENSG00000113460","BRIX1",965.207588862918,-0.632762351949599,0.194618652650574,-3.25129345687993,0.0011488121311025,0.0250543674264576,"5",34915677,34925996,"+",4710
"ENSG00000176956","LY6H",81.0077745778491,1.52896148071218,0.470265915903289,3.2512700346895,0.00114890678540307,0.0250543674264576,"8",143157914,143160711,"-",1874
"ENSG00000258989","ENSG00000258989",254.181064665287,1.2094906281443,0.372188892731259,3.2496687885246,0.00115539489643123,0.0251744658800512,"14",61529128,61657964,"+",779
"ENSG00000163293","NIPAL1",101.7510206991,-1.30409250293413,0.401338416750763,-3.24935876682841,0.00115665498381748,0.0251805457757788,"4",47914142,48040173,"+",5983
"ENSG00000198774","RASSF9",147.143071635223,1.71544324713141,0.528067912875899,3.24852770884898,0.001160039098748,0.0252017855486301,"12",85800703,85836409,"-",5515
"ENSG00000265943","ENSG00000265943",19.9109494553283,-2.08936104638043,0.643186853168014,-3.24845110886407,0.00116035147833981,0.0252017855486301,"18",22699481,22933764,"-",570
"ENSG00000142233","NTN5",148.967495268175,1.11595259093705,0.343539577524894,3.24839600426004,0.00116057624648306,0.0252017855486301,"19",48661407,48673081,"-",3115
"ENSG00000113739","STC2",8513.84445938962,-1.16217691625217,0.357851754273463,-3.24764906801059,0.00116362692341571,0.0252466713806518,"5",173314723,173328447,"-",5062
"ENSG00000245025","ENSG00000245025",569.410506303329,1.82544219338171,0.562209551923557,3.24690711343501,0.00116666458920934,0.0252911993338143,"8",22984596,23019335,"-",6318
"ENSG00000196653","ZNF502",107.07171642581,1.72299932224846,0.530913929352191,3.24534585926353,0.00117308053079876,0.0253671484950734,"3",44712643,44723831,"+",3273
"ENSG00000273171","ENSG00000273171",14974.644740984,-3.35531710839577,1.03374186396609,-3.24579783924263,0.00117121978327962,0.0253671484950734,"17",28364288,28368012,"-",851
"ENSG00000228340","MIR646HG",54.7270464370795,1.74470575590641,0.537604520727318,3.2453331187506,0.00117313302153162,0.0253671484950734,"20",60087661,60653784,"+",27017
"ENSG00000163568","AIM2",44.4636638307901,2.01143020401502,0.620034810861635,3.24406012175321,0.00117838870707802,0.0254593459129389,"1",159061599,159187843,"-",6426
"ENSG00000106689","LHX2",69.3626023007557,-2.47941079602822,0.764354803826989,-3.2437956608819,0.00117948328398125,0.0254615621950771,"9",124001670,124033301,"+",2497
"ENSG00000048740","CELF2",1332.72898631814,1.96238082521928,0.605178247216053,3.24264930910297,0.00118423878918665,0.0255427369765158,"10",10798397,11336675,"+",11029
"ENSG00000182866","LCK",250.772910098191,1.96424592129956,0.605975477573024,3.24146107226403,0.00118918674298274,0.0256279228649354,"1",32251244,32286165,"+",3332
"ENSG00000278206","ENSG00000278206",856.55599221238,-0.840157643081713,0.259237015931785,-3.24088610595174,0.0011915878193248,0.0256581246297061,"6",143484979,143507327,"+",2079
"ENSG00000139304","PTPRQ",545.893525329906,1.55079731600192,0.478581889856515,3.24040117035534,0.00119361640580817,0.025680261766872,"12",80402178,80680273,"+",12412
"ENSG00000086232","EIF2AK1",6779.69322653902,-0.779294511818778,0.240582712274528,-3.23919580277043,0.00119867253877134,0.0257674439301876,"7",6022247,6059175,"-",5492
"ENSG00000261717","ENSG00000261717",817.004792593689,-0.690250514990083,0.213120274516839,-3.23878390526165,0.001200404848516,0.0257830889095065,"16",75412684,75464706,"-",530
"ENSG00000166265","CYYR1",918.868730791029,1.75578222525079,0.542168250830564,3.23844530283921,0.00120183063422977,0.0257921295056651,"21",26466209,26573286,"-",3271
"ENSG00000162738","VANGL2",395.196146795528,1.86808307153581,0.577059154563339,3.23724709462305,0.00120688861718341,0.0258790393794876,"1",160400564,160428670,"+",5354
"ENSG00000176428","VPS37D",241.034285037665,-0.894713694553777,0.276443579196588,-3.23651465211828,0.00120999014492834,0.0258988369088608,"7",73667831,73672112,"+",1620
"ENSG00000149970","CNKSR2",65.6072424107073,2.64837986114711,0.818276721721627,3.23653330327546,0.00120991107533537,0.0258988369088608,"X",21372801,21654695,"+",31865
"ENSG00000285082","ENSG00000285082",65.4047811690139,1.34889329126204,0.416819112597253,3.23615988445662,0.00121149505379252,0.0258988369088608,"9",117704157,118083691,"+",5172
"ENSG00000244687","UBE2V1",5611.13335607471,-0.560633542819552,0.173244823507144,-3.23607673505139,0.00121184801992994,0.0258988369088608,"20",50081124,50115959,"-",4779
"ENSG00000164659","ELAPOR2",1201.63494006355,1.90789855552542,0.589810457996117,3.2347655584262,0.00121742648983051,0.0259964107441595,"7",86876906,87059654,"-",8070
"ENSG00000225783","MIAT",600.472750204121,1.65119000771414,0.510524381730414,3.23430195854204,0.00121940456903735,0.0260170050486131,"22",26646411,26676475,"+",15892
"ENSG00000143995","MEIS1",960.019119012529,1.87774040492362,0.580783926334057,3.23311358972352,0.00122448864413514,0.0261037790938676,"2",66433452,66573869,"+",10942
"ENSG00000259649","ENSG00000259649",27.6347627761531,1.83793943056155,0.568558138295646,3.23263234973841,0.00122655304695776,0.0261260888433733,"15",80896191,80909777,"-",744
"ENSG00000286393","ENSG00000286393",15.6780685660748,2.17465579440791,0.67305871540583,3.23100458345105,0.00123355961756989,0.0262535445308179,"22",49662312,49664968,"-",1837
"ENSG00000253163","ENSG00000253163",24.9146875154428,-2.14479973284394,0.663942474497866,-3.23039994461272,0.00123617163151443,0.0262873382486172,"5",179377531,179378761,"-",624
"ENSG00000079435","LIPE",300.597005789298,1.33104348370897,0.412218458946879,3.22897593453111,0.0012423434870167,0.0263967138089882,"19",42401514,42427388,"-",5161
"ENSG00000180229","HERC2P3",727.459963432675,0.68023123811332,0.21071037864355,3.22827590407419,0.00124538793628447,0.0264395137804908,"15",20431093,20505462,"-",4088
"ENSG00000174236","REP15",32.9957001355599,1.30209436835185,0.403673164343379,3.22561538235978,0.00125702156402287,0.0266644400692356,"12",27696447,27697596,"+",1150
"ENSG00000274269","ENSG00000274269",17.1069325241319,2.01553050786068,0.625104763853856,3.22430834702757,0.00126277350033721,0.026764333140508,"20",1186092,1207036,"+",572
"ENSG00000113396","SLC27A6",12.4928677737695,2.89804015966629,0.899056732734468,3.22342301008296,0.00126668344139194,0.0268250527146921,"5",128538013,129033642,"+",3133
"ENSG00000224940","PRRT4",19.4195484628744,1.37080677667818,0.425400351620592,3.22239220408727,0.00127124990298422,0.0268995641054377,"7",128350325,128361685,"-",3683
"ENSG00000205502","C2CD4B",395.18961679506,1.34988625203831,0.419452853422663,3.21820734088102,0.00128994533970318,0.0272502280116556,"15",62163535,62165285,"-",1581
"ENSG00000130477","UNC13A",898.257728531438,1.43804799620782,0.446844956735472,3.21822586230761,0.0012898620409872,0.0272502280116556,"19",17601336,17688365,"-",11180
"ENSG00000170231","FABP6",54.7030369422518,3.43171176454135,1.06689135402748,3.21655223054039,0.00129740915209883,0.0273628600714221,"5",160187367,160238735,"+",1088
"ENSG00000274092","ENSG00000274092",154.809374860923,1.09973476319672,0.341879643443668,3.21673075389741,0.00129660217754309,0.0273628600714221,"16",27313387,27314101,"-",715
"ENSG00000183336","BOLA2",158.261026261672,-0.914933665326346,0.284523297385553,-3.2156722269619,0.00130139378819153,0.0274243631867914,"16",29453590,29454351,"-",402
"ENSG00000206052","DOK6",193.922548849746,1.76552099062669,0.549200611335294,3.21471053416002,0.00130576122488176,0.0274938255611485,"18",69400888,69849087,"+",9554
"ENSG00000162733","DDR2",1593.22809274489,1.52576321893926,0.474916318601866,3.212699078084,0.00131493982852185,0.0276643939169428,"1",162631373,162787405,"+",11099
"ENSG00000130598","TNNI2",56.054619436749,1.11258246731544,0.346363828002946,3.21217857456516,0.0013173246488673,0.0276918687653374,"11",1838981,1841680,"+",1088
"ENSG00000283294","ENSG00000283294",224.768940373462,1.87697725098739,0.584401315352466,3.21179504850249,0.00131908442507148,0.0277061701622828,"18",14225224,14342505,"+",3680
"ENSG00000197586","ENTPD6",5716.80634033028,-0.696465937956541,0.216947891741194,-3.210291339394,0.00132600501075063,0.0278287576540773,"20",25195693,25228075,"+",6673
"ENSG00000284649","ENSG00000284649",60.105050367275,1.64901532408553,0.513867659123986,3.20902725596057,0.00133184865982419,0.0279285617252513,"16",29113050,29116326,"+",292
"ENSG00000109610","SOD3",3783.65518786132,1.68767480133242,0.526143659592764,3.20763116795646,0.00133833015070085,0.0280415673290112,"4",24789912,24800842,"+",2018
"ENSG00000125144","MT1G",4558.69041936665,-2.48493680105774,0.77479297878263,-3.20722679361669,0.00134021293070415,0.0280581119839995,"16",56666730,56668065,"-",751
"ENSG00000147113","DIPK2B",1409.76345065528,1.75233332577009,0.546503493122786,3.20644487697058,0.00134386049267348,0.0281115462636106,"X",45148373,45200901,"-",6721
"ENSG00000122122","SASH3",451.314988039357,1.51899850690554,0.473876109615725,3.20547602228212,0.00134839280586873,0.0281833861141959,"X",129779949,129795201,"+",2741
"ENSG00000134531","EMP1",3310.33363882618,1.06003087338837,0.330727285677827,3.20515094850982,0.00134991666126225,0.0281922790436275,"12",13196723,13219941,"+",7833
"ENSG00000137821","LRRC49",194.902337503205,0.985684365589396,0.307593756631026,3.20450056069173,0.00135297026846212,0.0282330795777376,"15",70853239,71053658,"+",9992
"ENSG00000130037","KCNA5",84.5615396921499,2.61086315445149,0.814928580020685,3.2037938274115,0.00135629564382445,0.0282794803330968,"12",5043879,5046788,"+",2910
"ENSG00000112164","GLP1R",20.3498177268908,2.25651339213508,0.704389079638262,3.20350422424764,0.00135766048316811,0.0282849607317173,"6",39048781,39091303,"+",6682
"ENSG00000198722","UNC13B",1909.84658454686,1.16535985956627,0.363812953282676,3.20318407866254,0.00135917073687772,0.0282934592890839,"9",35161992,35405338,"+",17910
"ENSG00000110675","ELMOD1",16.686787313932,2.92882860866881,0.914877474887255,3.20133426503887,0.00136792742910487,0.028452668819153,"11",107591091,107666779,"+",5856
"ENSG00000277694","ENSG00000277694",66.1452028653211,1.90910528141477,0.596654448039417,3.19968331366341,0.00137578665750468,0.0285929685329332,"7",27099967,27100111,"+",145
"ENSG00000181163","NPM1",21358.959864508,-0.736788013700688,0.230304838288513,-3.19918599702921,0.00137816224458773,0.0285935983704908,"5",171387116,171411810,"+",8311
"ENSG00000203472","ENSG00000203472",11.5093102927792,2.24389425088331,0.701393912338164,3.19919265253255,0.00137813042755267,0.0285935983704908,"16",75475896,75495407,"+",573
"ENSG00000093072","ADA2",917.578683927218,0.932604365871904,0.291532012364601,3.19897756101499,0.00137915902842824,0.0285935983704908,"22",17178790,17258235,"-",11032
"ENSG00000148677","ANKRD1",85.5846138705019,2.49305711400293,0.779469138611849,3.1984038758004,0.00138190594341013,0.0286274252215559,"10",90912096,90921087,"-",1790
"ENSG00000175906","ARL4D",256.124022209793,1.31538082392591,0.411368638677005,3.19757195919523,0.00138589828432703,0.0286769158245497,"17",43398993,43401137,"+",1578
"ENSG00000101298","SNPH",413.460136308069,1.87279564274736,0.585717096513014,3.19744063114564,0.00138652949461434,0.0286769158245497,"20",1266280,1309328,"+",5709
"ENSG00000089693","MLF2",9254.05733191852,-0.897823508108215,0.28101846697469,-3.19489148799989,0.00139883423964356,0.0289081146770783,"12",6747996,6767475,"-",3367
"ENSG00000274253","ENSG00000274253",40.9971306370517,2.09308410609197,0.655195185605831,3.19459628531395,0.00140026567347539,0.028914415962263,"15",22757835,22778741,"+",5335
"ENSG00000237781","ADAMTSL4-AS2",294.960651855705,0.991151078686802,0.310285749685978,3.19431710831028,0.00140162064154033,0.0289191294263792,"1",150548562,150557724,"-",665
"ENSG00000160593","JAML",429.528071290787,1.74309676411747,0.545771235100264,3.1938230746024,0.00140402136615801,0.0289453947029538,"11",118193725,118225094,"-",8602
"ENSG00000076706","MCAM",4578.03683121593,1.39633519277741,0.437508192298429,3.19156353494052,0.00141504985385784,0.0291491332853945,"11",119308529,119321521,"-",7422
"ENSG00000130649","CYP2E1",17555.1746017248,-2.81716113952177,0.882753495289389,-3.19133388262398,0.00141617521357724,0.0291491332853945,"10",133520406,133561220,"+",9622
"ENSG00000196329","GIMAP5",1044.67968637189,1.53836616896907,0.482203228278319,3.19028591837039,0.00142132100876123,0.02923160763772,"7",150722253,150750033,"+",5544
"ENSG00000159763","PIP",545.020095649873,2.11851762693827,0.664139855903359,3.18986672476789,0.00142338418800953,0.0292506020445481,"7",143132077,143139739,"+",578
"ENSG00000131941","RHPN2",1476.01739587963,-1.1028003392639,0.345762382211455,-3.18947461031047,0.00142531658849096,0.0292668807014379,"19",32978592,33064888,"-",4805
"ENSG00000106178","CCL24",14.5729705745349,2.63116696088807,0.825143992331743,3.18873673606076,0.00142895950563815,0.0293182283223137,"7",75810825,75823356,"-",1457
"ENSG00000204136","GGTA1",202.52327278393,2.18517198096823,0.685391305011717,3.18821082933183,0.00143156116666392,0.0293247250317342,"9",121444991,121499844,"-",4318
"ENSG00000124203","ZNF831",74.7386788431388,2.07110747550772,0.649610887224351,3.18822777795047,0.00143147725378568,0.0293247250317342,"20",59123381,59259113,"+",11992
"ENSG00000254943","ENSG00000254943",147.359263648734,1.82847566969178,0.573565099647059,3.18791305610633,0.00143303618646544,0.0293315309394007,"11",124891304,124892126,"+",477
"ENSG00000287763","ENSG00000287763",34.3980672098805,1.68929878984293,0.530008722089205,3.18730375451935,0.00143605872930841,0.0293699756216405,"2",87311460,87348728,"-",1417
"ENSG00000143297","FCRL5",72.5318614268021,1.66740798047655,0.523255971797467,3.18660095698237,0.00143955237229893,0.0294179862577999,"1",157513377,157552515,"-",12414
"ENSG00000100368","CSF2RB",656.84325727404,1.82563058248237,0.573320086698401,3.18431296031453,0.0014509804641417,0.029627936016806,"22",36913628,36940439,"+",4990
"ENSG00000051620","HEBP2",4733.61265047384,-0.935121919778332,0.293701715711371,-3.18391711643013,0.00145296609032191,0.0296381864868754,"6",138403531,138422197,"+",10352
"ENSG00000189377","CXCL17",305.292174692059,3.07061482918622,0.964464009197927,3.18375263348585,0.00145379190349383,0.0296381864868754,"19",42428278,42442946,"-",1097
"ENSG00000130052","STARD8",843.555560363089,1.5910216987657,0.499819438499492,3.18319292171211,0.00145660526846403,0.0296484436365316,"X",68647666,68725842,"+",5558
"ENSG00000131477","RAMP2",789.583685762718,1.2133477032043,0.381172864654103,3.18319538381977,0.00145659288181535,0.0296484436365316,"17",42758447,42763041,"+",1115
"ENSG00000285625","ENSG00000285625",7724.23682147472,-0.629658972743444,0.197872795650012,-3.1821401758388,0.00146191044493055,0.0297328489619909,"12",56714612,56741535,"-",588
"ENSG00000165506","DNAAF2",604.995035760563,-0.83254219813935,0.261706729481732,-3.18120286699569,0.00146664887078623,0.0298056029821618,"14",49625174,49635244,"-",2977
"ENSG00000243466","IGKV1-5",288.512479616415,1.40127834612109,0.440655307748026,3.17998744479521,0.0014728143336997,0.0299072195435683,"2",88947301,88947957,"-",532
"ENSG00000153898","MCOLN2",142.313273031817,1.62359530184816,0.510894646620055,3.17794541905937,0.00148322669871485,0.0300703936074853,"1",84925583,84997113,"-",3442
"ENSG00000280029","ENSG00000280029",44.9609153638856,1.67580023057441,0.527317028731922,3.17797480313565,0.00148307638844895,0.0300703936074853,"5",141136683,141245380,"-",1528
"ENSG00000197253","TPSB2",1225.58784546119,2.27947968164696,0.717331136828017,3.17772304116985,0.00148436469788771,0.0300703936074853,"16",1227272,1230184,"-",1738
"ENSG00000124191","TOX2",448.84126621933,1.48685258242618,0.468024210062578,3.17687109012453,0.00148873193106058,0.030116960655704,"20",43914852,44069616,"+",3235
"ENSG00000130545","CRB3",764.725655468844,-1.05768096332065,0.332937338710592,-3.17681689718811,0.00148901013254718,0.030116960655704,"19",6463777,6467221,"+",1600
"ENSG00000143515","ATP8B2",2134.84847024596,1.38712240588917,0.436993078274235,3.17424342593061,0.0015022764221453,0.030337473585526,"1",154325525,154351304,"+",7597
"ENSG00000071967","CYBRD1",6740.70931996274,1.34044442231313,0.422266597172177,3.17440316446951,0.0015014498079364,0.030337473585526,"2",171522247,171558129,"+",5172
"ENSG00000234409","CCDC188",42.0390970464917,1.70430647415098,0.536969829386552,3.17393339603087,0.00150388195999121,0.0303460206502315,"22",20148416,20151055,"-",1599
"ENSG00000077984","CST7",214.101437226986,1.77049049113873,0.557879368162219,3.17360811705786,0.00150556816672915,0.0303561807819616,"20",24949269,24959928,"+",891
"ENSG00000132321","IQCA1",171.698310808619,2.05361103231182,0.647278240914976,3.17268664772183,0.00151035441237185,0.030428780771074,"2",236324147,236507535,"-",5968
"ENSG00000005893","LAMP2",7606.86712451481,-0.753348213754768,0.237476857094729,-3.17230160012711,0.00151235855463335,0.0304452604092347,"X",120426148,120469365,"-",9404
"ENSG00000211895","IGHA1",15132.1864892688,1.53985751553459,0.485620368807219,3.17090800642647,0.00151963259540902,0.0305677192996577,"14",105703995,105708665,"-",1422
"ENSG00000283251","ENSG00000283251",17.5093750324271,1.4572881562739,0.459724895096565,3.16991351092221,0.00152484318184274,0.0306485120973826,"19",49056269,49058745,"-",953
"ENSG00000197816","CCDC180",404.895589277303,1.85040559182585,0.583806714072969,3.16955174927051,0.00152674268394004,0.0306626795529649,"9",97307304,97378751,"+",14382
"ENSG00000047365","ARAP2",577.777003255911,1.01335886959127,0.3197610054946,3.16911334458629,0.00152904753657972,0.0306813411389202,"4",35948221,36244514,"-",12427
"ENSG00000224650","IGHV3-74",41.6861705969517,1.89571895503252,0.598222321053784,3.16892046370514,0.0015300625962449,0.0306813411389202,"14",106810442,106811131,"-",587
"ENSG00000170801","HTRA3",1710.16712791305,1.23609836706432,0.390139826482132,3.16834704677589,0.00153308394068489,0.030717927795128,"4",8269754,8307098,"+",3319
"ENSG00000167617","CDC42EP5",882.00151183123,1.42880253518754,0.451142955413281,3.16707269401701,0.00153981821486551,0.03082879416611,"19",54465026,54473296,"-",935
"ENSG00000181378","CFAP65",149.695531621425,2.59238310652552,0.820029958645845,3.16132731395136,0.0015705191020883,0.0314189507352302,"2",219002846,219041527,"-",10519
"ENSG00000226329","ENSG00000226329",26.0913063684072,2.87081101903485,0.908261796012628,3.16077482465743,0.00157350088342542,0.0314540865847977,"7",22863874,22881350,"-",1467
"ENSG00000173198","CYSLTR1",68.2717880636119,1.6243404418757,0.514110728898939,3.1595147709804,0.00158032089568967,0.031565833797406,"X",78271468,78327691,"-",5567
"ENSG00000138735","PDE5A",1464.77311829595,1.57739182850792,0.499300406245951,3.15920397575424,0.00158200724684819,0.031574945571425,"4",119494397,119628804,"-",9586
"ENSG00000156261","CCT8",5774.22097645984,-0.796631282317887,0.252196600979256,-3.15877089233019,0.00158435988728608,0.0315973311786883,"21",29055805,29073797,"-",3341
"ENSG00000012779","ALOX5",1265.90878591703,1.30216047149355,0.412294706808534,3.15832449456661,0.00158678822597676,0.0316211905249576,"10",45374176,45446119,"+",3728
"ENSG00000135406","PRPH",44.0452739845314,1.93932548687147,0.614114382646369,3.15792227258128,0.00158897918902108,0.0316387006911321,"12",49295147,49298686,"+",2618
"ENSG00000177469","CAVIN1",7698.87217941169,1.36702680084857,0.432917036229055,3.15771080010184,0.00159013222782407,0.0316387006911321,"17",42402449,42423256,"-",3570
"ENSG00000120738","EGR1",2976.67673191053,1.26761040844174,0.401544209862694,3.15683896643707,0.001594893977794,0.0317088642355062,"5",138465479,138469303,"+",3137
"ENSG00000162614","NEXN",765.483589949047,1.52990681335547,0.485083453787338,3.15390434658318,0.00161101880131265,0.0320046591124549,"1",77888513,77943895,"+",4436
"ENSG00000224101","ELMO1-AS1",45.6918100884838,1.96344371378747,0.62289683577633,3.15211701363098,0.00162091302855246,0.032176314542812,"7",36997796,37013630,"+",528
"ENSG00000088882","CPXM1",886.431674878197,2.64460741754335,0.839079553033361,3.15179580765949,0.00162269706176615,0.0321868357684326,"20",2794074,2800627,"-",2376
"ENSG00000130558","OLFM1",679.271459357517,1.8953769606808,0.601491804065463,3.15112682811305,0.00162641849205701,0.0322357401047315,"9",135075422,135121180,"+",6125
"ENSG00000211663","IGLV3-19",107.392951844944,1.36076010488404,0.43189397839675,3.15068089148955,0.00162890353016995,0.0322600824914136,"22",22720623,22721145,"+",377
"ENSG00000278151","ENSG00000278151",16.484547283484,1.87948144104485,0.596612980559036,3.15025234496867,0.00163129495190741,0.0322825347190497,"4",88710147,88710265,"+",119
"ENSG00000118971","CCND2",777.962532616871,1.59858871519355,0.507658313356204,3.14894619695095,0.00163860360599684,0.0324021870224352,"12",4269771,4305353,"+",7988
"ENSG00000114654","EFCC1",410.587085212257,2.04236676035752,0.649039448692711,3.14675288916758,0.00165094424927805,0.0325459186222886,"3",129001304,129040742,"+",3273
"ENSG00000272701","MESTIT1",52.7925538757272,-1.14623509463553,0.364251529960625,-3.14682300650717,0.00165054841451766,0.0325459186222886,"7",130486042,130491033,"-",4118
"ENSG00000099769","IGFALS",253.720589739379,-1.89207306365089,0.60125983435048,-3.14684759492513,0.0016504096257335,0.0325459186222886,"16",1790413,1794971,"-",2332
"ENSG00000278917","ENSG00000278917",31.2575367335116,1.40568815657189,0.446679180288714,3.1469748728009,0.00164969138020672,0.0325459186222886,"19",43891233,43895411,"+",4179
"ENSG00000115233","PSMD14",1912.84219145342,-0.930472228348871,0.295741964833104,-3.14622995378409,0.00165389914252145,0.032554163566793,"2",161308425,161411717,"+",7311
"ENSG00000185585","OLFML2A",734.867140917302,2.24597404195748,0.713824385848227,3.14639578933496,0.00165296154738307,0.032554163566793,"9",124777133,124814885,"+",6771
"ENSG00000105122","RASAL3",724.060613484816,1.34676143728979,0.428228699786469,3.14495837845837,0.00166110460735197,0.0326709363654429,"19",15451624,15464544,"-",4654
"ENSG00000164056","SPRY1",4426.64721547995,1.78248953152819,0.566883040971436,3.14436912502028,0.00166445343422275,0.0327117352957086,"4",123396795,123403760,"+",3963
"ENSG00000006611","USH1C",84.4499859610695,-3.03874690117314,0.966636394267746,-3.1436297238478,0.00166866436323589,0.0327694018448169,"11",17493895,17544416,"-",4904
"ENSG00000174740","PABPC5",95.2037312619002,1.6560755377333,0.526846664837282,3.14337291713669,0.00167012918284454,0.0327730930703906,"X",91434595,91438584,"+",3450
"ENSG00000169418","NPR1",1557.00776528992,1.65487123321608,0.526683327745608,3.14206117041814,0.00167762982753914,0.0328199121825053,"1",153678688,153693992,"+",4952
"ENSG00000166391","MOGAT2",74.2323811103262,-3.1960800576783,1.01703396491887,-3.14254997170449,0.00167483121821388,0.0328199121825053,"11",75717838,75732958,"+",4120
"ENSG00000196600","SLC22A25",62.9665935954114,-2.80738329743479,0.893405520812837,-3.1423393207606,0.00167603676346564,0.0328199121825053,"11",63158437,63243599,"-",10252
"ENSG00000129467","ADCY4",1507.0611136086,1.33638735827807,0.425299670402309,3.1422252385334,0.00167668998377213,0.0328199121825053,"14",24318349,24335093,"-",8067
"ENSG00000223564","CYP4F32P",13.76876633442,2.35482151454913,0.749810054561558,3.14055739880159,0.0016862666013744,0.0329344664793784,"2",94759259,94760279,"-",504
"ENSG00000285921","ENSG00000285921",70.7473402285625,1.33613147473294,0.425426751342268,3.14068513678865,0.00168553136345375,0.0329344664793784,"11",96092374,96137827,"+",904
"ENSG00000107719","PALD1",870.487751925761,1.3345611493799,0.424969141602003,3.14037189700178,0.00168733484319876,0.0329344664793784,"10",70478767,70668754,"+",12543
"ENSG00000183160","TMEM119",882.725434756722,2.09659345263878,0.667703761769867,3.1400054525399,0.00168944690201429,0.032950633460487,"12",108589851,108598320,"-",3184
"ENSG00000145649","GZMA",97.9009203524985,1.89093280196182,0.602306586511674,3.13948551171152,0.00169244783403618,0.032984099131516,"5",55102646,55110252,"+",896
"ENSG00000211673","IGLV3-1",100.210464316277,1.83472409524315,0.584465586431923,3.13914820279476,0.0016943972946025,0.0329970374511096,"22",22880706,22881396,"+",398
"ENSG00000120949","TNFRSF8",93.3493086071957,2.46124187637542,0.78423237311253,3.13840892158918,0.00169867716097622,0.0330553045419081,"1",12063303,12144207,"+",3812
"ENSG00000187068","C3orf70",126.215951386176,1.36300363009436,0.434354496812316,3.13799820215355,0.00170105920333756,0.0330729343236565,"3",185076838,185153060,"-",7159
"ENSG00000182885","ADGRG3",222.611930281945,1.41637387495036,0.451389514846246,3.13780854088472,0.00170216021512254,0.0330729343236565,"16",57668277,57689378,"+",3240
"ENSG00000158220","ESYT3",178.118975639128,1.81954722858116,0.579932776132045,3.13751404208765,0.00170387112343729,0.0330811347392321,"3",138434586,138481686,"+",9816
"ENSG00000028277","POU2F2",213.008340077691,1.01622139974158,0.32415894226344,3.1349479136556,0.00171884627543164,0.033346657106201,"19",42086110,42196585,"-",9072
"ENSG00000185483","ROR1",191.632472056567,2.1155441574631,0.675073531864428,3.13379810880803,0.00172559537808545,0.0334270615617504,"1",63774017,64181498,"+",6718
"ENSG00000250073","ESAM-AS1",37.4158846992209,1.47715640690126,0.471362524698854,3.1338011180354,0.00172557768281717,0.0334270615617504,"11",124759129,124766119,"+",1765
"ENSG00000164236","ANKRD33B",165.875952523859,1.66546717690457,0.531524081580035,3.13338047065285,0.00172805285011979,0.0334494211945887,"5",10564070,10657816,"+",10043
"ENSG00000133878","DUSP26",80.0185879647273,2.66462768896759,0.850695797519621,3.13229205638121,0.00173447244282906,0.0335231206250704,"8",33591330,33600023,"-",1971
"ENSG00000204161","TMEM273",346.199029777246,1.64583754552403,0.525410775968724,3.13247771229953,0.00173337587385888,0.0335231206250704,"10",49154725,49188585,"-",4123
"ENSG00000106948","AKNA",1844.30475306742,0.91425050302123,0.291986124993314,3.13114365637122,0.00174126960856878,0.0335811421554569,"9",114334156,114394405,"-",10601
"ENSG00000214688","C10orf105",39.7163020242135,1.37117621962802,0.437918524567868,3.13112175599577,0.00174139947048401,0.0335811421554569,"10",71711701,71737824,"-",4891
"ENSG00000123360","PDE1B",303.234125953294,1.31062610125929,0.418524043039419,3.13154315279288,0.00173890229036393,0.0335811421554569,"12",54549601,54579239,"+",7367
"ENSG00000284791","SMIM41",252.272359477964,2.98714672459997,0.954297562170026,3.13020471078994,0.00174684524278937,0.0336608685035096,"12",52079704,52108255,"+",1430
"ENSG00000273211","ENSG00000273211",37.2219580632623,1.04233490368578,0.333078878503363,3.12939357899049,0.00175167510577765,0.0337286158589609,"3",48985485,48985963,"-",479
"ENSG00000137273","FOXF2",320.614697413612,2.0388690877882,0.651654480995003,3.12875787284556,0.00175546898017895,0.0337416087975025,"6",1389576,1395603,"+",2451
"ENSG00000156510","HKDC1",124.117904996416,-1.88252155047213,0.601716783140792,-3.12858408343856,0.00175650746409373,0.0337416087975025,"10",69220332,69267552,"+",4223
"ENSG00000172322","CLEC12A",142.526571140209,2.29537577197608,0.733660789609049,3.12866082593733,0.00175604881732704,0.0337416087975025,"12",9951316,9995694,"+",3256
"ENSG00000183527","PSMG1",608.144322195704,-1.03330987382139,0.330299796520966,-3.12839997089069,0.00175760825037055,0.0337416087975025,"21",39174769,39183488,"-",2152
"ENSG00000095303","PTGS1",688.548241944169,1.51217511112946,0.483456474702448,3.12784126442852,0.00176095257137625,0.0337553171392936,"9",122370530,122395703,"+",5784
"ENSG00000227355","ENSG00000227355",62.422743224596,2.19946537014227,0.703156442154292,3.12798864987096,0.00176006977977788,0.0337553171392936,"9",121369893,121463371,"+",2082
"ENSG00000136826","KLF4",1773.88391647385,1.32144556370429,0.422561441775576,3.12722703271662,0.00176463600769244,0.0338006809025685,"9",107484852,107490482,"-",3662
"ENSG00000188404","SELL",314.046870272914,1.48783944415814,0.475955579623474,3.1260048371219,0.00177198637127769,0.0339161627081167,"1",169690665,169711702,"-",2731
"ENSG00000290462","ENSG00000290462",156.263784885275,1.90046968611679,0.608315329790594,3.12415221686261,0.00178318183054361,0.0341050134460229,"18",14337423,14342524,"+",2876
"ENSG00000287237","ENSG00000287237",33.9259280807821,1.68770401675824,0.540333716409929,3.12344753899801,0.00178745726942154,0.0341613296606424,"12",94260548,94262299,"-",636
"ENSG00000287448","ENSG00000287448",96.5101644469864,-1.97614319019445,0.632737874008978,-3.12316248381618,0.00178918943838931,0.0341689920499542,"16",35499494,35522465,"+",1086
"ENSG00000038295","TLL1",405.850338325886,2.56625154790155,0.821907318395279,3.12231256549947,0.00179436322237895,0.0342198527485331,"4",165873237,166104457,"+",8105
"ENSG00000261371","PECAM1",12091.5398270213,1.88318610083913,0.603143178315701,3.12228699344324,0.00179451910233083,0.0342198527485331,"17",64319415,64413776,"-",7741
"ENSG00000226194","LINC02519",43.6027133692776,2.60299152771396,0.8338270349082,3.12174038348437,0.00179785405842385,0.0342579956329361,"6",169369577,169388385,"-",3106
"ENSG00000263335","ENSG00000263335",585.727277380371,2.13340388692066,0.683604750562164,3.12081489364469,0.00180351361227724,0.0343403441293175,"16",15726674,15732993,"+",836
"ENSG00000236841","ENSG00000236841",282.388621070705,1.3617426405706,0.436575063997869,3.1191489227549,0.00181374263917608,0.0345095124682968,"2",162159762,162173223,"+",4157
"ENSG00000287935","ENSG00000287935",11.365510659665,1.85354145750769,0.594414544469798,3.11826397040974,0.00181919788552465,0.0345876682427861,"11",1333250,1337068,"-",3283
"ENSG00000250334","LINC00989",38.0974785526532,2.16763921567468,0.69533888889431,3.11738527830875,0.00182462945585176,0.0346503813155337,"4",79491802,79623479,"+",6325
"ENSG00000008853","RHOBTB2",1753.3716873491,1.24342564293733,0.398879849521763,3.11729370242225,0.00182519638207043,0.0346503813155337,"8",22987417,23020509,"+",7408
"ENSG00000236423","LINC01134",117.298950684522,-1.31603309804429,0.422374621399242,-3.11579586312392,0.00183449218175356,0.0347811051731508,"1",3900347,3917225,"+",4676
"ENSG00000171016","PYGO1",169.929541096268,1.45601129588606,0.467307202015414,3.11574760587156,0.00183479239507719,0.0347811051731508,"15",55538884,55588947,"-",9005
"ENSG00000182389","CACNB4",324.934597566128,1.96395163381823,0.630512661701351,3.11484884144718,0.00184039195711676,0.0348615058031851,"2",151832771,152099167,"-",35957
"ENSG00000278060","ENSG00000278060",53.310058703842,-2.08709045808903,0.670106671089412,-3.11456451358108,0.00184216666859742,0.0348693892941666,"2",72932974,72934355,"-",473
"ENSG00000256100","ENSG00000256100",5284.64266757307,-0.769010859508915,0.247182300616246,-3.11110810762627,0.00186386689321287,0.0352281822887296,"11",63974620,63988346,"+",559
"ENSG00000264452","ENSG00000264452",134.871606790456,-1.31845589800238,0.423767780778228,-3.11126979871169,0.00186284654093275,0.0352281822887296,"21",44439035,44439110,"+",76
"ENSG00000284368","MIR5047",1223.2007784567,0.926451590076432,0.298051583492364,3.10835989938691,0.00188128818316228,0.0355312905056852,"17",64501214,64501313,"-",100
"ENSG00000153086","ACMSD",433.756327126439,-2.1647063900996,0.696475598621579,-3.10808647766533,0.00188302959877054,0.035538029935032,"2",134838616,134902034,"+",2716
"ENSG00000142405","NLRP12",35.7273071180791,1.19783770688705,0.385492845130711,3.10728907687221,0.00188811668209619,0.0356078551648514,"19",53793741,53824403,"-",4959
"ENSG00000289424","ENSG00000289424",18.8695685148373,2.24754545599255,0.723426856810273,3.10680400490301,0.00189121741002164,0.0356291747459134,"14",52311053,52314099,"-",765
"ENSG00000137841","PLCB2",1160.30173810367,1.4403317588827,0.463624406310293,3.10667803350869,0.00189202342224179,0.0356291747459134,"15",40278176,40307935,"-",7349
"ENSG00000196639","HRH1",233.35497885912,1.48432054964609,0.477926065273095,3.1057534993366,0.00189794860051287,0.0356426586508631,"3",11137093,11263557,"+",5581
"ENSG00000196511","TPK1",183.900628748817,0.97014518306828,0.312390265435084,3.10555510338039,0.00189922230446615,0.0356426586508631,"7",144451941,144836395,"-",8438
"ENSG00000160447","PKN3",618.270208251689,0.836757201457301,0.269426708453505,3.10569507477653,0.00189832360522985,0.0356426586508631,"9",128702503,128720916,"+",3393
"ENSG00000149451","ADAM33",1098.61810828848,2.14939286038899,0.692090459951693,3.10565306815386,0.00189859327159124,0.0356426586508631,"20",3667965,3682246,"-",5386
"ENSG00000104979","C19orf53",2502.82341604642,-0.596487972873462,0.192075723294717,-3.10548341373794,0.00189968274571943,0.0356426586508631,"19",13774456,13778773,"+",1197
"ENSG00000122679","RAMP3",1692.07736064273,2.15166506032571,0.693034303960014,3.10470210209083,0.00190470752965826,0.0357108313833007,"7",45157791,45186302,"+",1427
"ENSG00000010932","FMO1",111.594213937289,2.38385061930736,0.76804450670045,3.10379229134582,0.00191057410015954,0.0357946754954707,"1",171248471,171285978,"+",3602
"ENSG00000259546","ENSG00000259546",128.268864638098,1.76423132009989,0.568603584912281,3.10274392725128,0.00191735465400326,0.0358955083182362,"15",80896190,80948867,"-",683
"ENSG00000021852","C8B",2446.72751895017,-3.24421079899025,1.0456822422815,-3.10248244429581,0.00191904929934864,0.0358988166574484,"1",56929207,56974383,"-",3931
"ENSG00000257594","GALNT4",902.483925492897,-1.07791922461515,0.347459746975064,-3.10228518267039,0.00192032864264139,0.0358988166574484,"12",89519412,89524796,"-",5385
"ENSG00000177888","ZBTB41",1571.92879427533,-0.759601415159656,0.244894367575783,-3.1017512680221,0.00192379528396206,0.0359076340415053,"1",197153682,197201293,"-",8679
"ENSG00000109193","SULT1E1",49.2651585005974,3.16763026097871,1.02130017548942,3.10156635336004,0.00192499725098809,0.0359076340415053,"4",69841212,69860145,"-",2084
"ENSG00000278420","MIR6819",118.25790521153,0.851599593299137,0.274547373501578,3.10183114279271,0.00192327630173997,0.0359076340415053,"22",36286847,36286907,"-",61
"ENSG00000175899","A2M",64289.8544320872,1.94316703117797,0.626578510768818,3.10123471804624,0.00192715464702981,0.0359217707518621,"12",9067664,9116229,"-",6318
"ENSG00000140538","NTRK3",393.637188210968,2.37186660147134,0.764958007562034,3.10064941869243,0.00193096762821663,0.0359667243203455,"15",87859751,88256791,"-",26773
"ENSG00000120057","SFRP5",137.928738950482,-2.36091889006976,0.761592858468783,-3.09997509012427,0.00193536918483422,0.036006479068053,"10",97766751,97771999,"-",1883
"ENSG00000120645","IQSEC3",201.44179390093,2.22852318266396,0.718903330295857,3.09989269593012,0.00193590762901442,0.036006479068053,"12",66767,178455,"+",7679
"ENSG00000003400","CASP10",518.857422296715,1.32319143172061,0.427012196485275,3.09872046422036,0.00194358305010044,0.0360969219587033,"2",201182872,201229428,"+",8920
"ENSG00000247982","LINC00926",142.511123290325,0.85820289928944,0.276946990279518,3.09879843223163,0.0019430716728893,0.0360969219587033,"15",57300365,57307769,"+",3669
"ENSG00000204044","SLC12A5-AS1",469.447612415346,2.23954114449734,0.722781171476911,3.09850509791383,0.00194499623847508,0.0360970487729138,"20",46013500,46022073,"-",2244
"ENSG00000075213","SEMA3A",198.504959947565,1.9552404991552,0.631234207202369,3.09748818559886,0.00195168175580785,0.0361949534872256,"7",83955777,84492724,"-",9259
"ENSG00000090554","FLT3LG",240.483772788697,1.29596998295877,0.418560061677246,3.09625810395187,0.00195979691142592,0.0363192110653928,"19",49474207,49486231,"+",2846
"ENSG00000274396","ENSG00000274396",61.5235113126142,1.88106000575599,0.607579670566714,3.09598904782553,0.00196157606562193,0.036325954456218,"7",27099856,27099957,"+",102
"ENSG00000094975","SUCO",2703.05827177473,-0.796007451092964,0.257157419776567,-3.09540923137501,0.00196541518793041,0.0363446049197477,"1",172532349,172611833,"+",7894
"ENSG00000128524","ATP6V1F",2935.12072118138,-0.563591361579255,0.182062939169781,-3.09558531873247,0.0019642485370022,0.0363446049197477,"7",128862856,128865847,"+",762
"ENSG00000249695","ENSG00000249695",36.0897348633285,2.49011550746779,0.804514849913538,3.09517656229143,0.0019669576915294,0.036346942453913,"12",137411,149169,"-",5439
"ENSG00000174059","CD34",2140.63053895488,1.88487274309854,0.609221994261105,3.09390133786061,0.00197543167785037,0.036477269694522,"1",207880972,207911402,"-",9219
"ENSG00000123843","C4BPB",1672.81548671552,-2.79114507264063,0.902260087496318,-3.09350387024852,0.00197807972979483,0.036490360334874,"1",207088860,207099993,"+",3201
"ENSG00000172986","GXYLT2",327.520800130992,1.13218319322061,0.366003365615581,3.09336825719183,0.00197898397109692,0.036490360334874,"3",72888046,72998138,"+",3683
"ENSG00000234431","ENSG00000234431",523.151831021214,0.662207786433641,0.214130580922717,3.09254186665025,0.0019845023870605,0.0365658454907982,"2",201166965,201167546,"+",445
"ENSG00000184385","UMODL1-AS1",13.2708592180523,2.48284704988485,0.803104695934976,3.09156086678626,0.00199107157671308,0.0366605696983463,"21",42102134,42108534,"-",2141
"ENSG00000261468","ENSG00000261468",43.5199982474385,1.78374624056669,0.577134205297578,3.09069575879144,0.00199688126047673,0.0367411837366712,"3",30697661,30699576,"+",1916
"ENSG00000156313","RPGR",724.389611438412,1.17558780318933,0.380484303427851,3.08971432618441,0.00200349096357818,0.0368363915201727,"X",38269163,38327544,"-",8358
"ENSG00000285569","ENSG00000285569",17.2371108688496,2.09519658748152,0.678260296486797,3.08907450183074,0.00200781082602939,0.036889391890978,"2",11405508,11427186,"+",9502
"ENSG00000101347","SAMHD1",3726.35178082198,0.913267264213145,0.295975833106134,3.08561430380587,0.00203132130585609,0.0372946523300489,"20",36890229,36951893,"-",10835
"ENSG00000162194","LBHD1",2556.30839205135,-0.890617287890113,0.288735877586153,-3.084539736924,0.00203867374346092,0.0374028870431819,"11",62662817,62672267,"-",3726
"ENSG00000255819","KLRC4-KLRK1",157.620729626415,1.75611956360946,0.569846714612157,3.08174026203642,0.0020579432222657,0.0377294490613527,"12",10372353,10410146,"-",2592
"ENSG00000182329","KIAA2012",32.0635627585963,2.33213867018426,0.756931417799793,3.08104356001392,0.00206276469086111,0.0377664488616511,"2",202073255,202205188,"+",7962
"ENSG00000086598","TMED2",10286.5831643514,-0.765573883506832,0.248480383702667,-3.08102342767999,0.00206290416893423,0.0377664488616511,"12",123584533,123598582,"+",3833
"ENSG00000169230","PRELID1",5366.24460098317,-0.739726486205559,0.240226634966638,-3.07928588479912,0.00207497462257559,0.0379098437932054,"5",177303799,177306949,"+",1840
"ENSG00000178175","ZNF366",326.727228045871,1.55675504795505,0.505498494723357,3.07964329113781,0.0020724864937399,0.0379098437932054,"5",72439903,72507410,"-",6407
"ENSG00000272162","ENSG00000272162",774.004984034848,-0.630078475305314,0.204620217772373,-3.07925816014054,0.00207516774572227,0.0379098437932054,"6",10747794,10930423,"+",1589
"ENSG00000244731","C4A",4836.37211917154,-1.13214222634656,0.367701309387671,-3.07897251775336,0.00207715842051856,0.0379192213225106,"6",31982057,32002681,"+",7158
"ENSG00000244675","ENSG00000244675",141.79411984101,-1.29303163611791,0.420179248096468,-3.07733340467362,0.00208861549432898,0.0380471922590077,"3",194496317,194501503,"-",2969
"ENSG00000288796","ENSG00000288796",101.127429360146,2.49758531019036,0.811550043371937,3.07754935211766,0.00208710275670017,0.0380471922590077,"4",73981074,73988190,"-",1101
"ENSG00000170915","PAQR8",191.550814668036,1.07143979131347,0.348166242964462,3.07737988091752,0.00208828983778766,0.0380471922590077,"6",52361421,52407777,"+",5034
"ENSG00000181322","NME9",55.2430422391516,1.73446839660326,0.563667555617907,3.07711234985291,0.00209016505131513,0.0380484158667415,"3",138261437,138329886,"-",4119
"ENSG00000132514","CLEC10A",128.299488952079,2.34866836306243,0.763367934707503,3.07671865201197,0.00209292741830164,0.0380716995361787,"17",7074537,7080307,"-",2469
"ENSG00000150471","ADGRL3",115.356897053845,1.85956195939292,0.604573547098468,3.07582422075449,0.00209921561291176,0.0381590418814491,"4",61200326,62078335,"+",14923
"ENSG00000141968","VAV1",466.33615025824,1.96115572049837,0.637689350118718,3.07540924140142,0.00210213895741064,0.0381851384429292,"19",6772708,6857366,"+",4311
"ENSG00000091592","NLRP1",1670.2654064236,1.54597183035986,0.502809356067801,3.07466798639164,0.00210737006123097,0.0382530886574366,"17",5499415,5619424,"-",20157
"ENSG00000121440","PDZRN3",532.400727028146,1.41435641909094,0.460049951423887,3.07435402332597,0.00210958932404793,0.0382663103747973,"3",73382431,73624941,"-",6139
"ENSG00000238221","ENSG00000238221",534.168215622412,-0.511627728915532,0.16646634609465,-3.07346043761078,0.00211591741345789,0.0383153625755313,"6",7276031,7298872,"+",500
"ENSG00000011465","DCN",21507.8247915752,1.72639645338141,0.561732991775083,3.07333996517807,0.00211677189122622,0.0383153625755313,"12",91140484,91183217,"-",12941
"ENSG00000100985","MMP9",880.234773016138,2.35904414274031,0.767514875664152,3.07361357745537,0.00211483169134428,0.0383153625755313,"20",46008908,46016561,"+",2336
"ENSG00000243701","DUBR",382.744482687013,1.43977542536495,0.46886975580676,3.07073639861373,0.00213531576119309,0.0386237841032721,"3",107220744,107348464,"+",15322
"ENSG00000168329","CX3CR1",22.5774723442713,1.37572518197709,0.448384252282781,3.06818353894702,0.00215364299485698,0.0389075182322371,"3",39263495,39281735,"-",3656
"ENSG00000256940","PPP1R14B-AS1",215.417701037039,-0.646916272588053,0.210850392130598,-3.06812933118645,0.00215403371675727,0.0389075182322371,"11",64245838,64248221,"+",975
"ENSG00000163464","CXCR1",54.0252210614062,1.445216378495,0.471197809007337,3.06711183895276,0.00216137972645644,0.0390127520667773,"2",218162841,218166962,"-",2459
"ENSG00000235387","SPAAR",71.2962718539567,2.2617844841596,0.737616062049929,3.066343861702,0.00216693950963707,0.0390856193913244,"9",35909490,35937153,"+",2902
"ENSG00000182179","UBA7",1819.99378941223,0.967911607747404,0.315714090779563,3.06578526589495,0.00217099170560791,0.0391215312742605,"3",49805209,49813953,"-",4550
"ENSG00000277351","ENSG00000277351",15.3819987262137,2.30509365760835,0.75191041478718,3.06564932773379,0.00217197888595555,0.0391215312742605,"15",65049188,65049802,"-",615
"ENSG00000060718","COL11A1",536.79655312079,2.04303066048839,0.666565611783347,3.06501059216424,0.00217662288314191,0.0391776855130458,"1",102876467,103108872,"-",9091
"ENSG00000126895","AVPR2",36.2270025597279,2.30708934530552,0.752995154083172,3.06388338994634,0.00218484054184575,0.0392705396880873,"X",153902531,153907166,"+",2293
"ENSG00000120820","GLT8D2",328.10145709556,1.53904501339802,0.502318428563133,3.06388323797002,0.00218484165171577,0.0392705396880873,"12",103988987,104064183,"-",3268
"ENSG00000185985","SLITRK2",72.4468103665433,2.45138574281565,0.800266031414216,3.06321353973204,0.00218973742216375,0.0393057445075925,"X",145817829,145829856,"+",11884
"ENSG00000075089","ACTR6",1055.77413391212,-0.664138165583816,0.216812141440001,-3.06319637439495,0.00218986303992899,0.0393057445075925,"12",100199122,100241865,"+",3813
"ENSG00000267102","ENSG00000267102",35.2772261635658,1.94868800305104,0.63630262476073,3.06251762482326,0.0021948354992376,0.0393674652403434,"17",35409602,35410228,"-",627
"ENSG00000158104","HPD",4077.97423894908,-2.72620313614803,0.890720911120428,-3.06067040990289,0.0022084204852,0.0395558468901803,"12",121839527,121863596,"-",2223
"ENSG00000186187","ZNRF1",1768.28093600291,-0.811773355679077,0.265216273107413,-3.06079768849744,0.00220748197303901,0.0395558468901803,"16",74999024,75110994,"+",8830
"ENSG00000122861","PLAU",828.266850140493,1.31696580322312,0.430413704141771,3.05976735998473,0.00221508979883905,0.0396325373620379,"10",73909177,73917496,"+",2949
"ENSG00000100522","GNPNAT1",2328.59042161749,-0.981162784802042,0.320675738291952,-3.05967264635644,0.00221579035783396,0.0396325373620379,"14",52775193,52791668,"-",4010
"ENSG00000253552","HOXA-AS2",226.726572885428,1.62452516955901,0.53101601050109,3.059277192087,0.00221871756992266,0.039657258960449,"7",27107777,27134302,"+",5431
"ENSG00000171608","PIK3CD",1153.78331947002,1.00984070982602,0.330117959988893,3.05902989907,0.00222054987063684,0.0396623893734418,"1",9629889,9729114,"+",9567
"ENSG00000102245","CD40LG",33.7620288845168,1.92567238580996,0.629616917229045,3.05848259968121,0.00222460997970152,0.0396998293943245,"X",136648158,136660390,"+",6887
"ENSG00000258498","DIO3OS",809.703202873038,1.50149143784762,0.490951331996817,3.05833051056342,0.00222573945137464,0.0396998293943245,"14",101552221,101620355,"-",8327
"ENSG00000289033","ENSG00000289033",124.769496763867,-1.27208974275208,0.416103815112116,-3.05714510790853,0.00223456072860491,0.0398294932090987,"2",9996244,10009762,"-",857
"ENSG00000272674","PCDHB16",201.595438977642,1.61925940364363,0.529907667099764,3.05573877144671,0.00224506764786727,0.0399259153338885,"5",141182387,141186226,"+",3840
"ENSG00000204131","NHSL2",584.027863195317,1.53616194591939,0.502716189745068,3.0557240392405,0.00224517795324837,0.0399259153338885,"X",71910845,72161750,"+",17679
"ENSG00000176340","COX8A",5458.60339863423,-0.797521625617233,0.261004256955968,-3.05558857513875,0.00224619245498636,0.0399259153338885,"11",63974620,63976543,"+",494
"ENSG00000101463","SYNDIG1",32.4165064036192,2.1964838568074,0.718840135221527,3.05559435149027,0.00224614918684538,0.0399259153338885,"20",24469629,24666616,"+",2417
"ENSG00000174348","PODN",2899.57627392775,1.64111118972887,0.537236569915902,3.05472724983291,0.00225265282262512,0.0399853665271915,"1",53062052,53085501,"+",4899
"ENSG00000113262","GRM6",105.544981625897,-1.7788064589898,0.582292361218499,-3.05483392443529,0.0022518517874868,0.0399853665271915,"5",178977587,178996206,"-",8282
"ENSG00000115944","COX7A2L",3061.93358504692,-0.502698181332764,0.164579983971657,-3.05443085605924,0.00225487985732408,0.0399972365569712,"2",42333546,42425088,"-",5605
"ENSG00000133083","DCLK1",1745.72449069536,1.59939366020845,0.523776650899709,3.05357953139208,0.00226128773810909,0.0400831991533467,"13",35768652,36131382,"-",14451
"ENSG00000158079","PTPDC1",591.929881493612,0.817720733601516,0.26784733307315,3.05293588037404,0.00226614353955015,0.0401138663652646,"9",94030794,94109856,"+",6369
"ENSG00000123329","ARHGAP9",779.727750935259,1.59743174320109,0.52322334902438,3.05305897792924,0.00226521413468339,0.0401138663652646,"12",57472264,57488814,"-",5118
"ENSG00000103196","CRISPLD2",5778.52484194966,1.55061657304253,0.507997857179211,3.05240770434098,0.00227013531390383,0.0401568319103857,"16",84819985,84920768,"+",7962
"ENSG00000283199","C13orf46",45.3178318830027,1.2395861555617,0.406252037038613,3.05127369845996,0.00227872751489068,0.0402810600032362,"13",113953705,113974076,"-",3833
"ENSG00000144893","MED12L",181.622010384861,1.72424283957015,0.56517406224951,3.05081735829721,0.00228219353784398,0.0402868373699048,"3",151085286,151437072,"+",14345
"ENSG00000184194","GPR173",163.967609059482,1.34675794460424,0.44142273554812,3.05094830000532,0.00228119850757122,0.0402868373699048,"X",53048789,53080615,"+",4910
"ENSG00000114841","DNAH1",917.732439683254,0.90721536606242,0.297427501182964,3.0502067308979,0.00228683896747554,0.0403098869922002,"3",52316319,52400492,"+",13873
"ENSG00000157399","ARSL",276.699455322925,-2.05839754917341,0.67482480294795,-3.05026955171382,0.0022863606503043,0.0403098869922002,"X",2934045,2968475,"-",5282
"ENSG00000198804","MT-CO1",383776.051503546,0.976732645145768,0.320237415327506,3.05002663148173,0.00228821075106696,0.0403098869922002,"MT",5904,7445,"+",1542
"ENSG00000128165","ADM2",433.603577962555,-1.50774192682502,0.494524648255192,-3.04887113745435,0.00229702988013827,0.0404374937815562,"22",50481543,50486440,"+",4289
"ENSG00000112234","FBXL4",1018.81410252975,-0.524830463266315,0.1723014297357,-3.04600178925604,0.00231906455109471,0.0407694724883205,"6",98868535,98948006,"-",8118
"ENSG00000126458","RRAS",2606.75286642735,0.761180455754345,0.249881223959603,3.04616907061973,0.00231777464729592,0.0407694724883205,"19",49635292,49640143,"-",1102
"ENSG00000187688","TRPV2",685.897261323822,1.36119806259873,0.446998522828295,3.04519588562847,0.00232528807878385,0.040850902887163,"17",16415571,16437003,"+",3381
"ENSG00000111012","CYP27B1",291.090958216397,-0.813820577528595,0.26727258333989,-3.04490856248305,0.00232751060542821,0.040861979965476,"12",57762334,57768986,"-",3284
"ENSG00000161835","TAMALIN",1580.67487596973,1.48768702144826,0.488798699014332,3.04355765358663,0.00233798637121719,0.0409898198019341,"12",52006946,52015889,"+",2823
"ENSG00000070526","ST6GALNAC1",63.1171439044395,2.58557929990097,0.849510494890161,3.04361077991776,0.00233757358320701,0.0409898198019341,"17",76624761,76643786,"-",3396
"ENSG00000018625","ATP1A2",245.662163579788,2.13446593041496,0.701609030084557,3.04224409733968,0.00234821386745113,0.0411410275330158,"1",160115759,160143591,"+",6298
"ENSG00000223756","TSSC2",52.3694911663355,1.98546417540461,0.652738993636743,3.04174286316583,0.00235212731993093,0.0411814815284224,"11",3401759,3408810,"+",751
"ENSG00000184160","ADRA2C",543.365467712276,2.08453171019381,0.685505858654352,3.040866367336,0.00235898503274178,0.0412733938891501,"4",3766348,3768526,"+",2179
"ENSG00000213809","KLRK1",152.463468694484,1.83999235834538,0.60553918375547,3.03860164248002,0.00237678911109732,0.0415565709227077,"12",10372353,10391874,"-",3044
"ENSG00000197635","DPP4",366.220126554484,1.95045652125148,0.642023618371431,3.03798250631191,0.00238167780241485,0.0415794796401371,"2",161992245,162074394,"-",14432
"ENSG00000236107","SCN1A-AS1",18.4247568204887,2.55497340343719,0.841099268427732,3.03765976186522,0.00238422983691706,0.0415794796401371,"2",165957188,166390771,"+",18900
"ENSG00000146416","AIG1",1947.01931937536,-1.16728247548732,0.38423905738561,-3.03790687867493,0.00238227558776059,0.0415794796401371,"6",143060496,143341058,"+",8431
"ENSG00000266036","SLC9A3R1-AS1",2260.49165948558,-1.26455033832147,0.416297024552494,-3.03761560554226,0.00238457918846308,0.0415794796401371,"17",74747319,74748912,"-",565
"ENSG00000153563","CD8A",282.34654897789,1.62815360018006,0.536230726096042,3.03629300027924,0.00239506499183263,0.0417162603404831,"2",86784610,86808396,"-",3976
"ENSG00000260710","ENSG00000260710",361.228041197735,-1.36451238275189,0.449412108263752,-3.0362163316505,0.00239567412404536,0.0417162603404831,"16",1294354,1300721,"-",1681
"ENSG00000152527","PLEKHH2",1319.82824619806,2.16368754877888,0.712785651700389,3.03553746293473,0.00240107392610274,0.0417536344588612,"2",43637260,43767987,"+",9848
"ENSG00000114771","AADAC",1169.01578017293,-2.6951519629391,0.887855197940749,-3.03557603671197,0.002400766807428,0.0417536344588612,"3",151814073,151828488,"+",1632
"ENSG00000139675","HNRNPA1L2",148.748901606635,0.660218876491623,0.217535379509756,3.03499540157336,0.00240539354335112,0.0418004306548362,"13",52642431,52643773,"+",1343
"ENSG00000019186","CYP24A1",87.4763061774665,3.56092847953699,1.17362920362866,3.03411713727573,0.00241240742028452,0.0418939521356175,"20",54153446,54173986,"-",3988
"ENSG00000198648","STK39",1961.44939561205,-1.05021291636449,0.346205194241846,-3.033498439168,0.00241735961757091,0.041951568156993,"2",167954020,168247595,"-",3701
"ENSG00000166317","SYNPO2L",67.2190162119328,2.54912128880781,0.840489476209619,3.03290089996565,0.00242215128541585,0.042006322326195,"10",73644881,73663803,"-",5104
"ENSG00000084234","APLP2",16830.6172099856,0.681718493010614,0.224793713635888,3.03264037941396,0.00242424312015261,0.0420142121302883,"11",130068147,130144811,"+",7463
"ENSG00000048544","MRPS10",1361.26316285673,-0.7294781042535,0.240636740066162,-3.03144941230892,0.00243382699474019,0.0421518471484457,"6",42206807,42217861,"-",2100
"ENSG00000068976","PYGM",94.9390525436486,0.934684994861685,0.308365000764528,3.03109948452102,0.00243664949500606,0.042172274166096,"11",64746389,64759974,"-",4658
"ENSG00000202252","SNORD14C",135.909407947187,1.35263234160388,0.446334547707034,3.03053471561365,0.00244121121271465,0.04222275484956,"11",123059335,123059422,"-",88
"ENSG00000120265","PCMT1",3189.1463462039,-0.765435337372016,0.252660077821796,-3.02950645773127,0.00244953666949481,0.0423382206706554,"6",149749443,149811420,"+",2832
"ENSG00000101842","VSIG1",11.3062799727398,1.78021745633682,0.587752943018698,3.0288533260142,0.00245483834128862,0.0423885624082639,"X",108044970,108079184,"+",3769
"ENSG00000286190","ENSG00000286190",341.994934963526,1.50683200805918,0.497511035660041,3.02874087216997,0.00245575222274081,0.0423885624082639,"17",5499427,5501006,"-",1500
"ENSG00000204950","LRRC10B",251.656581902714,1.77461167821075,0.586063451900597,3.02801970069232,0.0024616203889637,0.0424043023647862,"11",61508749,61511018,"+",2270
"ENSG00000170190","SLC16A5",414.707992602989,1.2546801355166,0.414333195496928,3.0281911976949,0.00246022375763901,0.0424043023647862,"17",75087727,75106162,"+",3089
"ENSG00000284186","MIR3615",1314.07291237279,-1.25139762277006,0.413237087208932,-3.02828003948579,0.00245950053608988,0.0424043023647862,"17",74748613,74748699,"+",87
"ENSG00000095713","CRTAC1",195.356657547983,1.84635009049207,0.60996064635438,3.02699871135516,0.00246995011344648,0.0425192552393231,"10",97865000,98030828,"-",3553
"ENSG00000106809","OGN",331.196938885741,2.33595920705116,0.771938325595595,3.02609564727705,0.00247733923251957,0.0426178727084985,"9",92383268,92404696,"-",4020
"ENSG00000196843","ARID5A",2186.99339420658,1.20322405886064,0.397661664524464,3.02574818294214,0.00248018766545712,0.0426382965902799,"2",96536743,96552634,"+",3561
"ENSG00000068831","RASGRP2",862.077357224372,1.65869011732658,0.548436104114811,3.02439993443493,0.0024912686924007,0.0427715006875242,"11",64726911,64745456,"-",6084
"ENSG00000105409","ATP1A3",153.194424974909,1.2291992775246,0.406407519316799,3.02454856049655,0.00249004494239932,0.0427715006875242,"19",41966582,41997497,"-",5983
"ENSG00000204338","CYP21A1P",811.370799439644,-1.33378040650698,0.441099361730921,-3.02376408180026,0.0024965103596163,0.042804229392299,"6",32005689,32008399,"+",1481
"ENSG00000185386","MAPK11",956.324076084684,0.988576276706311,0.326923505170497,3.02387641473118,0.00249558360711318,0.042804229392299,"22",50263713,50270767,"-",2688
"ENSG00000171044","XKR6",136.758017610763,1.38704687588922,0.458784562464107,3.02330764670779,0.00250027921242953,0.0428212178127226,"8",10896045,11201833,"-",5676
"ENSG00000151465","CDC123",1701.40538897033,-0.749661939863557,0.247966396684901,-3.02324004335224,0.00250083786579153,0.0428212178127226,"10",12195965,12250589,"+",2298
"ENSG00000241666","ENSG00000241666",67.1039461711395,1.42967408439861,0.472947680382968,3.02290114466982,0.00250364014186094,0.0428273990976003,"1",167627385,167630674,"-",2523
"ENSG00000121552","CSTA",159.289119408678,1.33402835363838,0.44134067783792,3.0226725534878,0.00250553193224604,0.0428273990976003,"3",122325248,122341969,"+",1366
"ENSG00000187987","ZSCAN23",21.7445614260258,2.60610114188966,0.862265046033293,3.02238987174373,0.00250787317737535,0.0428273990976003,"6",28431930,28443502,"-",3283
"ENSG00000124208","PEDS1-UBE2V1",6374.04512795369,-0.542383064719225,0.179448042773457,-3.02250755336436,0.00250689826395371,0.0428273990976003,"20",50081124,50153637,"-",2757
"ENSG00000166897","ELFN2",40.9916889751129,1.42426115132023,0.471378798493448,3.0214790225446,0.00251543069195829,0.0429278986505941,"22",37367960,37427479,"-",8791
"ENSG00000086730","LAT2",466.020831599505,1.07857765354502,0.357063675827483,3.02068713947297,0.00252201804175672,0.0430117189885512,"7",74199652,74229834,"+",4545
"ENSG00000143382","ADAMTSL4",2475.48479122831,1.16391719975938,0.385482015323737,3.01938132906641,0.00253291501388701,0.0431529596223153,"1",150549369,150560937,"+",6432
"ENSG00000286707","ENSG00000286707",17.7522449506283,1.60385641454105,0.531202822083643,3.01929196883767,0.00253366229597651,0.0431529596223153,"2",26298570,26306340,"+",2782
"ENSG00000211594","IGKJ4",651.206877691432,1.44825230550777,0.479716331180354,3.01897644790269,0.00253630247844506,0.0431692809776189,"2",88860886,88860922,"-",37
"ENSG00000204822","MRPL53",1250.43346215962,-0.683559826194853,0.226472308218909,-3.01829319253514,0.00254202837646727,0.0431939889806407,"2",74471982,74472687,"-",685
"ENSG00000185477","GPRIN3",875.005802835321,1.46888454396393,0.486675536953284,3.01820090066481,0.00254280271748736,0.0431939889806407,"4",89236383,89307800,"-",14998
"ENSG00000166492","FAM86GP",23.8823716886449,1.96478678873488,0.650950449648957,3.01833540447578,0.00254167428457602,0.0431939889806407,"11",3410352,3422496,"-",971
"ENSG00000157131","C8A",2201.79332977853,-5.4225493517272,1.79715249636018,-3.0173006256896,0.00255036746772717,0.0432938371654454,"1",56854768,56918223,"+",4674
"ENSG00000155115","GTF3C6",1300.47557254227,-1.04822714952348,0.347545083376281,-3.01608970939916,0.0025605749079925,0.0434213731042528,"6",110958706,110967890,"+",921
"ENSG00000246548","LINC02288",28.0051812764455,1.41781184196257,0.470095495744857,3.01600814046532,0.00256126383604779,0.0434213731042528,"14",77041064,77069503,"+",2924
"ENSG00000236272","SCUBE1-AS2",112.303784062206,3.44070101729218,1.14121763680415,3.01493852384501,0.00257031347524455,0.0435460303426415,"22",43212674,43213661,"+",531
"ENSG00000139714","MORN3",87.7417814502569,1.12305128235506,0.372527037381212,3.01468395488789,0.00257247159425834,0.0435538445975124,"12",121648742,121672631,"-",3856
"ENSG00000009694","TENM1",96.0885629321162,2.59942719820052,0.862348316800925,3.01435875452703,0.0025752309043214,0.0435718204490556,"X",124375903,125204312,"-",13547
"ENSG00000290788","ENSG00000290788",848.276443831421,-1.33102396827165,0.441733333016191,-3.01318435532884,0.00258521817744025,0.0436832093221586,"6",32005636,32008451,"+",1971
"ENSG00000105352","CEACAM4",31.459840107458,1.63397987163854,0.542249140159777,3.013337874832,0.00258391061457429,0.0436832093221586,"19",41619015,41627074,"-",1320
"ENSG00000131668","BARX1",20.9159993428421,-2.51604845162371,0.835122635751024,-3.01278919276453,0.00258858665636582,0.0437113511243036,"9",93951627,93955355,"-",1755
"ENSG00000133315","MACROD1",1876.85402647435,-0.778109862542484,0.258339087678409,-3.01197108627676,0.00259557318859661,0.0438005108689739,"11",63998558,64166113,"-",2096
"ENSG00000186417","GLDN",457.302985114417,2.30214839449329,0.764676885030394,3.01061590792271,0.00260718419357184,0.043967540536405,"15",51341655,51408005,"+",7110
"ENSG00000289020","ENSG00000289020",74.6475741133364,-3.37948658881662,1.1232168122613,-3.00875712678564,0.00262318724775232,0.0441811753112458,"6",106702878,106718275,"+",2558
"ENSG00000266947","ENSG00000266947",42.7131704619891,1.48292898721672,0.492880128133613,3.00870110716802,0.00262367093592205,0.0441811753112458,"17",35231450,35242963,"-",3119
"ENSG00000105371","ICAM4",51.3530717440196,1.94984017849984,0.648100645064583,3.00854534453602,0.0026250162601648,0.0441811753112458,"19",10286955,10288522,"+",1439
"ENSG00000286883","ENSG00000286883",1429.09187803977,-0.613117066532851,0.203834067415186,-3.00792244548603,0.00263040255460757,0.044213845690316,"2",74465339,74472961,"+",978
"ENSG00000289421","ENSG00000289421",22.3592651082307,-1.34201533920225,0.446139991315758,-3.00805882755404,0.00262922237682595,0.044213845690316,"21",46448403,46458540,"-",411
"ENSG00000284425","MIR8072",29.1001886414796,-0.987735757527198,0.328552784388448,-3.00632289379535,0.00264428041517326,0.044418027104877,"12",123364764,123364843,"-",80
"ENSG00000079819","EPB41L2",2625.14658061741,1.53007550098196,0.509054711119336,3.00571916448341,0.00264953580137577,0.0444481277215111,"6",130839347,131063322,"-",10320
"ENSG00000135363","LMO2",923.897512557973,1.18131494531151,0.393012876516467,3.00579196229468,0.00264890159997908,0.0444481277215111,"11",33858576,33892076,"-",2896
"ENSG00000203804","ADAMTSL4-AS1",611.450311277024,1.36227337326957,0.45330601040444,3.00519592064122,0.00265409829267456,0.0444872192514972,"1",150560202,150562115,"-",1914
"ENSG00000267396","ENSG00000267396",257.048222902669,1.1333363334967,0.37714335218149,3.00505451558724,0.00265533252399165,0.0444872192514972,"18",58398618,58400093,"-",824
"ENSG00000009844","VTA1",1710.99874858535,-0.908819427856714,0.302540109531709,-3.00396343897489,0.00266487346533347,0.04461794340164,"6",142147162,142224685,"+",7258
"ENSG00000165215","CLDN3",3102.2851953966,-0.915843726096707,0.305011595005204,-3.00265216501386,0.00267638137709561,0.0447814086088091,"7",73768997,73770270,"-",1274
"ENSG00000181215","C4orf50",60.8314680024985,1.24483935147912,0.41465042714088,3.00214173192248,0.00268087327173038,0.044798160329104,"4",5897373,6200555,"-",20673
"ENSG00000169758","TMEM266",59.4926552986962,1.09194627034721,0.363698482967633,3.00233935934339,0.00267913330140453,0.044798160329104,"15",76059958,76229121,"+",5144
"ENSG00000136869","TLR4",912.88439561086,1.55057399870802,0.516665879181295,3.0011155394373,0.00268992478884886,0.0449201688714273,"9",117704175,117724735,"+",13277
"ENSG00000027075","PRKCH",1488.82940324237,0.970319512200688,0.323457895077359,2.99983251906287,0.00270128093650443,0.0450219336345839,"14",61187559,61550976,"+",8947
"ENSG00000249240","ENSG00000249240",324.706318595978,1.32428856586067,0.441444928366272,2.99989530010388,0.00270072423715713,0.0450219336345839,"15",64841883,64930920,"+",1277
"ENSG00000264672","SEPTIN4-AS1",294.311927322919,1.12194354116543,0.373954401310549,3.00021483163054,0.0026978924743261,0.0450219336345839,"17",58519837,58557799,"+",2477
"ENSG00000004838","ZMYND10",319.34164659576,1.90709343488039,0.636447674560682,2.99646539866265,0.00273129232748454,0.0454925893377974,"3",50341110,50345732,"-",2889
"ENSG00000215018","COL28A1",118.584870964769,1.52188896957601,0.50793068603759,2.99625325149854,0.00273319337349021,0.0454947304263121,"7",7356203,7535873,"-",6639
"ENSG00000133318","RTN3",8691.49107869421,-0.906724534801694,0.302828186703822,-2.99418803999413,0.00275176295109877,0.0457639929184632,"11",63681446,63759891,"+",5792
"ENSG00000262097","LINC02185",60.1947629791715,2.61087874288009,0.872020089146409,2.99405802157126,0.00275293587353829,0.0457639929184632,"16",14001198,14016056,"-",5218
"ENSG00000130300","PLVAP",4389.44197761583,1.49662426558903,0.499970046341225,2.9934278594114,0.00275862716711885,0.0458289213582133,"19",17351450,17377342,"-",2295
"ENSG00000204592","HLA-E",30565.136427603,0.949288847357268,0.317150584009493,2.99318019647365,0.00276086686921802,0.0458364617931559,"6",30489509,30494194,"+",2922
"ENSG00000211679","IGLC3",1663.00702425922,1.24939958150246,0.417499216912477,2.99257946096791,0.0027663064319627,0.0458970828630813,"22",22906342,22906803,"+",462
"ENSG00000177455","CD19",29.4693257787012,1.77192164586943,0.592446985560022,2.99085266539838,0.00278199684406589,0.0461275923750899,"16",28931965,28939342,"+",2681
"ENSG00000291156","ENSG00000291156",581.21348367613,-0.86540920837834,0.289461994033286,-2.98971618456696,0.00279236770852633,0.0462696591186219,"1",1059687,1066459,"+",1849
"ENSG00000261286","ATP2C2-AS1",381.832398269615,1.78853493843697,0.598398591390222,2.98886889803965,0.00280012251513225,0.0463682223199351,"16",84459259,84467361,"-",2998
"ENSG00000181788","SIAH2",4336.79125356344,-1.07582835439873,0.360058590360361,-2.98792580763591,0.00280877729468936,0.0464815517877446,"3",150741125,150763477,"-",2619
"ENSG00000261790","ENSG00000261790",1146.92004514216,-0.780928681043892,0.261427663122919,-2.98716926783954,0.00281573774261213,0.0465667143296556,"16",1984877,1990477,"-",2291
"ENSG00000277941","ENSG00000277941",18.1348858431816,2.69151670603374,0.901214246376252,2.9865447831703,0.00282149509728527,0.0466318832337547,"22",26671402,26671550,"+",149
"ENSG00000205669","ACOT6",28.9305518306546,-1.75093134069927,0.586337155959514,-2.98621931580296,0.00282449996039328,0.0466515061025833,"14",73610945,73619888,"+",1699
"ENSG00000109072","VTN",22313.5126418954,-3.10504699746107,1.03996608682606,-2.98571947373551,0.00282912042054441,0.0466977709544138,"17",28367284,28373091,"-",1904
"ENSG00000163017","ACTG2",464.635772605831,1.86512358328329,0.625241733902339,2.98304396867824,0.00285396991291554,0.0470474282304452,"2",73892314,73919865,"+",3811
"ENSG00000134954","ETS1",5177.19266274256,1.48371127946465,0.49736087330278,2.98316847807488,0.00285280909080439,0.0470474282304452,"11",128458761,128587558,"-",7149
"ENSG00000285854","ENSG00000285854",2938.38920028064,1.41060607313458,0.47296004201322,2.98250580985687,0.00285899222019851,0.0470999700358378,"12",21536203,21657798,"-",5157
"ENSG00000211595","IGKJ3",238.361764144233,1.4843868998276,0.49781457859732,2.98180680849106,0.00286552761904813,0.0471471137167361,"2",88861221,88861258,"-",38
"ENSG00000250986","LINC02600",66.0921749151687,2.56324880677237,0.859577518585926,2.98198679159166,0.00286384354252529,0.0471471137167361,"4",3758748,3763390,"-",4525
"ENSG00000173898","SPTBN2",1657.34577540427,-1.15576417521923,0.38766491707919,-2.98134838697083,0.00286982108938165,0.047157296991779,"11",66682497,66744670,"-",12609
"ENSG00000290541","CYP4F29P",296.29901547362,1.84097998057925,0.617495779599635,2.98136447470602,0.00286967031598361,0.047157296991779,"21",13843133,13848364,"-",1596
"ENSG00000169972","PUSL1",1125.51242699881,-0.723668416829926,0.242752754819602,-2.98109250034138,0.00287222021775768,0.0471665235631391,"1",1308597,1311677,"+",2459
"ENSG00000285815","GET1-SH3BGR",791.677725691669,-0.710518355166176,0.238360342789077,-2.9808580859229,0.0028744196348877,0.0471724608495286,"21",39380332,39515506,"+",2127
"ENSG00000245164","LINC00861",61.1611178090184,1.81081665422393,0.607528340850083,2.98062910396929,0.00287656956571971,0.0471775789414236,"8",125859721,126292788,"-",8788
"ENSG00000259367","AKAP13-AS1",54.0239257170401,1.44711893555912,0.486225803722027,2.97622817316875,0.00291817653836621,0.0478293979631198,"15",85619623,85670948,"-",660
"ENSG00000226321","CROCC2",115.367018898657,2.36645671549947,0.795311517337902,2.97550917333697,0.00292502601852457,0.0478860343337807,"2",240906330,240993311,"+",5978
"ENSG00000165443","PHYHIPL",196.922752298984,2.00336307700419,0.673292124795534,2.97547379989418,0.00292536337847696,0.0478860343337807,"10",59176643,59247774,"+",4040
"ENSG00000197576","HOXA4",164.78155646187,1.35050969516609,0.454006572219585,2.97464789675535,0.00293325019717081,0.047953969943174,"7",27128507,27130780,"-",1728
"ENSG00000110436","SLC1A2",843.788082959598,-2.07344405214616,0.697013346500118,-2.97475516438452,0.00293222476826268,0.047953969943174,"11",35251205,35420063,"-",22800
"ENSG00000163513","TGFBR2",8432.44680240542,1.74115759140252,0.585497342127091,2.97380955663599,0.00294127562120089,0.0479960022471793,"3",30606601,30694142,"+",6850
"ENSG00000289075","ENSG00000289075",66.1432312970818,2.41870862184884,0.813394537083434,2.97359831124701,0.00294330103000196,0.0479960022471793,"5",2756465,2758583,"+",2119
"ENSG00000090263","MRPS33",955.342104450421,-1.07219274116289,0.360503821572277,-2.97415083281697,0.00293800617160812,0.0479960022471793,"7",141002610,141015228,"-",5245
"ENSG00000107736","CDH23",446.779941538697,1.34973606067789,0.453903596351226,2.97361834435318,0.0029431088991047,0.0479960022471793,"10",71396920,71815947,"+",18592
"ENSG00000142871","CCN1",8909.8449102741,1.76585144781399,0.593931368698489,2.97315740652592,0.00294753250048754,0.0480344867873104,"1",85580761,85584589,"+",3698
"ENSG00000230937","MIR205HG",162.437972357605,2.6964595874938,0.90719217857081,2.97231353090125,0.0029556468652301,0.0481188074546281,"1",209428817,209432848,"+",3533
"ENSG00000119865","CNRIP1",620.613351009198,1.61342945895214,0.542834753075276,2.9722294856984,0.00295645612482754,0.0481188074546281,"2",68284171,68320051,"-",3548
"ENSG00000291104","BTN2A3P",149.053686275374,0.905185927647815,0.304628720614553,2.97143987547105,0.00296406905094163,0.048212142161292,"6",26421391,26432383,"+",3695
"ENSG00000284773","ENSG00000284773",470.100923139086,0.643763427196349,0.216667206161791,2.97120841958721,0.00296630399088966,0.0482179382736954,"1",34974356,34985313,"-",3163
"ENSG00000213047","DENND1B",1163.64227740184,-0.804254756795585,0.270757902808689,-2.97038331458732,0.00297428372808665,0.0482399480084692,"1",197504748,197775696,"-",13203
"ENSG00000291242","ENSG00000291242",14.2636587796881,1.53453487205856,0.51656923550631,2.97062768469845,0.00297191834230455,0.0482399480084692,"1",146472566,146641639,"+",3988
"ENSG00000155093","PTPRN2",1160.23345827722,1.88967503655691,0.636162829922108,2.97042667014714,0.00297386394170501,0.0482399480084692,"7",157539056,158587823,"-",4868
"ENSG00000229656","ITGB1-DT",147.708925991039,-2.32472168159782,0.782657836062297,-2.97029119812299,0.00297517581709615,0.0482399480084692,"10",32958437,33082409,"+",4250
"ENSG00000275734","ENSG00000275734",64.482612000946,1.23505448244048,0.415875333077502,2.9697709486663,0.0029802186845928,0.0482607400488602,"16",89671568,89685304,"+",3077
"ENSG00000142273","CBLC",641.177494905212,-1.69339156495718,0.570174707637678,-2.96995209060247,0.00297846196037155,0.0482607400488602,"19",44777869,44800652,"+",1613
"ENSG00000260249","ENSG00000260249",45.0274563671261,1.00984633271258,0.340081598524132,2.96942362390395,0.00298358970308561,0.0482848656425589,"16",50664903,50671639,"+",6583
"ENSG00000179862","CITED4",2165.37420382683,-1.79642752289961,0.605025511447396,-2.96917648745429,0.00298599044511573,0.0482932682764873,"1",40861054,40862363,"-",1310
"ENSG00000105479","ODAD1",557.499734743547,1.33056577860955,0.448174101443137,2.9688591427418,0.00298907579137634,0.0483127256531843,"19",48296457,48321971,"-",5145
"ENSG00000174099","MSRB3",1445.81837160308,1.43710123607105,0.484245246810255,2.96771366479546,0.00300023677661687,0.0484626037416143,"12",65278643,65491430,"+",7405
"ENSG00000233461","ENSG00000233461",310.283780635576,-0.986700533063344,0.332653483267057,-2.96615121348726,0.0030155218477665,0.0486490527863446,"1",231520729,231528618,"-",4472
"ENSG00000240143","ENSG00000240143",79.1724009075196,1.49025588755456,0.502421577022982,2.96614627179196,0.00301557030362233,0.0486490527863446,"X",129794994,129796963,"+",326
"ENSG00000180185","FAHD1",1372.08765750243,-1.13460850798076,0.382704002490687,-2.96471555195813,0.00302962915294356,0.0488451579576647,"16",1826967,1840207,"+",3009
"ENSG00000133135","RNF128",488.271674880243,-1.68524013433292,0.568746257458364,-2.96307907477755,0.00304578314206717,0.0490747745809405,"X",106693794,106797016,"+",3418
"ENSG00000249007","ENSG00000249007",3287.28273259483,-0.852562803622522,0.287781133585725,-2.9625389023932,0.00305113251052885,0.0491301243084969,"1",202011370,202015657,"+",987
"ENSG00000253414","ENSG00000253414",12.8218735886251,1.61751698146143,0.546110324932855,2.9618868342405,0.00305760140569667,0.0492034202382549,"8",37516399,37521447,"-",742
"ENSG00000145861","C1QTNF2",51.3662046833688,1.67028666166795,0.564049460060334,2.96124148667617,0.00306401594176123,0.0492757501110185,"5",160347754,160370641,"-",2411
"ENSG00000270540","ENSG00000270540",15.5747159772958,2.27526744191747,0.768532349011029,2.96053568186864,0.00307104545123336,0.0493043597302693,"2",236367560,236369102,"+",1543
"ENSG00000138755","CXCL9",189.685838860701,2.18032429125829,0.736537109243925,2.96023684875356,0.00307402612845519,0.0493043597302693,"4",76001275,76007509,"-",2761
"ENSG00000277215","SPANXA2-OT1",24.1740902435958,-1.78689170531902,0.603655118809655,-2.96012019055282,0.00307519043831411,0.0493043597302693,"X",141177284,141649927,"+",7463
"ENSG00000050165","DKK3",4169.87544470852,1.30498115195853,0.440788218751648,2.96056268394459,0.00307077625194763,0.0493043597302693,"11",11956207,12009769,"-",11958
"ENSG00000181885","CLDN7",4553.57758487222,-0.918390966336241,0.310256815938616,-2.96009924409829,0.00307539953746683,0.0493043597302693,"17",7259903,7263983,"-",2492
"ENSG00000287929","ENSG00000287929",40.0078830548062,1.56376414533005,0.528462777286964,2.95908096566072,0.00308558020785246,0.0493652027134143,"1",183252263,183258968,"+",932
"ENSG00000107742","SPOCK2",1389.6862365774,1.75010981943943,0.591384587977887,2.95934296398146,0.00308295783641411,0.0493652027134143,"10",72059034,72089032,"-",6405
"ENSG00000204666","ZNF473CR",15.4476318018241,2.29568646499872,0.775839039715245,2.95897260576279,0.00308666538904105,0.0493652027134143,"19",50050589,50066793,"+",1525
"ENSG00000249209","ENSG00000249209",3087.96139825307,-0.785030428116402,0.265307059212493,-2.95895039674631,0.00308688784645771,0.0493652027134143,"21",33584687,33931607,"-",1078
"ENSG00000123268","ATF1",929.58894946478,-0.461164007356656,0.155908769395909,-2.95790935393501,0.00309733190782548,0.0495013811196491,"12",50763710,50821162,"+",2830
"ENSG00000259049","ENSG00000259049",1413.21744515952,-1.00027218158561,0.338216646821914,-2.95748949965877,0.00310155312469578,0.0495379987875336,"14",52775237,52777740,"+",1426
"ENSG00000163071","SPATA18",464.514737629026,0.9965458007355,0.337114930254166,2.95610105427297,0.00311554994366156,0.0496769984583159,"4",52051304,52097299,"+",4975
"ENSG00000273299","ENSG00000273299",175.893350634529,-0.639698440393347,0.216407722098096,-2.95598712555819,0.00311670100367042,0.0496769984583159,"7",90403434,90513391,"+",371
"ENSG00000137731","FXYD2",257.911959305228,-2.07212434412383,0.700975436973073,-2.95605842206341,0.00311598062578195,0.0496769984583159,"11",117800844,117828698,"-",5608
"ENSG00000151490","PTPRO",99.7392257174472,1.44033080456914,0.487279969622849,2.9558588375466,0.00311799760456411,0.0496769984583159,"12",15322257,15602175,"+",20254
"ENSG00000245648","KLRK1-AS1",130.895137965842,1.40505054474598,0.47537737509226,2.95565295776496,0.00312007944975598,0.0496793295514185,"12",10363638,10398506,"+",6428
"ENSG00000165323","FAT3",75.1404706546788,1.95882881206288,0.662910020293121,2.95489395558803,0.00312776539122363,0.0497399964662558,"11",92224818,92896473,"+",19640
"ENSG00000185862","EVI2B",528.101815384616,1.44480276407834,0.488928034719973,2.95504176786637,0.00312626723644763,0.0497399964662558,"17",31303770,31314105,"-",2061
"ENSG00000239713","APOBEC3G",235.671516543259,1.32850023391085,0.449675765344956,2.95435141560659,0.00313326992962711,0.0497966806710458,"22",39077067,39087743,"+",5375
"ENSG00000226576","ENSG00000226576",35.3495301100881,1.63716119356346,0.554196392870831,2.95411737539953,0.00313564719579584,0.0498036241178787,"10",48984564,49018897,"+",474
"ENSG00000214353","VAC14-AS1",195.742006946443,-0.823763736034881,0.278939062365642,-2.95320321595928,0.00314494854386843,0.0499204664659685,"16",70755035,70773251,"+",9145
