"pathway","ensembl_id"
"HALLMARK_ADIPOGENESIS","ENSG00000165029"
"HALLMARK_ADIPOGENESIS","ENSG00000197150"
"HALLMARK_ADIPOGENESIS","ENSG00000167315"
"HALLMARK_ADIPOGENESIS","ENSG00000115361"
"HALLMARK_ADIPOGENESIS","ENSG00000117054"
"HALLMARK_ADIPOGENESIS","ENSG00000122971"
"HALLMARK_ADIPOGENESIS","ENSG00000131473"
"HALLMARK_ADIPOGENESIS","ENSG00000100412"
"HALLMARK_ADIPOGENESIS","ENSG00000161533"
"HALLMARK_ADIPOGENESIS","ENSG00000174233"
"HALLMARK_ADIPOGENESIS","ENSG00000182035"
"HALLMARK_ADIPOGENESIS","ENSG00000181092"
"HALLMARK_ADIPOGENESIS","ENSG00000006831"
"HALLMARK_ADIPOGENESIS","ENSG00000160216"
"HALLMARK_ADIPOGENESIS","ENSG00000156709"
"HALLMARK_ADIPOGENESIS","ENSG00000004455"
"HALLMARK_ADIPOGENESIS","ENSG00000111275"
"HALLMARK_ADIPOGENESIS","ENSG00000149925"
"HALLMARK_ADIPOGENESIS","ENSG00000154188"
"HALLMARK_ADIPOGENESIS","ENSG00000167772"
"HALLMARK_ADIPOGENESIS","ENSG00000084234"
"HALLMARK_ADIPOGENESIS","ENSG00000130203"
"HALLMARK_ADIPOGENESIS","ENSG00000078061"
"HALLMARK_ADIPOGENESIS","ENSG00000122644"
"HALLMARK_ADIPOGENESIS","ENSG00000119787"
"HALLMARK_ADIPOGENESIS","ENSG00000069849"
"HALLMARK_ADIPOGENESIS","ENSG00000241837"
"HALLMARK_ADIPOGENESIS","ENSG00000076108"
"HALLMARK_ADIPOGENESIS","ENSG00000248098"
"HALLMARK_ADIPOGENESIS","ENSG00000099968"
"HALLMARK_ADIPOGENESIS","ENSG00000113916"
"HALLMARK_ADIPOGENESIS","ENSG00000125730"
"HALLMARK_ADIPOGENESIS","ENSG00000121691"
"HALLMARK_ADIPOGENESIS","ENSG00000177469"
"HALLMARK_ADIPOGENESIS","ENSG00000168497"
"HALLMARK_ADIPOGENESIS","ENSG00000138764"
"HALLMARK_ADIPOGENESIS","ENSG00000177697"
"HALLMARK_ADIPOGENESIS","ENSG00000241399"
"HALLMARK_ADIPOGENESIS","ENSG00000135218"
"HALLMARK_ADIPOGENESIS","ENSG00000123080"
"HALLMARK_ADIPOGENESIS","ENSG00000250479"
"HALLMARK_ADIPOGENESIS","ENSG00000213341"
"HALLMARK_ADIPOGENESIS","ENSG00000176194"
"HALLMARK_ADIPOGENESIS","ENSG00000164237"
"HALLMARK_ADIPOGENESIS","ENSG00000162368"
"HALLMARK_ADIPOGENESIS","ENSG00000204291"
"HALLMARK_ADIPOGENESIS","ENSG00000187498"
"HALLMARK_ADIPOGENESIS","ENSG00000132423"
"HALLMARK_ADIPOGENESIS","ENSG00000110871"
"HALLMARK_ADIPOGENESIS","ENSG00000088682"
"HALLMARK_ADIPOGENESIS","ENSG00000111775"
"HALLMARK_ADIPOGENESIS","ENSG00000131174"
"HALLMARK_ADIPOGENESIS","ENSG00000176340"
"HALLMARK_ADIPOGENESIS","ENSG00000157184"
"HALLMARK_ADIPOGENESIS","ENSG00000095321"
"HALLMARK_ADIPOGENESIS","ENSG00000062485"
"HALLMARK_ADIPOGENESIS","ENSG00000179091"
"HALLMARK_ADIPOGENESIS","ENSG00000142973"
"HALLMARK_ADIPOGENESIS","ENSG00000137992"
"HALLMARK_ADIPOGENESIS","ENSG00000099977"
"HALLMARK_ADIPOGENESIS","ENSG00000104325"
"HALLMARK_ADIPOGENESIS","ENSG00000185000"
"HALLMARK_ADIPOGENESIS","ENSG00000172893"
"HALLMARK_ADIPOGENESIS","ENSG00000100612"
"HALLMARK_ADIPOGENESIS","ENSG00000109016"
"HALLMARK_ADIPOGENESIS","ENSG00000150768"
"HALLMARK_ADIPOGENESIS","ENSG00000091140"
"HALLMARK_ADIPOGENESIS","ENSG00000128590"
"HALLMARK_ADIPOGENESIS","ENSG00000120675"
"HALLMARK_ADIPOGENESIS","ENSG00000156171"
"HALLMARK_ADIPOGENESIS","ENSG00000104823"
"HALLMARK_ADIPOGENESIS","ENSG00000127884"
"HALLMARK_ADIPOGENESIS","ENSG00000115459"
"HALLMARK_ADIPOGENESIS","ENSG00000170522"
"HALLMARK_ADIPOGENESIS","ENSG00000136960"
"HALLMARK_ADIPOGENESIS","ENSG00000120915"
"HALLMARK_ADIPOGENESIS","ENSG00000173153"
"HALLMARK_ADIPOGENESIS","ENSG00000139641"
"HALLMARK_ADIPOGENESIS","ENSG00000105379"
"HALLMARK_ADIPOGENESIS","ENSG00000170323"
"HALLMARK_ADIPOGENESIS","ENSG00000103876"
"HALLMARK_ADIPOGENESIS","ENSG00000174804"
"HALLMARK_ADIPOGENESIS","ENSG00000138757"
"HALLMARK_ADIPOGENESIS","ENSG00000116717"
"HALLMARK_ADIPOGENESIS","ENSG00000114480"
"HALLMARK_ADIPOGENESIS","ENSG00000165678"
"HALLMARK_ADIPOGENESIS","ENSG00000119927"
"HALLMARK_ADIPOGENESIS","ENSG00000158669"
"HALLMARK_ADIPOGENESIS","ENSG00000115159"
"HALLMARK_ADIPOGENESIS","ENSG00000171723"
"HALLMARK_ADIPOGENESIS","ENSG00000211445"
"HALLMARK_ADIPOGENESIS","ENSG00000167468"
"HALLMARK_ADIPOGENESIS","ENSG00000109519"
"HALLMARK_ADIPOGENESIS","ENSG00000138796"
"HALLMARK_ADIPOGENESIS","ENSG00000198130"
"HALLMARK_ADIPOGENESIS","ENSG00000152137"
"HALLMARK_ADIPOGENESIS","ENSG00000138413"
"HALLMARK_ADIPOGENESIS","ENSG00000166411"
"HALLMARK_ADIPOGENESIS","ENSG00000067829"
"HALLMARK_ADIPOGENESIS","ENSG00000027697"
"HALLMARK_ADIPOGENESIS","ENSG00000132305"
"HALLMARK_ADIPOGENESIS","ENSG00000135424"
"HALLMARK_ADIPOGENESIS","ENSG00000123243"
"HALLMARK_ADIPOGENESIS","ENSG00000205726"
"HALLMARK_ADIPOGENESIS","ENSG00000171135"
"HALLMARK_ADIPOGENESIS","ENSG00000112769"
"HALLMARK_ADIPOGENESIS","ENSG00000174697"
"HALLMARK_ADIPOGENESIS","ENSG00000113594"
"HALLMARK_ADIPOGENESIS","ENSG00000079435"
"HALLMARK_ADIPOGENESIS","ENSG00000111684"
"HALLMARK_ADIPOGENESIS","ENSG00000175445"
"HALLMARK_ADIPOGENESIS","ENSG00000213316"
"HALLMARK_ADIPOGENESIS","ENSG00000011566"
"HALLMARK_ADIPOGENESIS","ENSG00000078070"
"HALLMARK_ADIPOGENESIS","ENSG00000146701"
"HALLMARK_ADIPOGENESIS","ENSG00000065833"
"HALLMARK_ADIPOGENESIS","ENSG00000074416"
"HALLMARK_ADIPOGENESIS","ENSG00000143198"
"HALLMARK_ADIPOGENESIS","ENSG00000148343"
"HALLMARK_ADIPOGENESIS","ENSG00000170262"
"HALLMARK_ADIPOGENESIS","ENSG00000137547"
"HALLMARK_ADIPOGENESIS","ENSG00000117791"
"HALLMARK_ADIPOGENESIS","ENSG00000109919"
"HALLMARK_ADIPOGENESIS","ENSG00000065534"
"HALLMARK_ADIPOGENESIS","ENSG00000173559"
"HALLMARK_ADIPOGENESIS","ENSG00000128609"
"HALLMARK_ADIPOGENESIS","ENSG00000004779"
"HALLMARK_ADIPOGENESIS","ENSG00000099795"
"HALLMARK_ADIPOGENESIS","ENSG00000213619"
"HALLMARK_ADIPOGENESIS","ENSG00000197885"
"HALLMARK_ADIPOGENESIS","ENSG00000136448"
"HALLMARK_ADIPOGENESIS","ENSG00000127083"
"HALLMARK_ADIPOGENESIS","ENSG00000229314"
"HALLMARK_ADIPOGENESIS","ENSG00000150593"
"HALLMARK_ADIPOGENESIS","ENSG00000133027"
"HALLMARK_ADIPOGENESIS","ENSG00000142655"
"HALLMARK_ADIPOGENESIS","ENSG00000170525"
"HALLMARK_ADIPOGENESIS","ENSG00000141959"
"HALLMARK_ADIPOGENESIS","ENSG00000079739"
"HALLMARK_ADIPOGENESIS","ENSG00000019144"
"HALLMARK_ADIPOGENESIS","ENSG00000107537"
"HALLMARK_ADIPOGENESIS","ENSG00000198355"
"HALLMARK_ADIPOGENESIS","ENSG00000147872"
"HALLMARK_ADIPOGENESIS","ENSG00000127948"
"HALLMARK_ADIPOGENESIS","ENSG00000132170"
"HALLMARK_ADIPOGENESIS","ENSG00000138032"
"HALLMARK_ADIPOGENESIS","ENSG00000158615"
"HALLMARK_ADIPOGENESIS","ENSG00000165672"
"HALLMARK_ADIPOGENESIS","ENSG00000138073"
"HALLMARK_ADIPOGENESIS","ENSG00000132300"
"HALLMARK_ADIPOGENESIS","ENSG00000050628"
"HALLMARK_ADIPOGENESIS","ENSG00000151552"
"HALLMARK_ADIPOGENESIS","ENSG00000109113"
"HALLMARK_ADIPOGENESIS","ENSG00000129625"
"HALLMARK_ADIPOGENESIS","ENSG00000115255"
"HALLMARK_ADIPOGENESIS","ENSG00000104918"
"HALLMARK_ADIPOGENESIS","ENSG00000042445"
"HALLMARK_ADIPOGENESIS","ENSG00000101782"
"HALLMARK_ADIPOGENESIS","ENSG00000137824"
"HALLMARK_ADIPOGENESIS","ENSG00000123091"
"HALLMARK_ADIPOGENESIS","ENSG00000124782"
"HALLMARK_ADIPOGENESIS","ENSG00000133318"
"HALLMARK_ADIPOGENESIS","ENSG00000100347"
"HALLMARK_ADIPOGENESIS","ENSG00000073060"
"HALLMARK_ADIPOGENESIS","ENSG00000116171"
"HALLMARK_ADIPOGENESIS","ENSG00000117118"
"HALLMARK_ADIPOGENESIS","ENSG00000143252"
"HALLMARK_ADIPOGENESIS","ENSG00000173638"
"HALLMARK_ADIPOGENESIS","ENSG00000105281"
"HALLMARK_ADIPOGENESIS","ENSG00000100075"
"HALLMARK_ADIPOGENESIS","ENSG00000183048"
"HALLMARK_ADIPOGENESIS","ENSG00000130304"
"HALLMARK_ADIPOGENESIS","ENSG00000138074"
"HALLMARK_ADIPOGENESIS","ENSG00000162976"
"HALLMARK_ADIPOGENESIS","ENSG00000173267"
"HALLMARK_ADIPOGENESIS","ENSG00000142168"
"HALLMARK_ADIPOGENESIS","ENSG00000095637"
"HALLMARK_ADIPOGENESIS","ENSG00000198142"
"HALLMARK_ADIPOGENESIS","ENSG00000152583"
"HALLMARK_ADIPOGENESIS","ENSG00000137767"
"HALLMARK_ADIPOGENESIS","ENSG00000123096"
"HALLMARK_ADIPOGENESIS","ENSG00000126561"
"HALLMARK_ADIPOGENESIS","ENSG00000148175"
"HALLMARK_ADIPOGENESIS","ENSG00000163541"
"HALLMARK_ADIPOGENESIS","ENSG00000196502"
"HALLMARK_ADIPOGENESIS","ENSG00000177156"
"HALLMARK_ADIPOGENESIS","ENSG00000136560"
"HALLMARK_ADIPOGENESIS","ENSG00000163931"
"HALLMARK_ADIPOGENESIS","ENSG00000141232"
"HALLMARK_ADIPOGENESIS","ENSG00000128311"
"HALLMARK_ADIPOGENESIS","ENSG00000150991"
"HALLMARK_ADIPOGENESIS","ENSG00000135018"
"HALLMARK_ADIPOGENESIS","ENSG00000130717"
"HALLMARK_ADIPOGENESIS","ENSG00000175567"
"HALLMARK_ADIPOGENESIS","ENSG00000184076"
"HALLMARK_ADIPOGENESIS","ENSG00000127540"
"HALLMARK_ADIPOGENESIS","ENSG00000010256"
"HALLMARK_ADIPOGENESIS","ENSG00000164405"
"HALLMARK_ADIPOGENESIS","ENSG00000173511"
"HALLMARK_ADIPOGENESIS","ENSG00000170027"
"HALLMARK_ALLOGRAFT_REJECTION","ENSG00000090861"
"HALLMARK_ALLOGRAFT_REJECTION","ENSG00000164163"
"HALLMARK_ALLOGRAFT_REJECTION","ENSG00000136754"
"HALLMARK_ALLOGRAFT_REJECTION","ENSG00000087085"
"HALLMARK_ALLOGRAFT_REJECTION","ENSG00000121989"
"HALLMARK_ALLOGRAFT_REJECTION","ENSG00000142208"
"HALLMARK_ALLOGRAFT_REJECTION","ENSG00000166313"
"HALLMARK_ALLOGRAFT_REJECTION","ENSG00000166710"
"HALLMARK_ALLOGRAFT_REJECTION","ENSG00000060982"
"HALLMARK_ALLOGRAFT_REJECTION","ENSG00000142867"
"HALLMARK_ALLOGRAFT_REJECTION","ENSG00000069399"
"HALLMARK_ALLOGRAFT_REJECTION","ENSG00000012048"
"HALLMARK_ALLOGRAFT_REJECTION","ENSG00000166278"
"HALLMARK_ALLOGRAFT_REJECTION","ENSG00000042493"
"HALLMARK_ALLOGRAFT_REJECTION","ENSG00000164326"
"HALLMARK_ALLOGRAFT_REJECTION","ENSG00000172156"
"HALLMARK_ALLOGRAFT_REJECTION","ENSG00000181374"
"HALLMARK_ALLOGRAFT_REJECTION","ENSG00000172724"
"HALLMARK_ALLOGRAFT_REJECTION","ENSG00000108691"
"HALLMARK_ALLOGRAFT_REJECTION","ENSG00000102962"
"HALLMARK_ALLOGRAFT_REJECTION","ENSG00000275302"
"HALLMARK_ALLOGRAFT_REJECTION","ENSG00000271503"
"HALLMARK_ALLOGRAFT_REJECTION","ENSG00000108688"
"HALLMARK_ALLOGRAFT_REJECTION","ENSG00000118971"
"HALLMARK_ALLOGRAFT_REJECTION","ENSG00000112576"
"HALLMARK_ALLOGRAFT_REJECTION","ENSG00000163823"
"HALLMARK_ALLOGRAFT_REJECTION","ENSG00000121807"
"HALLMARK_ALLOGRAFT_REJECTION","ENSG00000160791"
"HALLMARK_ALLOGRAFT_REJECTION","ENSG00000158473"
"HALLMARK_ALLOGRAFT_REJECTION","ENSG00000116824"
"HALLMARK_ALLOGRAFT_REJECTION","ENSG00000198821"
"HALLMARK_ALLOGRAFT_REJECTION","ENSG00000178562"
"HALLMARK_ALLOGRAFT_REJECTION","ENSG00000167286"
"HALLMARK_ALLOGRAFT_REJECTION","ENSG00000198851"
"HALLMARK_ALLOGRAFT_REJECTION","ENSG00000160654"
"HALLMARK_ALLOGRAFT_REJECTION","ENSG00000010610"
"HALLMARK_ALLOGRAFT_REJECTION","ENSG00000101017"
"HALLMARK_ALLOGRAFT_REJECTION","ENSG00000102245"
"HALLMARK_ALLOGRAFT_REJECTION","ENSG00000196776"
"HALLMARK_ALLOGRAFT_REJECTION","ENSG00000173762"
"HALLMARK_ALLOGRAFT_REJECTION","ENSG00000019582"
"HALLMARK_ALLOGRAFT_REJECTION","ENSG00000105369"
"HALLMARK_ALLOGRAFT_REJECTION","ENSG00000121594"
"HALLMARK_ALLOGRAFT_REJECTION","ENSG00000114013"
"HALLMARK_ALLOGRAFT_REJECTION","ENSG00000153563"
"HALLMARK_ALLOGRAFT_REJECTION","ENSG00000172116"
"HALLMARK_ALLOGRAFT_REJECTION","ENSG00000153283"
"HALLMARK_ALLOGRAFT_REJECTION","ENSG00000147889"
"HALLMARK_ALLOGRAFT_REJECTION","ENSG00000126759"
"HALLMARK_ALLOGRAFT_REJECTION","ENSG00000109943"
"HALLMARK_ALLOGRAFT_REJECTION","ENSG00000184371"
"HALLMARK_ALLOGRAFT_REJECTION","ENSG00000103653"
"HALLMARK_ALLOGRAFT_REJECTION","ENSG00000163131"
"HALLMARK_ALLOGRAFT_REJECTION","ENSG00000156234"
"HALLMARK_ALLOGRAFT_REJECTION","ENSG00000138755"
"HALLMARK_ALLOGRAFT_REJECTION","ENSG00000186810"
"HALLMARK_ALLOGRAFT_REJECTION","ENSG00000115866"
"HALLMARK_ALLOGRAFT_REJECTION","ENSG00000143753"
"HALLMARK_ALLOGRAFT_REJECTION","ENSG00000143479"
"HALLMARK_ALLOGRAFT_REJECTION","ENSG00000146648"
"HALLMARK_ALLOGRAFT_REJECTION","ENSG00000107581"
"HALLMARK_ALLOGRAFT_REJECTION","ENSG00000100353"
"HALLMARK_ALLOGRAFT_REJECTION","ENSG00000104131"
"HALLMARK_ALLOGRAFT_REJECTION","ENSG00000075151"
"HALLMARK_ALLOGRAFT_REJECTION","ENSG00000132507"
"HALLMARK_ALLOGRAFT_REJECTION","ENSG00000197561"
"HALLMARK_ALLOGRAFT_REJECTION","ENSG00000102034"
"HALLMARK_ALLOGRAFT_REJECTION","ENSG00000124882"
"HALLMARK_ALLOGRAFT_REJECTION","ENSG00000134954"
"HALLMARK_ALLOGRAFT_REJECTION","ENSG00000180210"
"HALLMARK_ALLOGRAFT_REJECTION","ENSG00000181104"
"HALLMARK_ALLOGRAFT_REJECTION","ENSG00000026103"
"HALLMARK_ALLOGRAFT_REJECTION","ENSG00000117560"
"HALLMARK_ALLOGRAFT_REJECTION","ENSG00000072694"
"HALLMARK_ALLOGRAFT_REJECTION","ENSG00000000938"
"HALLMARK_ALLOGRAFT_REJECTION","ENSG00000196924"
"HALLMARK_ALLOGRAFT_REJECTION","ENSG00000082074"
"HALLMARK_ALLOGRAFT_REJECTION","ENSG00000141429"
"HALLMARK_ALLOGRAFT_REJECTION","ENSG00000162645"
"HALLMARK_ALLOGRAFT_REJECTION","ENSG00000187210"
"HALLMARK_ALLOGRAFT_REJECTION","ENSG00000174842"
"HALLMARK_ALLOGRAFT_REJECTION","ENSG00000140030"
"HALLMARK_ALLOGRAFT_REJECTION","ENSG00000145649"
"HALLMARK_ALLOGRAFT_REJECTION","ENSG00000100453"
"HALLMARK_ALLOGRAFT_REJECTION","ENSG00000180353"
"HALLMARK_ALLOGRAFT_REJECTION","ENSG00000048052"
"HALLMARK_ALLOGRAFT_REJECTION","ENSG00000100644"
"HALLMARK_ALLOGRAFT_REJECTION","ENSG00000206503"
"HALLMARK_ALLOGRAFT_REJECTION","ENSG00000204257"
"HALLMARK_ALLOGRAFT_REJECTION","ENSG00000242574"
"HALLMARK_ALLOGRAFT_REJECTION","ENSG00000204252"
"HALLMARK_ALLOGRAFT_REJECTION","ENSG00000241106"
"HALLMARK_ALLOGRAFT_REJECTION","ENSG00000196735"
"HALLMARK_ALLOGRAFT_REJECTION","ENSG00000204287"
"HALLMARK_ALLOGRAFT_REJECTION","ENSG00000204592"
"HALLMARK_ALLOGRAFT_REJECTION","ENSG00000204632"
"HALLMARK_ALLOGRAFT_REJECTION","ENSG00000090339"
"HALLMARK_ALLOGRAFT_REJECTION","ENSG00000160223"
"HALLMARK_ALLOGRAFT_REJECTION","ENSG00000159110"
"HALLMARK_ALLOGRAFT_REJECTION","ENSG00000111537"
"HALLMARK_ALLOGRAFT_REJECTION","ENSG00000027697"
"HALLMARK_ALLOGRAFT_REJECTION","ENSG00000159128"
"HALLMARK_ALLOGRAFT_REJECTION","ENSG00000140749"
"HALLMARK_ALLOGRAFT_REJECTION","ENSG00000104365"
"HALLMARK_ALLOGRAFT_REJECTION","ENSG00000136634"
"HALLMARK_ALLOGRAFT_REJECTION","ENSG00000095752"
"HALLMARK_ALLOGRAFT_REJECTION","ENSG00000168811"
"HALLMARK_ALLOGRAFT_REJECTION","ENSG00000113302"
"HALLMARK_ALLOGRAFT_REJECTION","ENSG00000096996"
"HALLMARK_ALLOGRAFT_REJECTION","ENSG00000169194"
"HALLMARK_ALLOGRAFT_REJECTION","ENSG00000164136"
"HALLMARK_ALLOGRAFT_REJECTION","ENSG00000172349"
"HALLMARK_ALLOGRAFT_REJECTION","ENSG00000150782"
"HALLMARK_ALLOGRAFT_REJECTION","ENSG00000115607"
"HALLMARK_ALLOGRAFT_REJECTION","ENSG00000125538"
"HALLMARK_ALLOGRAFT_REJECTION","ENSG00000109471"
"HALLMARK_ALLOGRAFT_REJECTION","ENSG00000104998"
"HALLMARK_ALLOGRAFT_REJECTION","ENSG00000134460"
"HALLMARK_ALLOGRAFT_REJECTION","ENSG00000100385"
"HALLMARK_ALLOGRAFT_REJECTION","ENSG00000147168"
"HALLMARK_ALLOGRAFT_REJECTION","ENSG00000113520"
"HALLMARK_ALLOGRAFT_REJECTION","ENSG00000077238"
"HALLMARK_ALLOGRAFT_REJECTION","ENSG00000136244"
"HALLMARK_ALLOGRAFT_REJECTION","ENSG00000104432"
"HALLMARK_ALLOGRAFT_REJECTION","ENSG00000145839"
"HALLMARK_ALLOGRAFT_REJECTION","ENSG00000122641"
"HALLMARK_ALLOGRAFT_REJECTION","ENSG00000163083"
"HALLMARK_ALLOGRAFT_REJECTION","ENSG00000137265"
"HALLMARK_ALLOGRAFT_REJECTION","ENSG00000185507"
"HALLMARK_ALLOGRAFT_REJECTION","ENSG00000140968"
"HALLMARK_ALLOGRAFT_REJECTION","ENSG00000005844"
"HALLMARK_ALLOGRAFT_REJECTION","ENSG00000160255"
"HALLMARK_ALLOGRAFT_REJECTION","ENSG00000113263"
"HALLMARK_ALLOGRAFT_REJECTION","ENSG00000096968"
"HALLMARK_ALLOGRAFT_REJECTION","ENSG00000134539"
"HALLMARK_ALLOGRAFT_REJECTION","ENSG00000167768"
"HALLMARK_ALLOGRAFT_REJECTION","ENSG00000182866"
"HALLMARK_ALLOGRAFT_REJECTION","ENSG00000043462"
"HALLMARK_ALLOGRAFT_REJECTION","ENSG00000128342"
"HALLMARK_ALLOGRAFT_REJECTION","ENSG00000227507"
"HALLMARK_ALLOGRAFT_REJECTION","ENSG00000054219"
"HALLMARK_ALLOGRAFT_REJECTION","ENSG00000112799"
"HALLMARK_ALLOGRAFT_REJECTION","ENSG00000254087"
"HALLMARK_ALLOGRAFT_REJECTION","ENSG00000135341"
"HALLMARK_ALLOGRAFT_REJECTION","ENSG00000104814"
"HALLMARK_ALLOGRAFT_REJECTION","ENSG00000165471"
"HALLMARK_ALLOGRAFT_REJECTION","ENSG00000100985"
"HALLMARK_ALLOGRAFT_REJECTION","ENSG00000114686"
"HALLMARK_ALLOGRAFT_REJECTION","ENSG00000085760"
"HALLMARK_ALLOGRAFT_REJECTION","ENSG00000100365"
"HALLMARK_ALLOGRAFT_REJECTION","ENSG00000158092"
"HALLMARK_ALLOGRAFT_REJECTION","ENSG00000189430"
"HALLMARK_ALLOGRAFT_REJECTION","ENSG00000162711"
"HALLMARK_ALLOGRAFT_REJECTION","ENSG00000239672"
"HALLMARK_ALLOGRAFT_REJECTION","ENSG00000007171"
"HALLMARK_ALLOGRAFT_REJECTION","ENSG00000181163"
"HALLMARK_ALLOGRAFT_REJECTION","ENSG00000163737"
"HALLMARK_ALLOGRAFT_REJECTION","ENSG00000180644"
"HALLMARK_ALLOGRAFT_REJECTION","ENSG00000166501"
"HALLMARK_ALLOGRAFT_REJECTION","ENSG00000126583"
"HALLMARK_ALLOGRAFT_REJECTION","ENSG00000205220"
"HALLMARK_ALLOGRAFT_REJECTION","ENSG00000111679"
"HALLMARK_ALLOGRAFT_REJECTION","ENSG00000081237"
"HALLMARK_ALLOGRAFT_REJECTION","ENSG00000113643"
"HALLMARK_ALLOGRAFT_REJECTION","ENSG00000104312"
"HALLMARK_ALLOGRAFT_REJECTION","ENSG00000198918"
"HALLMARK_ALLOGRAFT_REJECTION","ENSG00000140986"
"HALLMARK_ALLOGRAFT_REJECTION","ENSG00000163682"
"HALLMARK_ALLOGRAFT_REJECTION","ENSG00000105372"
"HALLMARK_ALLOGRAFT_REJECTION","ENSG00000145425"
"HALLMARK_ALLOGRAFT_REJECTION","ENSG00000170889"
"HALLMARK_ALLOGRAFT_REJECTION","ENSG00000137078"
"HALLMARK_ALLOGRAFT_REJECTION","ENSG00000185338"
"HALLMARK_ALLOGRAFT_REJECTION","ENSG00000171150"
"HALLMARK_ALLOGRAFT_REJECTION","ENSG00000066336"
"HALLMARK_ALLOGRAFT_REJECTION","ENSG00000122862"
"HALLMARK_ALLOGRAFT_REJECTION","ENSG00000113532"
"HALLMARK_ALLOGRAFT_REJECTION","ENSG00000010327"
"HALLMARK_ALLOGRAFT_REJECTION","ENSG00000115415"
"HALLMARK_ALLOGRAFT_REJECTION","ENSG00000138378"
"HALLMARK_ALLOGRAFT_REJECTION","ENSG00000168394"
"HALLMARK_ALLOGRAFT_REJECTION","ENSG00000204267"
"HALLMARK_ALLOGRAFT_REJECTION","ENSG00000231925"
"HALLMARK_ALLOGRAFT_REJECTION","ENSG00000105329"
"HALLMARK_ALLOGRAFT_REJECTION","ENSG00000092969"
"HALLMARK_ALLOGRAFT_REJECTION","ENSG00000154096"
"HALLMARK_ALLOGRAFT_REJECTION","ENSG00000102265"
"HALLMARK_ALLOGRAFT_REJECTION","ENSG00000174125"
"HALLMARK_ALLOGRAFT_REJECTION","ENSG00000137462"
"HALLMARK_ALLOGRAFT_REJECTION","ENSG00000164342"
"HALLMARK_ALLOGRAFT_REJECTION","ENSG00000174130"
"HALLMARK_ALLOGRAFT_REJECTION","ENSG00000232810"
"HALLMARK_ALLOGRAFT_REJECTION","ENSG00000076554"
"HALLMARK_ALLOGRAFT_REJECTION","ENSG00000127191"
"HALLMARK_ALLOGRAFT_REJECTION","ENSG00000163519"
"HALLMARK_ALLOGRAFT_REJECTION","ENSG00000072401"
"HALLMARK_ALLOGRAFT_REJECTION","ENSG00000177889"
"HALLMARK_ALLOGRAFT_REJECTION","ENSG00000140105"
"HALLMARK_ALLOGRAFT_REJECTION","ENSG00000015285"
"HALLMARK_ALLOGRAFT_REJECTION","ENSG00000115085"
"HALLMARK_ANDROGEN_RESPONSE","ENSG00000125257"
"HALLMARK_ANDROGEN_RESPONSE","ENSG00000140526"
"HALLMARK_ANDROGEN_RESPONSE","ENSG00000123983"
"HALLMARK_ANDROGEN_RESPONSE","ENSG00000072110"
"HALLMARK_ANDROGEN_RESPONSE","ENSG00000154734"
"HALLMARK_ANDROGEN_RESPONSE","ENSG00000130706"
"HALLMARK_ANDROGEN_RESPONSE","ENSG00000131016"
"HALLMARK_ANDROGEN_RESPONSE","ENSG00000142208"
"HALLMARK_ANDROGEN_RESPONSE","ENSG00000184254"
"HALLMARK_ANDROGEN_RESPONSE","ENSG00000154122"
"HALLMARK_ANDROGEN_RESPONSE","ENSG00000062725"
"HALLMARK_ANDROGEN_RESPONSE","ENSG00000150347"
"HALLMARK_ANDROGEN_RESPONSE","ENSG00000160862"
"HALLMARK_ANDROGEN_RESPONSE","ENSG00000166710"
"HALLMARK_ANDROGEN_RESPONSE","ENSG00000086062"
"HALLMARK_ANDROGEN_RESPONSE","ENSG00000138696"
"HALLMARK_ANDROGEN_RESPONSE","ENSG00000110931"
"HALLMARK_ANDROGEN_RESPONSE","ENSG00000110092"
"HALLMARK_ANDROGEN_RESPONSE","ENSG00000112576"
"HALLMARK_ANDROGEN_RESPONSE","ENSG00000081377"
"HALLMARK_ANDROGEN_RESPONSE","ENSG00000105810"
"HALLMARK_ANDROGEN_RESPONSE","ENSG00000166451"
"HALLMARK_ANDROGEN_RESPONSE","ENSG00000155368"
"HALLMARK_ANDROGEN_RESPONSE","ENSG00000116133"
"HALLMARK_ANDROGEN_RESPONSE","ENSG00000128590"
"HALLMARK_ANDROGEN_RESPONSE","ENSG00000158711"
"HALLMARK_ANDROGEN_RESPONSE","ENSG00000118985"
"HALLMARK_ANDROGEN_RESPONSE","ENSG00000012660"
"HALLMARK_ANDROGEN_RESPONSE","ENSG00000149485"
"HALLMARK_ANDROGEN_RESPONSE","ENSG00000096060"
"HALLMARK_ANDROGEN_RESPONSE","ENSG00000065135"
"HALLMARK_ANDROGEN_RESPONSE","ENSG00000152642"
"HALLMARK_ANDROGEN_RESPONSE","ENSG00000104687"
"HALLMARK_ANDROGEN_RESPONSE","ENSG00000164116"
"HALLMARK_ANDROGEN_RESPONSE","ENSG00000189060"
"HALLMARK_ANDROGEN_RESPONSE","ENSG00000138641"
"HALLMARK_ANDROGEN_RESPONSE","ENSG00000113161"
"HALLMARK_ANDROGEN_RESPONSE","ENSG00000112972"
"HALLMARK_ANDROGEN_RESPONSE","ENSG00000103942"
"HALLMARK_ANDROGEN_RESPONSE","ENSG00000164120"
"HALLMARK_ANDROGEN_RESPONSE","ENSG00000087076"
"HALLMARK_ANDROGEN_RESPONSE","ENSG00000067064"
"HALLMARK_ANDROGEN_RESPONSE","ENSG00000109452"
"HALLMARK_ANDROGEN_RESPONSE","ENSG00000186480"
"HALLMARK_ANDROGEN_RESPONSE","ENSG00000145703"
"HALLMARK_ANDROGEN_RESPONSE","ENSG00000138448"
"HALLMARK_ANDROGEN_RESPONSE","ENSG00000167751"
"HALLMARK_ANDROGEN_RESPONSE","ENSG00000142515"
"HALLMARK_ANDROGEN_RESPONSE","ENSG00000171345"
"HALLMARK_ANDROGEN_RESPONSE","ENSG00000170421"
"HALLMARK_ANDROGEN_RESPONSE","ENSG00000113594"
"HALLMARK_ANDROGEN_RESPONSE","ENSG00000074695"
"HALLMARK_ANDROGEN_RESPONSE","ENSG00000178573"
"HALLMARK_ANDROGEN_RESPONSE","ENSG00000111837"
"HALLMARK_ANDROGEN_RESPONSE","ENSG00000135525"
"HALLMARK_ANDROGEN_RESPONSE","ENSG00000153208"
"HALLMARK_ANDROGEN_RESPONSE","ENSG00000101608"
"HALLMARK_ANDROGEN_RESPONSE","ENSG00000266412"
"HALLMARK_ANDROGEN_RESPONSE","ENSG00000104419"
"HALLMARK_ANDROGEN_RESPONSE","ENSG00000151092"
"HALLMARK_ANDROGEN_RESPONSE","ENSG00000167034"
"HALLMARK_ANDROGEN_RESPONSE","ENSG00000170515"
"HALLMARK_ANDROGEN_RESPONSE","ENSG00000163110"
"HALLMARK_ANDROGEN_RESPONSE","ENSG00000013375"
"HALLMARK_ANDROGEN_RESPONSE","ENSG00000033800"
"HALLMARK_ANDROGEN_RESPONSE","ENSG00000067113"
"HALLMARK_ANDROGEN_RESPONSE","ENSG00000124225"
"HALLMARK_ANDROGEN_RESPONSE","ENSG00000120899"
"HALLMARK_ANDROGEN_RESPONSE","ENSG00000070778"
"HALLMARK_ANDROGEN_RESPONSE","ENSG00000168118"
"HALLMARK_ANDROGEN_RESPONSE","ENSG00000177189"
"HALLMARK_ANDROGEN_RESPONSE","ENSG00000052749"
"HALLMARK_ANDROGEN_RESPONSE","ENSG00000130066"
"HALLMARK_ANDROGEN_RESPONSE","ENSG00000099194"
"HALLMARK_ANDROGEN_RESPONSE","ENSG00000150961"
"HALLMARK_ANDROGEN_RESPONSE","ENSG00000250722"
"HALLMARK_ANDROGEN_RESPONSE","ENSG00000118515"
"HALLMARK_ANDROGEN_RESPONSE","ENSG00000155850"
"HALLMARK_ANDROGEN_RESPONSE","ENSG00000134294"
"HALLMARK_ANDROGEN_RESPONSE","ENSG00000102172"
"HALLMARK_ANDROGEN_RESPONSE","ENSG00000140263"
"HALLMARK_ANDROGEN_RESPONSE","ENSG00000129128"
"HALLMARK_ANDROGEN_RESPONSE","ENSG00000124664"
"HALLMARK_ANDROGEN_RESPONSE","ENSG00000112658"
"HALLMARK_ANDROGEN_RESPONSE","ENSG00000153037"
"HALLMARK_ANDROGEN_RESPONSE","ENSG00000127954"
"HALLMARK_ANDROGEN_RESPONSE","ENSG00000198648"
"HALLMARK_ANDROGEN_RESPONSE","ENSG00000289746"
"HALLMARK_ANDROGEN_RESPONSE","ENSG00000183726"
"HALLMARK_ANDROGEN_RESPONSE","ENSG00000184012"
"HALLMARK_ANDROGEN_RESPONSE","ENSG00000145779"
"HALLMARK_ANDROGEN_RESPONSE","ENSG00000076554"
"HALLMARK_ANDROGEN_RESPONSE","ENSG00000102804"
"HALLMARK_ANDROGEN_RESPONSE","ENSG00000117143"
"HALLMARK_ANDROGEN_RESPONSE","ENSG00000103275"
"HALLMARK_ANDROGEN_RESPONSE","ENSG00000198833"
"HALLMARK_ANDROGEN_RESPONSE","ENSG00000101558"
"HALLMARK_ANDROGEN_RESPONSE","ENSG00000079246"
"HALLMARK_ANDROGEN_RESPONSE","ENSG00000196419"
"HALLMARK_ANDROGEN_RESPONSE","ENSG00000205189"
"HALLMARK_ANDROGEN_RESPONSE","ENSG00000108175"
"HALLMARK_ANGIOGENESIS","ENSG00000091583"
"HALLMARK_ANGIOGENESIS","ENSG00000142192"
"HALLMARK_ANGIOGENESIS","ENSG00000118971"
"HALLMARK_ANGIOGENESIS","ENSG00000168542"
"HALLMARK_ANGIOGENESIS","ENSG00000204262"
"HALLMARK_ANGIOGENESIS","ENSG00000124875"
"HALLMARK_ANGIOGENESIS","ENSG00000077782"
"HALLMARK_ANGIOGENESIS","ENSG00000163430"
"HALLMARK_ANGIOGENESIS","ENSG00000138448"
"HALLMARK_ANGIOGENESIS","ENSG00000101384"
"HALLMARK_ANGIOGENESIS","ENSG00000184916"
"HALLMARK_ANGIOGENESIS","ENSG00000121361"
"HALLMARK_ANGIOGENESIS","ENSG00000175445"
"HALLMARK_ANGIOGENESIS","ENSG00000163956"
"HALLMARK_ANGIOGENESIS","ENSG00000139329"
"HALLMARK_ANGIOGENESIS","ENSG00000163132"
"HALLMARK_ANGIOGENESIS","ENSG00000099250"
"HALLMARK_ANGIOGENESIS","ENSG00000173391"
"HALLMARK_ANGIOGENESIS","ENSG00000197461"
"HALLMARK_ANGIOGENESIS","ENSG00000163737"
"HALLMARK_ANGIOGENESIS","ENSG00000008438"
"HALLMARK_ANGIOGENESIS","ENSG00000133110"
"HALLMARK_ANGIOGENESIS","ENSG00000186652"
"HALLMARK_ANGIOGENESIS","ENSG00000169398"
"HALLMARK_ANGIOGENESIS","ENSG00000196154"
"HALLMARK_ANGIOGENESIS","ENSG00000188488"
"HALLMARK_ANGIOGENESIS","ENSG00000174640"
"HALLMARK_ANGIOGENESIS","ENSG00000118785"
"HALLMARK_ANGIOGENESIS","ENSG00000159167"
"HALLMARK_ANGIOGENESIS","ENSG00000178726"
"HALLMARK_ANGIOGENESIS","ENSG00000102265"
"HALLMARK_ANGIOGENESIS","ENSG00000146072"
"HALLMARK_ANGIOGENESIS","ENSG00000160293"
"HALLMARK_ANGIOGENESIS","ENSG00000038427"
"HALLMARK_ANGIOGENESIS","ENSG00000112715"
"HALLMARK_ANGIOGENESIS","ENSG00000109072"
"HALLMARK_APICAL_JUNCTION","ENSG00000143632"
"HALLMARK_APICAL_JUNCTION","ENSG00000075624"
"HALLMARK_APICAL_JUNCTION","ENSG00000159251"
"HALLMARK_APICAL_JUNCTION","ENSG00000184009"
"HALLMARK_APICAL_JUNCTION","ENSG00000163017"
"HALLMARK_APICAL_JUNCTION","ENSG00000072110"
"HALLMARK_APICAL_JUNCTION","ENSG00000077522"
"HALLMARK_APICAL_JUNCTION","ENSG00000248746"
"HALLMARK_APICAL_JUNCTION","ENSG00000130402"
"HALLMARK_APICAL_JUNCTION","ENSG00000143537"
"HALLMARK_APICAL_JUNCTION","ENSG00000114948"
"HALLMARK_APICAL_JUNCTION","ENSG00000168615"
"HALLMARK_APICAL_JUNCTION","ENSG00000154736"
"HALLMARK_APICAL_JUNCTION","ENSG00000170214"
"HALLMARK_APICAL_JUNCTION","ENSG00000105221"
"HALLMARK_APICAL_JUNCTION","ENSG00000117020"
"HALLMARK_APICAL_JUNCTION","ENSG00000179593"
"HALLMARK_APICAL_JUNCTION","ENSG00000104899"
"HALLMARK_APICAL_JUNCTION","ENSG00000181754"
"HALLMARK_APICAL_JUNCTION","ENSG00000139211"
"HALLMARK_APICAL_JUNCTION","ENSG00000129675"
"HALLMARK_APICAL_JUNCTION","ENSG00000163466"
"HALLMARK_APICAL_JUNCTION","ENSG00000105409"
"HALLMARK_APICAL_JUNCTION","ENSG00000086062"
"HALLMARK_APICAL_JUNCTION","ENSG00000175866"
"HALLMARK_APICAL_JUNCTION","ENSG00000168487"
"HALLMARK_APICAL_JUNCTION","ENSG00000175161"
"HALLMARK_APICAL_JUNCTION","ENSG00000162706"
"HALLMARK_APICAL_JUNCTION","ENSG00000172137"
"HALLMARK_APICAL_JUNCTION","ENSG00000131236"
"HALLMARK_APICAL_JUNCTION","ENSG00000090659"
"HALLMARK_APICAL_JUNCTION","ENSG00000120217"
"HALLMARK_APICAL_JUNCTION","ENSG00000103855"
"HALLMARK_APICAL_JUNCTION","ENSG00000174059"
"HALLMARK_APICAL_JUNCTION","ENSG00000114013"
"HALLMARK_APICAL_JUNCTION","ENSG00000002586"
"HALLMARK_APICAL_JUNCTION","ENSG00000039068"
"HALLMARK_APICAL_JUNCTION","ENSG00000140937"
"HALLMARK_APICAL_JUNCTION","ENSG00000129910"
"HALLMARK_APICAL_JUNCTION","ENSG00000062038"
"HALLMARK_APICAL_JUNCTION","ENSG00000179242"
"HALLMARK_APICAL_JUNCTION","ENSG00000113361"
"HALLMARK_APICAL_JUNCTION","ENSG00000150394"
"HALLMARK_APICAL_JUNCTION","ENSG00000132964"
"HALLMARK_APICAL_JUNCTION","ENSG00000204539"
"HALLMARK_APICAL_JUNCTION","ENSG00000167123"
"HALLMARK_APICAL_JUNCTION","ENSG00000013297"
"HALLMARK_APICAL_JUNCTION","ENSG00000159261"
"HALLMARK_APICAL_JUNCTION","ENSG00000106404"
"HALLMARK_APICAL_JUNCTION","ENSG00000066405"
"HALLMARK_APICAL_JUNCTION","ENSG00000164007"
"HALLMARK_APICAL_JUNCTION","ENSG00000189143"
"HALLMARK_APICAL_JUNCTION","ENSG00000184113"
"HALLMARK_APICAL_JUNCTION","ENSG00000184697"
"HALLMARK_APICAL_JUNCTION","ENSG00000181885"
"HALLMARK_APICAL_JUNCTION","ENSG00000156284"
"HALLMARK_APICAL_JUNCTION","ENSG00000213937"
"HALLMARK_APICAL_JUNCTION","ENSG00000064666"
"HALLMARK_APICAL_JUNCTION","ENSG00000018236"
"HALLMARK_APICAL_JUNCTION","ENSG00000084636"
"HALLMARK_APICAL_JUNCTION","ENSG00000065618"
"HALLMARK_APICAL_JUNCTION","ENSG00000112280"
"HALLMARK_APICAL_JUNCTION","ENSG00000095321"
"HALLMARK_APICAL_JUNCTION","ENSG00000130545"
"HALLMARK_APICAL_JUNCTION","ENSG00000044115"
"HALLMARK_APICAL_JUNCTION","ENSG00000198561"
"HALLMARK_APICAL_JUNCTION","ENSG00000006210"
"HALLMARK_APICAL_JUNCTION","ENSG00000204560"
"HALLMARK_APICAL_JUNCTION","ENSG00000075711"
"HALLMARK_APICAL_JUNCTION","ENSG00000152592"
"HALLMARK_APICAL_JUNCTION","ENSG00000134765"
"HALLMARK_APICAL_JUNCTION","ENSG00000134762"
"HALLMARK_APICAL_JUNCTION","ENSG00000146648"
"HALLMARK_APICAL_JUNCTION","ENSG00000079819"
"HALLMARK_APICAL_JUNCTION","ENSG00000196405"
"HALLMARK_APICAL_JUNCTION","ENSG00000131558"
"HALLMARK_APICAL_JUNCTION","ENSG00000166147"
"HALLMARK_APICAL_JUNCTION","ENSG00000128591"
"HALLMARK_APICAL_JUNCTION","ENSG00000075618"
"HALLMARK_APICAL_JUNCTION","ENSG00000082074"
"HALLMARK_APICAL_JUNCTION","ENSG00000130005"
"HALLMARK_APICAL_JUNCTION","ENSG00000127955"
"HALLMARK_APICAL_JUNCTION","ENSG00000114353"
"HALLMARK_APICAL_JUNCTION","ENSG00000141738"
"HALLMARK_APICAL_JUNCTION","ENSG00000125651"
"HALLMARK_APICAL_JUNCTION","ENSG00000138796"
"HALLMARK_APICAL_JUNCTION","ENSG00000174775"
"HALLMARK_APICAL_JUNCTION","ENSG00000090339"
"HALLMARK_APICAL_JUNCTION","ENSG00000108622"
"HALLMARK_APICAL_JUNCTION","ENSG00000105371"
"HALLMARK_APICAL_JUNCTION","ENSG00000105376"
"HALLMARK_APICAL_JUNCTION","ENSG00000269335"
"HALLMARK_APICAL_JUNCTION","ENSG00000165458"
"HALLMARK_APICAL_JUNCTION","ENSG00000186480"
"HALLMARK_APICAL_JUNCTION","ENSG00000169047"
"HALLMARK_APICAL_JUNCTION","ENSG00000143127"
"HALLMARK_APICAL_JUNCTION","ENSG00000164171"
"HALLMARK_APICAL_JUNCTION","ENSG00000005884"
"HALLMARK_APICAL_JUNCTION","ENSG00000144668"
"HALLMARK_APICAL_JUNCTION","ENSG00000150093"
"HALLMARK_APICAL_JUNCTION","ENSG00000132470"
"HALLMARK_APICAL_JUNCTION","ENSG00000166086"
"HALLMARK_APICAL_JUNCTION","ENSG00000173801"
"HALLMARK_APICAL_JUNCTION","ENSG00000055118"
"HALLMARK_APICAL_JUNCTION","ENSG00000094796"
"HALLMARK_APICAL_JUNCTION","ENSG00000053747"
"HALLMARK_APICAL_JUNCTION","ENSG00000196878"
"HALLMARK_APICAL_JUNCTION","ENSG00000058085"
"HALLMARK_APICAL_JUNCTION","ENSG00000204381"
"HALLMARK_APICAL_JUNCTION","ENSG00000157978"
"HALLMARK_APICAL_JUNCTION","ENSG00000050405"
"HALLMARK_APICAL_JUNCTION","ENSG00000099866"
"HALLMARK_APICAL_JUNCTION","ENSG00000091436"
"HALLMARK_APICAL_JUNCTION","ENSG00000168067"
"HALLMARK_APICAL_JUNCTION","ENSG00000185386"
"HALLMARK_APICAL_JUNCTION","ENSG00000156711"
"HALLMARK_APICAL_JUNCTION","ENSG00000112062"
"HALLMARK_APICAL_JUNCTION","ENSG00000110492"
"HALLMARK_APICAL_JUNCTION","ENSG00000087245"
"HALLMARK_APICAL_JUNCTION","ENSG00000100985"
"HALLMARK_APICAL_JUNCTION","ENSG00000197965"
"HALLMARK_APICAL_JUNCTION","ENSG00000149573"
"HALLMARK_APICAL_JUNCTION","ENSG00000147065"
"HALLMARK_APICAL_JUNCTION","ENSG00000167508"
"HALLMARK_APICAL_JUNCTION","ENSG00000133026"
"HALLMARK_APICAL_JUNCTION","ENSG00000100345"
"HALLMARK_APICAL_JUNCTION","ENSG00000118680"
"HALLMARK_APICAL_JUNCTION","ENSG00000101335"
"HALLMARK_APICAL_JUNCTION","ENSG00000110400"
"HALLMARK_APICAL_JUNCTION","ENSG00000130202"
"HALLMARK_APICAL_JUNCTION","ENSG00000177707"
"HALLMARK_APICAL_JUNCTION","ENSG00000143217"
"HALLMARK_APICAL_JUNCTION","ENSG00000172260"
"HALLMARK_APICAL_JUNCTION","ENSG00000162614"
"HALLMARK_APICAL_JUNCTION","ENSG00000196712"
"HALLMARK_APICAL_JUNCTION","ENSG00000186575"
"HALLMARK_APICAL_JUNCTION","ENSG00000163531"
"HALLMARK_APICAL_JUNCTION","ENSG00000172367"
"HALLMARK_APICAL_JUNCTION","ENSG00000169992"
"HALLMARK_APICAL_JUNCTION","ENSG00000196338"
"HALLMARK_APICAL_JUNCTION","ENSG00000197893"
"HALLMARK_APICAL_JUNCTION","ENSG00000171119"
"HALLMARK_APICAL_JUNCTION","ENSG00000110076"
"HALLMARK_APICAL_JUNCTION","ENSG00000072415"
"HALLMARK_APICAL_JUNCTION","ENSG00000178184"
"HALLMARK_APICAL_JUNCTION","ENSG00000197702"
"HALLMARK_APICAL_JUNCTION","ENSG00000204304"
"HALLMARK_APICAL_JUNCTION","ENSG00000156453"
"HALLMARK_APICAL_JUNCTION","ENSG00000261371"
"HALLMARK_APICAL_JUNCTION","ENSG00000108518"
"HALLMARK_APICAL_JUNCTION","ENSG00000051382"
"HALLMARK_APICAL_JUNCTION","ENSG00000117461"
"HALLMARK_APICAL_JUNCTION","ENSG00000008710"
"HALLMARK_APICAL_JUNCTION","ENSG00000124181"
"HALLMARK_APICAL_JUNCTION","ENSG00000074211"
"HALLMARK_APICAL_JUNCTION","ENSG00000171862"
"HALLMARK_APICAL_JUNCTION","ENSG00000169398"
"HALLMARK_APICAL_JUNCTION","ENSG00000081237"
"HALLMARK_APICAL_JUNCTION","ENSG00000128340"
"HALLMARK_APICAL_JUNCTION","ENSG00000145715"
"HALLMARK_APICAL_JUNCTION","ENSG00000139725"
"HALLMARK_APICAL_JUNCTION","ENSG00000126458"
"HALLMARK_APICAL_JUNCTION","ENSG00000148484"
"HALLMARK_APICAL_JUNCTION","ENSG00000162512"
"HALLMARK_APICAL_JUNCTION","ENSG00000127990"
"HALLMARK_APICAL_JUNCTION","ENSG00000160691"
"HALLMARK_APICAL_JUNCTION","ENSG00000146950"
"HALLMARK_APICAL_JUNCTION","ENSG00000198053"
"HALLMARK_APICAL_JUNCTION","ENSG00000005020"
"HALLMARK_APICAL_JUNCTION","ENSG00000115194"
"HALLMARK_APICAL_JUNCTION","ENSG00000145147"
"HALLMARK_APICAL_JUNCTION","ENSG00000120896"
"HALLMARK_APICAL_JUNCTION","ENSG00000072195"
"HALLMARK_APICAL_JUNCTION","ENSG00000197122"
"HALLMARK_APICAL_JUNCTION","ENSG00000103496"
"HALLMARK_APICAL_JUNCTION","ENSG00000165025"
"HALLMARK_APICAL_JUNCTION","ENSG00000125755"
"HALLMARK_APICAL_JUNCTION","ENSG00000149930"
"HALLMARK_APICAL_JUNCTION","ENSG00000120708"
"HALLMARK_APICAL_JUNCTION","ENSG00000169231"
"HALLMARK_APICAL_JUNCTION","ENSG00000154096"
"HALLMARK_APICAL_JUNCTION","ENSG00000151923"
"HALLMARK_APICAL_JUNCTION","ENSG00000104067"
"HALLMARK_APICAL_JUNCTION","ENSG00000137103"
"HALLMARK_APICAL_JUNCTION","ENSG00000164761"
"HALLMARK_APICAL_JUNCTION","ENSG00000056558"
"HALLMARK_APICAL_JUNCTION","ENSG00000067445"
"HALLMARK_APICAL_JUNCTION","ENSG00000165699"
"HALLMARK_APICAL_JUNCTION","ENSG00000214063"
"HALLMARK_APICAL_JUNCTION","ENSG00000131462"
"HALLMARK_APICAL_JUNCTION","ENSG00000125753"
"HALLMARK_APICAL_JUNCTION","ENSG00000160293"
"HALLMARK_APICAL_JUNCTION","ENSG00000162692"
"HALLMARK_APICAL_JUNCTION","ENSG00000038427"
"HALLMARK_APICAL_JUNCTION","ENSG00000035403"
"HALLMARK_APICAL_JUNCTION","ENSG00000110799"
"HALLMARK_APICAL_JUNCTION","ENSG00000106299"
"HALLMARK_APICAL_JUNCTION","ENSG00000126562"
"HALLMARK_APICAL_JUNCTION","ENSG00000128245"
"HALLMARK_APICAL_JUNCTION","ENSG00000159840"
"HALLMARK_APICAL_SURFACE","ENSG00000137845"
"HALLMARK_APICAL_SURFACE","ENSG00000006831"
"HALLMARK_APICAL_SURFACE","ENSG00000169129"
"HALLMARK_APICAL_SURFACE","ENSG00000118507"
"HALLMARK_APICAL_SURFACE","ENSG00000142192"
"HALLMARK_APICAL_SURFACE","ENSG00000105929"
"HALLMARK_APICAL_SURFACE","ENSG00000081923"
"HALLMARK_APICAL_SURFACE","ENSG00000086062"
"HALLMARK_APICAL_SURFACE","ENSG00000012048"
"HALLMARK_APICAL_SURFACE","ENSG00000117281"
"HALLMARK_APICAL_SURFACE","ENSG00000058453"
"HALLMARK_APICAL_SURFACE","ENSG00000112297"
"HALLMARK_APICAL_SURFACE","ENSG00000006210"
"HALLMARK_APICAL_SURFACE","ENSG00000057019"
"HALLMARK_APICAL_SURFACE","ENSG00000184349"
"HALLMARK_APICAL_SURFACE","ENSG00000196411"
"HALLMARK_APICAL_SURFACE","ENSG00000132589"
"HALLMARK_APICAL_SURFACE","ENSG00000180447"
"HALLMARK_APICAL_SURFACE","ENSG00000107485"
"HALLMARK_APICAL_SURFACE","ENSG00000157017"
"HALLMARK_APICAL_SURFACE","ENSG00000134202"
"HALLMARK_APICAL_SURFACE","ENSG00000106211"
"HALLMARK_APICAL_SURFACE","ENSG00000100385"
"HALLMARK_APICAL_SURFACE","ENSG00000147168"
"HALLMARK_APICAL_SURFACE","ENSG00000254087"
"HALLMARK_APICAL_SURFACE","ENSG00000124466"
"HALLMARK_APICAL_SURFACE","ENSG00000172005"
"HALLMARK_APICAL_SURFACE","ENSG00000112139"
"HALLMARK_APICAL_SURFACE","ENSG00000198646"
"HALLMARK_APICAL_SURFACE","ENSG00000162631"
"HALLMARK_APICAL_SURFACE","ENSG00000169174"
"HALLMARK_APICAL_SURFACE","ENSG00000170927"
"HALLMARK_APICAL_SURFACE","ENSG00000011422"
"HALLMARK_APICAL_SURFACE","ENSG00000140519"
"HALLMARK_APICAL_SURFACE","ENSG00000185924"
"HALLMARK_APICAL_SURFACE","ENSG00000159307"
"HALLMARK_APICAL_SURFACE","ENSG00000146950"
"HALLMARK_APICAL_SURFACE","ENSG00000197891"
"HALLMARK_APICAL_SURFACE","ENSG00000181856"
"HALLMARK_APICAL_SURFACE","ENSG00000198569"
"HALLMARK_APICAL_SURFACE","ENSG00000101955"
"HALLMARK_APICAL_SURFACE","ENSG00000196562"
"HALLMARK_APICAL_SURFACE","ENSG00000154096"
"HALLMARK_APICAL_SURFACE","ENSG00000137103"
"HALLMARK_APOPTOSIS","ENSG00000087274"
"HALLMARK_APOPTOSIS","ENSG00000183773"
"HALLMARK_APOPTOSIS","ENSG00000154122"
"HALLMARK_APOPTOSIS","ENSG00000135046"
"HALLMARK_APOPTOSIS","ENSG00000142192"
"HALLMARK_APOPTOSIS","ENSG00000162772"
"HALLMARK_APOPTOSIS","ENSG00000166148"
"HALLMARK_APOPTOSIS","ENSG00000087088"
"HALLMARK_APOPTOSIS","ENSG00000185825"
"HALLMARK_APOPTOSIS","ENSG00000142867"
"HALLMARK_APOPTOSIS","ENSG00000171552"
"HALLMARK_APOPTOSIS","ENSG00000137875"
"HALLMARK_APOPTOSIS","ENSG00000153094"
"HALLMARK_APOPTOSIS","ENSG00000129473"
"HALLMARK_APOPTOSIS","ENSG00000182492"
"HALLMARK_APOPTOSIS","ENSG00000015475"
"HALLMARK_APOPTOSIS","ENSG00000100290"
"HALLMARK_APOPTOSIS","ENSG00000023445"
"HALLMARK_APOPTOSIS","ENSG00000104081"
"HALLMARK_APOPTOSIS","ENSG00000125845"
"HALLMARK_APOPTOSIS","ENSG00000104765"
"HALLMARK_APOPTOSIS","ENSG00000012048"
"HALLMARK_APOPTOSIS","ENSG00000159388"
"HALLMARK_APOPTOSIS","ENSG00000154640"
"HALLMARK_APOPTOSIS","ENSG00000137752"
"HALLMARK_APOPTOSIS","ENSG00000106144"
"HALLMARK_APOPTOSIS","ENSG00000164305"
"HALLMARK_APOPTOSIS","ENSG00000196954"
"HALLMARK_APOPTOSIS","ENSG00000138794"
"HALLMARK_APOPTOSIS","ENSG00000165806"
"HALLMARK_APOPTOSIS","ENSG00000064012"
"HALLMARK_APOPTOSIS","ENSG00000132906"
"HALLMARK_APOPTOSIS","ENSG00000105974"
"HALLMARK_APOPTOSIS","ENSG00000133101"
"HALLMARK_APOPTOSIS","ENSG00000110092"
"HALLMARK_APOPTOSIS","ENSG00000118971"
"HALLMARK_APOPTOSIS","ENSG00000170458"
"HALLMARK_APOPTOSIS","ENSG00000116824"
"HALLMARK_APOPTOSIS","ENSG00000004468"
"HALLMARK_APOPTOSIS","ENSG00000026508"
"HALLMARK_APOPTOSIS","ENSG00000110848"
"HALLMARK_APOPTOSIS","ENSG00000101224"
"HALLMARK_APOPTOSIS","ENSG00000123374"
"HALLMARK_APOPTOSIS","ENSG00000124762"
"HALLMARK_APOPTOSIS","ENSG00000111276"
"HALLMARK_APOPTOSIS","ENSG00000003402"
"HALLMARK_APOPTOSIS","ENSG00000120885"
"HALLMARK_APOPTOSIS","ENSG00000005339"
"HALLMARK_APOPTOSIS","ENSG00000116761"
"HALLMARK_APOPTOSIS","ENSG00000168036"
"HALLMARK_APOPTOSIS","ENSG00000083799"
"HALLMARK_APOPTOSIS","ENSG00000112977"
"HALLMARK_APOPTOSIS","ENSG00000132676"
"HALLMARK_APOPTOSIS","ENSG00000011465"
"HALLMARK_APOPTOSIS","ENSG00000175197"
"HALLMARK_APOPTOSIS","ENSG00000160049"
"HALLMARK_APOPTOSIS","ENSG00000184047"
"HALLMARK_APOPTOSIS","ENSG00000086061"
"HALLMARK_APOPTOSIS","ENSG00000102580"
"HALLMARK_APOPTOSIS","ENSG00000087470"
"HALLMARK_APOPTOSIS","ENSG00000188641"
"HALLMARK_APOPTOSIS","ENSG00000147155"
"HALLMARK_APOPTOSIS","ENSG00000179388"
"HALLMARK_APOPTOSIS","ENSG00000134531"
"HALLMARK_APOPTOSIS","ENSG00000111674"
"HALLMARK_APOPTOSIS","ENSG00000141736"
"HALLMARK_APOPTOSIS","ENSG00000065361"
"HALLMARK_APOPTOSIS","ENSG00000124882"
"HALLMARK_APOPTOSIS","ENSG00000120705"
"HALLMARK_APOPTOSIS","ENSG00000180210"
"HALLMARK_APOPTOSIS","ENSG00000181104"
"HALLMARK_APOPTOSIS","ENSG00000026103"
"HALLMARK_APOPTOSIS","ENSG00000117560"
"HALLMARK_APOPTOSIS","ENSG00000161513"
"HALLMARK_APOPTOSIS","ENSG00000149557"
"HALLMARK_APOPTOSIS","ENSG00000116717"
"HALLMARK_APOPTOSIS","ENSG00000099860"
"HALLMARK_APOPTOSIS","ENSG00000131979"
"HALLMARK_APOPTOSIS","ENSG00000060558"
"HALLMARK_APOPTOSIS","ENSG00000233276"
"HALLMARK_APOPTOSIS","ENSG00000211445"
"HALLMARK_APOPTOSIS","ENSG00000167468"
"HALLMARK_APOPTOSIS","ENSG00000148180"
"HALLMARK_APOPTOSIS","ENSG00000104687"
"HALLMARK_APOPTOSIS","ENSG00000134184"
"HALLMARK_APOPTOSIS","ENSG00000132518"
"HALLMARK_APOPTOSIS","ENSG00000189060"
"HALLMARK_APOPTOSIS","ENSG00000019991"
"HALLMARK_APOPTOSIS","ENSG00000164104"
"HALLMARK_APOPTOSIS","ENSG00000100292"
"HALLMARK_APOPTOSIS","ENSG00000106211"
"HALLMARK_APOPTOSIS","ENSG00000137331"
"HALLMARK_APOPTOSIS","ENSG00000142089"
"HALLMARK_APOPTOSIS","ENSG00000171855"
"HALLMARK_APOPTOSIS","ENSG00000027697"
"HALLMARK_APOPTOSIS","ENSG00000197081"
"HALLMARK_APOPTOSIS","ENSG00000167779"
"HALLMARK_APOPTOSIS","ENSG00000150782"
"HALLMARK_APOPTOSIS","ENSG00000115008"
"HALLMARK_APOPTOSIS","ENSG00000125538"
"HALLMARK_APOPTOSIS","ENSG00000136244"
"HALLMARK_APOPTOSIS","ENSG00000125347"
"HALLMARK_APOPTOSIS","ENSG00000172183"
"HALLMARK_APOPTOSIS","ENSG00000177606"
"HALLMARK_APOPTOSIS","ENSG00000111057"
"HALLMARK_APOPTOSIS","ENSG00000138795"
"HALLMARK_APOPTOSIS","ENSG00000131981"
"HALLMARK_APOPTOSIS","ENSG00000160789"
"HALLMARK_APOPTOSIS","ENSG00000139329"
"HALLMARK_APOPTOSIS","ENSG00000110514"
"HALLMARK_APOPTOSIS","ENSG00000143384"
"HALLMARK_APOPTOSIS","ENSG00000170430"
"HALLMARK_APOPTOSIS","ENSG00000087245"
"HALLMARK_APOPTOSIS","ENSG00000111859"
"HALLMARK_APOPTOSIS","ENSG00000100285"
"HALLMARK_APOPTOSIS","ENSG00000149269"
"HALLMARK_APOPTOSIS","ENSG00000150593"
"HALLMARK_APOPTOSIS","ENSG00000113721"
"HALLMARK_APOPTOSIS","ENSG00000162734"
"HALLMARK_APOPTOSIS","ENSG00000104368"
"HALLMARK_APOPTOSIS","ENSG00000137841"
"HALLMARK_APOPTOSIS","ENSG00000117600"
"HALLMARK_APOPTOSIS","ENSG00000141682"
"HALLMARK_APOPTOSIS","ENSG00000068971"
"HALLMARK_APOPTOSIS","ENSG00000221823"
"HALLMARK_APOPTOSIS","ENSG00000131238"
"HALLMARK_APOPTOSIS","ENSG00000180644"
"HALLMARK_APOPTOSIS","ENSG00000080815"
"HALLMARK_APOPTOSIS","ENSG00000143801"
"HALLMARK_APOPTOSIS","ENSG00000169398"
"HALLMARK_APOPTOSIS","ENSG00000131759"
"HALLMARK_APOPTOSIS","ENSG00000173039"
"HALLMARK_APOPTOSIS","ENSG00000042445"
"HALLMARK_APOPTOSIS","ENSG00000143878"
"HALLMARK_APOPTOSIS","ENSG00000140983"
"HALLMARK_APOPTOSIS","ENSG00000135828"
"HALLMARK_APOPTOSIS","ENSG00000067900"
"HALLMARK_APOPTOSIS","ENSG00000130066"
"HALLMARK_APOPTOSIS","ENSG00000182568"
"HALLMARK_APOPTOSIS","ENSG00000109929"
"HALLMARK_APOPTOSIS","ENSG00000144136"
"HALLMARK_APOPTOSIS","ENSG00000101665"
"HALLMARK_APOPTOSIS","ENSG00000142168"
"HALLMARK_APOPTOSIS","ENSG00000291237"
"HALLMARK_APOPTOSIS","ENSG00000197694"
"HALLMARK_APOPTOSIS","ENSG00000161011"
"HALLMARK_APOPTOSIS","ENSG00000168394"
"HALLMARK_APOPTOSIS","ENSG00000092969"
"HALLMARK_APOPTOSIS","ENSG00000069702"
"HALLMARK_APOPTOSIS","ENSG00000102265"
"HALLMARK_APOPTOSIS","ENSG00000035862"
"HALLMARK_APOPTOSIS","ENSG00000100234"
"HALLMARK_APOPTOSIS","ENSG00000232810"
"HALLMARK_APOPTOSIS","ENSG00000006327"
"HALLMARK_APOPTOSIS","ENSG00000121858"
"HALLMARK_APOPTOSIS","ENSG00000131747"
"HALLMARK_APOPTOSIS","ENSG00000100300"
"HALLMARK_APOPTOSIS","ENSG00000265972"
"HALLMARK_APOPTOSIS","ENSG00000165637"
"HALLMARK_APOPTOSIS","ENSG00000166483"
"HALLMARK_APOPTOSIS","ENSG00000101966"
"HALLMARK_BILE_ACID_METABOLISM","ENSG00000165029"
"HALLMARK_BILE_ACID_METABOLISM","ENSG00000107331"
"HALLMARK_BILE_ACID_METABOLISM","ENSG00000167972"
"HALLMARK_BILE_ACID_METABOLISM","ENSG00000198691"
"HALLMARK_BILE_ACID_METABOLISM","ENSG00000154265"
"HALLMARK_BILE_ACID_METABOLISM","ENSG00000154262"
"HALLMARK_BILE_ACID_METABOLISM","ENSG00000141338"
"HALLMARK_BILE_ACID_METABOLISM","ENSG00000154258"
"HALLMARK_BILE_ACID_METABOLISM","ENSG00000101986"
"HALLMARK_BILE_ACID_METABOLISM","ENSG00000173208"
"HALLMARK_BILE_ACID_METABOLISM","ENSG00000117528"
"HALLMARK_BILE_ACID_METABOLISM","ENSG00000172350"
"HALLMARK_BILE_ACID_METABOLISM","ENSG00000143921"
"HALLMARK_BILE_ACID_METABOLISM","ENSG00000151726"
"HALLMARK_BILE_ACID_METABOLISM","ENSG00000197142"
"HALLMARK_BILE_ACID_METABOLISM","ENSG00000172482"
"HALLMARK_BILE_ACID_METABOLISM","ENSG00000122787"
"HALLMARK_BILE_ACID_METABOLISM","ENSG00000165092"
"HALLMARK_BILE_ACID_METABOLISM","ENSG00000118514"
"HALLMARK_BILE_ACID_METABOLISM","ENSG00000143149"
"HALLMARK_BILE_ACID_METABOLISM","ENSG00000242110"
"HALLMARK_BILE_ACID_METABOLISM","ENSG00000118137"
"HALLMARK_BILE_ACID_METABOLISM","ENSG00000103569"
"HALLMARK_BILE_ACID_METABOLISM","ENSG00000169083"
"HALLMARK_BILE_ACID_METABOLISM","ENSG00000124788"
"HALLMARK_BILE_ACID_METABOLISM","ENSG00000129151"
"HALLMARK_BILE_ACID_METABOLISM","ENSG00000137936"
"HALLMARK_BILE_ACID_METABOLISM","ENSG00000153162"
"HALLMARK_BILE_ACID_METABOLISM","ENSG00000121691"
"HALLMARK_BILE_ACID_METABOLISM","ENSG00000138135"
"HALLMARK_BILE_ACID_METABOLISM","ENSG00000005469"
"HALLMARK_BILE_ACID_METABOLISM","ENSG00000135929"
"HALLMARK_BILE_ACID_METABOLISM","ENSG00000146233"
"HALLMARK_BILE_ACID_METABOLISM","ENSG00000036530"
"HALLMARK_BILE_ACID_METABOLISM","ENSG00000167910"
"HALLMARK_BILE_ACID_METABOLISM","ENSG00000172817"
"HALLMARK_BILE_ACID_METABOLISM","ENSG00000180432"
"HALLMARK_BILE_ACID_METABOLISM","ENSG00000116133"
"HALLMARK_BILE_ACID_METABOLISM","ENSG00000211452"
"HALLMARK_BILE_ACID_METABOLISM","ENSG00000211448"
"HALLMARK_BILE_ACID_METABOLISM","ENSG00000096093"
"HALLMARK_BILE_ACID_METABOLISM","ENSG00000120915"
"HALLMARK_BILE_ACID_METABOLISM","ENSG00000149485"
"HALLMARK_BILE_ACID_METABOLISM","ENSG00000134824"
"HALLMARK_BILE_ACID_METABOLISM","ENSG00000161513"
"HALLMARK_BILE_ACID_METABOLISM","ENSG00000145321"
"HALLMARK_BILE_ACID_METABOLISM","ENSG00000023909"
"HALLMARK_BILE_ACID_METABOLISM","ENSG00000124713"
"HALLMARK_BILE_ACID_METABOLISM","ENSG00000116906"
"HALLMARK_BILE_ACID_METABOLISM","ENSG00000197448"
"HALLMARK_BILE_ACID_METABOLISM","ENSG00000131373"
"HALLMARK_BILE_ACID_METABOLISM","ENSG00000101323"
"HALLMARK_BILE_ACID_METABOLISM","ENSG00000198189"
"HALLMARK_BILE_ACID_METABOLISM","ENSG00000133835"
"HALLMARK_BILE_ACID_METABOLISM","ENSG00000025423"
"HALLMARK_BILE_ACID_METABOLISM","ENSG00000203857"
"HALLMARK_BILE_ACID_METABOLISM","ENSG00000099377"
"HALLMARK_BILE_ACID_METABOLISM","ENSG00000138413"
"HALLMARK_BILE_ACID_METABOLISM","ENSG00000182054"
"HALLMARK_BILE_ACID_METABOLISM","ENSG00000067064"
"HALLMARK_BILE_ACID_METABOLISM","ENSG00000066583"
"HALLMARK_BILE_ACID_METABOLISM","ENSG00000105610"
"HALLMARK_BILE_ACID_METABOLISM","ENSG00000182866"
"HALLMARK_BILE_ACID_METABOLISM","ENSG00000079435"
"HALLMARK_BILE_ACID_METABOLISM","ENSG00000102910"
"HALLMARK_BILE_ACID_METABOLISM","ENSG00000103150"
"HALLMARK_BILE_ACID_METABOLISM","ENSG00000069869"
"HALLMARK_BILE_ACID_METABOLISM","ENSG00000141458"
"HALLMARK_BILE_ACID_METABOLISM","ENSG00000131910"
"HALLMARK_BILE_ACID_METABOLISM","ENSG00000012504"
"HALLMARK_BILE_ACID_METABOLISM","ENSG00000144852"
"HALLMARK_BILE_ACID_METABOLISM","ENSG00000151623"
"HALLMARK_BILE_ACID_METABOLISM","ENSG00000112874"
"HALLMARK_BILE_ACID_METABOLISM","ENSG00000123240"
"HALLMARK_BILE_ACID_METABOLISM","ENSG00000148832"
"HALLMARK_BILE_ACID_METABOLISM","ENSG00000115425"
"HALLMARK_BILE_ACID_METABOLISM","ENSG00000127980"
"HALLMARK_BILE_ACID_METABOLISM","ENSG00000166821"
"HALLMARK_BILE_ACID_METABOLISM","ENSG00000104883"
"HALLMARK_BILE_ACID_METABOLISM","ENSG00000108733"
"HALLMARK_BILE_ACID_METABOLISM","ENSG00000162928"
"HALLMARK_BILE_ACID_METABOLISM","ENSG00000121680"
"HALLMARK_BILE_ACID_METABOLISM","ENSG00000162735"
"HALLMARK_BILE_ACID_METABOLISM","ENSG00000215193"
"HALLMARK_BILE_ACID_METABOLISM","ENSG00000124587"
"HALLMARK_BILE_ACID_METABOLISM","ENSG00000112357"
"HALLMARK_BILE_ACID_METABOLISM","ENSG00000152556"
"HALLMARK_BILE_ACID_METABOLISM","ENSG00000107537"
"HALLMARK_BILE_ACID_METABOLISM","ENSG00000179761"
"HALLMARK_BILE_ACID_METABOLISM","ENSG00000135241"
"HALLMARK_BILE_ACID_METABOLISM","ENSG00000126432"
"HALLMARK_BILE_ACID_METABOLISM","ENSG00000176894"
"HALLMARK_BILE_ACID_METABOLISM","ENSG00000114115"
"HALLMARK_BILE_ACID_METABOLISM","ENSG00000042445"
"HALLMARK_BILE_ACID_METABOLISM","ENSG00000186350"
"HALLMARK_BILE_ACID_METABOLISM","ENSG00000143171"
"HALLMARK_BILE_ACID_METABOLISM","ENSG00000116171"
"HALLMARK_BILE_ACID_METABOLISM","ENSG00000170099"
"HALLMARK_BILE_ACID_METABOLISM","ENSG00000170482"
"HALLMARK_BILE_ACID_METABOLISM","ENSG00000089057"
"HALLMARK_BILE_ACID_METABOLISM","ENSG00000140284"
"HALLMARK_BILE_ACID_METABOLISM","ENSG00000083807"
"HALLMARK_BILE_ACID_METABOLISM","ENSG00000112759"
"HALLMARK_BILE_ACID_METABOLISM","ENSG00000157593"
"HALLMARK_BILE_ACID_METABOLISM","ENSG00000110628"
"HALLMARK_BILE_ACID_METABOLISM","ENSG00000084453"
"HALLMARK_BILE_ACID_METABOLISM","ENSG00000167780"
"HALLMARK_BILE_ACID_METABOLISM","ENSG00000142168"
"HALLMARK_BILE_ACID_METABOLISM","ENSG00000173597"
"HALLMARK_BILE_ACID_METABOLISM","ENSG00000088002"
"HALLMARK_BILE_ACID_METABOLISM","ENSG00000115112"
"HALLMARK_BILE_ACID_METABOLISM","ENSG00000118271"
"HALLMARK_CHOLESTEROL_HOMEOSTASIS","ENSG00000107331"
"HALLMARK_CHOLESTEROL_HOMEOSTASIS","ENSG00000120437"
"HALLMARK_CHOLESTEROL_HOMEOSTASIS","ENSG00000131069"
"HALLMARK_CHOLESTEROL_HOMEOSTASIS","ENSG00000184009"
"HALLMARK_CHOLESTEROL_HOMEOSTASIS","ENSG00000198099"
"HALLMARK_CHOLESTEROL_HOMEOSTASIS","ENSG00000170017"
"HALLMARK_CHOLESTEROL_HOMEOSTASIS","ENSG00000109107"
"HALLMARK_CHOLESTEROL_HOMEOSTASIS","ENSG00000163297"
"HALLMARK_CHOLESTEROL_HOMEOSTASIS","ENSG00000104537"
"HALLMARK_CHOLESTEROL_HOMEOSTASIS","ENSG00000164111"
"HALLMARK_CHOLESTEROL_HOMEOSTASIS","ENSG00000162772"
"HALLMARK_CHOLESTEROL_HOMEOSTASIS","ENSG00000169136"
"HALLMARK_CHOLESTEROL_HOMEOSTASIS","ENSG00000204842"
"HALLMARK_CHOLESTEROL_HOMEOSTASIS","ENSG00000166148"
"HALLMARK_CHOLESTEROL_HOMEOSTASIS","ENSG00000160200"
"HALLMARK_CHOLESTEROL_HOMEOSTASIS","ENSG00000010278"
"HALLMARK_CHOLESTEROL_HOMEOSTASIS","ENSG00000110721"
"HALLMARK_CHOLESTEROL_HOMEOSTASIS","ENSG00000120885"
"HALLMARK_CHOLESTEROL_HOMEOSTASIS","ENSG00000137449"
"HALLMARK_CHOLESTEROL_HOMEOSTASIS","ENSG00000168036"
"HALLMARK_CHOLESTEROL_HOMEOSTASIS","ENSG00000161921"
"HALLMARK_CHOLESTEROL_HOMEOSTASIS","ENSG00000001630"
"HALLMARK_CHOLESTEROL_HOMEOSTASIS","ENSG00000172893"
"HALLMARK_CHOLESTEROL_HOMEOSTASIS","ENSG00000147155"
"HALLMARK_CHOLESTEROL_HOMEOSTASIS","ENSG00000104823"
"HALLMARK_CHOLESTEROL_HOMEOSTASIS","ENSG00000116285"
"HALLMARK_CHOLESTEROL_HOMEOSTASIS","ENSG00000105755"
"HALLMARK_CHOLESTEROL_HOMEOSTASIS","ENSG00000164687"
"HALLMARK_CHOLESTEROL_HOMEOSTASIS","ENSG00000134824"
"HALLMARK_CHOLESTEROL_HOMEOSTASIS","ENSG00000169710"
"HALLMARK_CHOLESTEROL_HOMEOSTASIS","ENSG00000116663"
"HALLMARK_CHOLESTEROL_HOMEOSTASIS","ENSG00000079459"
"HALLMARK_CHOLESTEROL_HOMEOSTASIS","ENSG00000160752"
"HALLMARK_CHOLESTEROL_HOMEOSTASIS","ENSG00000178445"
"HALLMARK_CHOLESTEROL_HOMEOSTASIS","ENSG00000127955"
"HALLMARK_CHOLESTEROL_HOMEOSTASIS","ENSG00000164294"
"HALLMARK_CHOLESTEROL_HOMEOSTASIS","ENSG00000213366"
"HALLMARK_CHOLESTEROL_HOMEOSTASIS","ENSG00000169919"
"HALLMARK_CHOLESTEROL_HOMEOSTASIS","ENSG00000113161"
"HALLMARK_CHOLESTEROL_HOMEOSTASIS","ENSG00000112972"
"HALLMARK_CHOLESTEROL_HOMEOSTASIS","ENSG00000132196"
"HALLMARK_CHOLESTEROL_HOMEOSTASIS","ENSG00000067064"
"HALLMARK_CHOLESTEROL_HOMEOSTASIS","ENSG00000101384"
"HALLMARK_CHOLESTEROL_HOMEOSTASIS","ENSG00000130164"
"HALLMARK_CHOLESTEROL_HOMEOSTASIS","ENSG00000131981"
"HALLMARK_CHOLESTEROL_HOMEOSTASIS","ENSG00000100600"
"HALLMARK_CHOLESTEROL_HOMEOSTASIS","ENSG00000175445"
"HALLMARK_CHOLESTEROL_HOMEOSTASIS","ENSG00000160285"
"HALLMARK_CHOLESTEROL_HOMEOSTASIS","ENSG00000147676"
"HALLMARK_CHOLESTEROL_HOMEOSTASIS","ENSG00000167508"
"HALLMARK_CHOLESTEROL_HOMEOSTASIS","ENSG00000110921"
"HALLMARK_CHOLESTEROL_HOMEOSTASIS","ENSG00000165030"
"HALLMARK_CHOLESTEROL_HOMEOSTASIS","ENSG00000135842"
"HALLMARK_CHOLESTEROL_HOMEOSTASIS","ENSG00000147383"
"HALLMARK_CHOLESTEROL_HOMEOSTASIS","ENSG00000185813"
"HALLMARK_CHOLESTEROL_HOMEOSTASIS","ENSG00000067992"
"HALLMARK_CHOLESTEROL_HOMEOSTASIS","ENSG00000011422"
"HALLMARK_CHOLESTEROL_HOMEOSTASIS","ENSG00000188313"
"HALLMARK_CHOLESTEROL_HOMEOSTASIS","ENSG00000163344"
"HALLMARK_CHOLESTEROL_HOMEOSTASIS","ENSG00000146278"
"HALLMARK_CHOLESTEROL_HOMEOSTASIS","ENSG00000132170"
"HALLMARK_CHOLESTEROL_HOMEOSTASIS","ENSG00000163191"
"HALLMARK_CHOLESTEROL_HOMEOSTASIS","ENSG00000109929"
"HALLMARK_CHOLESTEROL_HOMEOSTASIS","ENSG00000099194"
"HALLMARK_CHOLESTEROL_HOMEOSTASIS","ENSG00000012171"
"HALLMARK_CHOLESTEROL_HOMEOSTASIS","ENSG00000104549"
"HALLMARK_CHOLESTEROL_HOMEOSTASIS","ENSG00000198911"
"HALLMARK_CHOLESTEROL_HOMEOSTASIS","ENSG00000164211"
"HALLMARK_CHOLESTEROL_HOMEOSTASIS","ENSG00000162236"
"HALLMARK_CHOLESTEROL_HOMEOSTASIS","ENSG00000149809"
"HALLMARK_CHOLESTEROL_HOMEOSTASIS","ENSG00000109084"
"HALLMARK_CHOLESTEROL_HOMEOSTASIS","ENSG00000006327"
"HALLMARK_CHOLESTEROL_HOMEOSTASIS","ENSG00000164938"
"HALLMARK_CHOLESTEROL_HOMEOSTASIS","ENSG00000101255"
"HALLMARK_COAGULATION","ENSG00000175899"
"HALLMARK_COAGULATION","ENSG00000168306"
"HALLMARK_COAGULATION","ENSG00000168615"
"HALLMARK_COAGULATION","ENSG00000214274"
"HALLMARK_COAGULATION","ENSG00000135046"
"HALLMARK_COAGULATION","ENSG00000118137"
"HALLMARK_COAGULATION","ENSG00000130208"
"HALLMARK_COAGULATION","ENSG00000234906"
"HALLMARK_COAGULATION","ENSG00000110245"
"HALLMARK_COAGULATION","ENSG00000168374"
"HALLMARK_COAGULATION","ENSG00000168487"
"HALLMARK_COAGULATION","ENSG00000173372"
"HALLMARK_COAGULATION","ENSG00000159403"
"HALLMARK_COAGULATION","ENSG00000182326"
"HALLMARK_COAGULATION","ENSG00000166278"
"HALLMARK_COAGULATION","ENSG00000125730"
"HALLMARK_COAGULATION","ENSG00000157131"
"HALLMARK_COAGULATION","ENSG00000021852"
"HALLMARK_COAGULATION","ENSG00000176919"
"HALLMARK_COAGULATION","ENSG00000113600"
"HALLMARK_COAGULATION","ENSG00000162909"
"HALLMARK_COAGULATION","ENSG00000149260"
"HALLMARK_COAGULATION","ENSG00000132906"
"HALLMARK_COAGULATION","ENSG00000010278"
"HALLMARK_COAGULATION","ENSG00000243649"
"HALLMARK_COAGULATION","ENSG00000197766"
"HALLMARK_COAGULATION","ENSG00000000971"
"HALLMARK_COAGULATION","ENSG00000205403"
"HALLMARK_COAGULATION","ENSG00000120885"
"HALLMARK_COAGULATION","ENSG00000105664"
"HALLMARK_COAGULATION","ENSG00000080618"
"HALLMARK_COAGULATION","ENSG00000120054"
"HALLMARK_COAGULATION","ENSG00000104324"
"HALLMARK_COAGULATION","ENSG00000182809"
"HALLMARK_COAGULATION","ENSG00000159176"
"HALLMARK_COAGULATION","ENSG00000164733"
"HALLMARK_COAGULATION","ENSG00000196188"
"HALLMARK_COAGULATION","ENSG00000103811"
"HALLMARK_COAGULATION","ENSG00000143387"
"HALLMARK_COAGULATION","ENSG00000256043"
"HALLMARK_COAGULATION","ENSG00000136943"
"HALLMARK_COAGULATION","ENSG00000080166"
"HALLMARK_COAGULATION","ENSG00000197635"
"HALLMARK_COAGULATION","ENSG00000276023"
"HALLMARK_COAGULATION","ENSG00000139318"
"HALLMARK_COAGULATION","ENSG00000126218"
"HALLMARK_COAGULATION","ENSG00000088926"
"HALLMARK_COAGULATION","ENSG00000131187"
"HALLMARK_COAGULATION","ENSG00000143278"
"HALLMARK_COAGULATION","ENSG00000180210"
"HALLMARK_COAGULATION","ENSG00000164220"
"HALLMARK_COAGULATION","ENSG00000117525"
"HALLMARK_COAGULATION","ENSG00000185010"
"HALLMARK_COAGULATION","ENSG00000101981"
"HALLMARK_COAGULATION","ENSG00000166147"
"HALLMARK_COAGULATION","ENSG00000171560"
"HALLMARK_COAGULATION","ENSG00000171557"
"HALLMARK_COAGULATION","ENSG00000115414"
"HALLMARK_COAGULATION","ENSG00000140564"
"HALLMARK_COAGULATION","ENSG00000010810"
"HALLMARK_COAGULATION","ENSG00000119125"
"HALLMARK_COAGULATION","ENSG00000172354"
"HALLMARK_COAGULATION","ENSG00000172380"
"HALLMARK_COAGULATION","ENSG00000185245"
"HALLMARK_COAGULATION","ENSG00000169704"
"HALLMARK_COAGULATION","ENSG00000148180"
"HALLMARK_COAGULATION","ENSG00000134240"
"HALLMARK_COAGULATION","ENSG00000101076"
"HALLMARK_COAGULATION","ENSG00000105707"
"HALLMARK_COAGULATION","ENSG00000113905"
"HALLMARK_COAGULATION","ENSG00000166033"
"HALLMARK_COAGULATION","ENSG00000136003"
"HALLMARK_COAGULATION","ENSG00000164171"
"HALLMARK_COAGULATION","ENSG00000259207"
"HALLMARK_COAGULATION","ENSG00000055957"
"HALLMARK_COAGULATION","ENSG00000118263"
"HALLMARK_COAGULATION","ENSG00000129455"
"HALLMARK_COAGULATION","ENSG00000164344"
"HALLMARK_COAGULATION","ENSG00000005893"
"HALLMARK_COAGULATION","ENSG00000143768"
"HALLMARK_COAGULATION","ENSG00000100600"
"HALLMARK_COAGULATION","ENSG00000123384"
"HALLMARK_COAGULATION","ENSG00000111144"
"HALLMARK_COAGULATION","ENSG00000185022"
"HALLMARK_COAGULATION","ENSG00000009724"
"HALLMARK_COAGULATION","ENSG00000165471"
"HALLMARK_COAGULATION","ENSG00000112818"
"HALLMARK_COAGULATION","ENSG00000196611"
"HALLMARK_COAGULATION","ENSG00000166670"
"HALLMARK_COAGULATION","ENSG00000099953"
"HALLMARK_COAGULATION","ENSG00000157227"
"HALLMARK_COAGULATION","ENSG00000102996"
"HALLMARK_COAGULATION","ENSG00000087245"
"HALLMARK_COAGULATION","ENSG00000149968"
"HALLMARK_COAGULATION","ENSG00000137673"
"HALLMARK_COAGULATION","ENSG00000118113"
"HALLMARK_COAGULATION","ENSG00000100985"
"HALLMARK_COAGULATION","ENSG00000148450"
"HALLMARK_COAGULATION","ENSG00000173531"
"HALLMARK_COAGULATION","ENSG00000173391"
"HALLMARK_COAGULATION","ENSG00000169860"
"HALLMARK_COAGULATION","ENSG00000100311"
"HALLMARK_COAGULATION","ENSG00000261371"
"HALLMARK_COAGULATION","ENSG00000162517"
"HALLMARK_COAGULATION","ENSG00000163737"
"HALLMARK_COAGULATION","ENSG00000104368"
"HALLMARK_COAGULATION","ENSG00000122861"
"HALLMARK_COAGULATION","ENSG00000115956"
"HALLMARK_COAGULATION","ENSG00000122194"
"HALLMARK_COAGULATION","ENSG00000085377"
"HALLMARK_COAGULATION","ENSG00000115718"
"HALLMARK_COAGULATION","ENSG00000184500"
"HALLMARK_COAGULATION","ENSG00000126231"
"HALLMARK_COAGULATION","ENSG00000150687"
"HALLMARK_COAGULATION","ENSG00000183155"
"HALLMARK_COAGULATION","ENSG00000136238"
"HALLMARK_COAGULATION","ENSG00000079337"
"HALLMARK_COAGULATION","ENSG00000130988"
"HALLMARK_COAGULATION","ENSG00000160678"
"HALLMARK_COAGULATION","ENSG00000189171"
"HALLMARK_COAGULATION","ENSG00000197249"
"HALLMARK_COAGULATION","ENSG00000197632"
"HALLMARK_COAGULATION","ENSG00000117601"
"HALLMARK_COAGULATION","ENSG00000106366"
"HALLMARK_COAGULATION","ENSG00000149131"
"HALLMARK_COAGULATION","ENSG00000160999"
"HALLMARK_COAGULATION","ENSG00000068903"
"HALLMARK_COAGULATION","ENSG00000113140"
"HALLMARK_COAGULATION","ENSG00000091513"
"HALLMARK_COAGULATION","ENSG00000105825"
"HALLMARK_COAGULATION","ENSG00000178726"
"HALLMARK_COAGULATION","ENSG00000137801"
"HALLMARK_COAGULATION","ENSG00000102265"
"HALLMARK_COAGULATION","ENSG00000100234"
"HALLMARK_COAGULATION","ENSG00000187045"
"HALLMARK_COAGULATION","ENSG00000102226"
"HALLMARK_COAGULATION","ENSG00000110799"
"HALLMARK_COAGULATION","ENSG00000071127"
"HALLMARK_COMPLEMENT","ENSG00000077522"
"HALLMARK_COMPLEMENT","ENSG00000168615"
"HALLMARK_COMPLEMENT","ENSG00000274286"
"HALLMARK_COMPLEMENT","ENSG00000108599"
"HALLMARK_COMPLEMENT","ENSG00000214274"
"HALLMARK_COMPLEMENT","ENSG00000164111"
"HALLMARK_COMPLEMENT","ENSG00000110244"
"HALLMARK_COMPLEMENT","ENSG00000128394"
"HALLMARK_COMPLEMENT","ENSG00000239713"
"HALLMARK_COMPLEMENT","ENSG00000130208"
"HALLMARK_COMPLEMENT","ENSG00000177556"
"HALLMARK_COMPLEMENT","ENSG00000096070"
"HALLMARK_COMPLEMENT","ENSG00000173372"
"HALLMARK_COMPLEMENT","ENSG00000159189"
"HALLMARK_COMPLEMENT","ENSG00000159403"
"HALLMARK_COMPLEMENT","ENSG00000182326"
"HALLMARK_COMPLEMENT","ENSG00000166278"
"HALLMARK_COMPLEMENT","ENSG00000125730"
"HALLMARK_COMPLEMENT","ENSG00000123843"
"HALLMARK_COMPLEMENT","ENSG00000113600"
"HALLMARK_COMPLEMENT","ENSG00000104267"
"HALLMARK_COMPLEMENT","ENSG00000198668"
"HALLMARK_COMPLEMENT","ENSG00000160014"
"HALLMARK_COMPLEMENT","ENSG00000137752"
"HALLMARK_COMPLEMENT","ENSG00000003400"
"HALLMARK_COMPLEMENT","ENSG00000164305"
"HALLMARK_COMPLEMENT","ENSG00000196954"
"HALLMARK_COMPLEMENT","ENSG00000137757"
"HALLMARK_COMPLEMENT","ENSG00000165806"
"HALLMARK_COMPLEMENT","ENSG00000132906"
"HALLMARK_COMPLEMENT","ENSG00000114423"
"HALLMARK_COMPLEMENT","ENSG00000271503"
"HALLMARK_COMPLEMENT","ENSG00000135218"
"HALLMARK_COMPLEMENT","ENSG00000102245"
"HALLMARK_COMPLEMENT","ENSG00000117335"
"HALLMARK_COMPLEMENT","ENSG00000196352"
"HALLMARK_COMPLEMENT","ENSG00000085063"
"HALLMARK_COMPLEMENT","ENSG00000158825"
"HALLMARK_COMPLEMENT","ENSG00000140945"
"HALLMARK_COMPLEMENT","ENSG00000176749"
"HALLMARK_COMPLEMENT","ENSG00000172216"
"HALLMARK_COMPLEMENT","ENSG00000243649"
"HALLMARK_COMPLEMENT","ENSG00000000971"
"HALLMARK_COMPLEMENT","ENSG00000120885"
"HALLMARK_COMPLEMENT","ENSG00000134871"
"HALLMARK_COMPLEMENT","ENSG00000047457"
"HALLMARK_COMPLEMENT","ENSG00000135678"
"HALLMARK_COMPLEMENT","ENSG00000104324"
"HALLMARK_COMPLEMENT","ENSG00000203710"
"HALLMARK_COMPLEMENT","ENSG00000117322"
"HALLMARK_COMPLEMENT","ENSG00000159176"
"HALLMARK_COMPLEMENT","ENSG00000164733"
"HALLMARK_COMPLEMENT","ENSG00000109861"
"HALLMARK_COMPLEMENT","ENSG00000117984"
"HALLMARK_COMPLEMENT","ENSG00000103811"
"HALLMARK_COMPLEMENT","ENSG00000135047"
"HALLMARK_COMPLEMENT","ENSG00000256043"
"HALLMARK_COMPLEMENT","ENSG00000163131"
"HALLMARK_COMPLEMENT","ENSG00000136943"
"HALLMARK_COMPLEMENT","ENSG00000163739"
"HALLMARK_COMPLEMENT","ENSG00000058866"
"HALLMARK_COMPLEMENT","ENSG00000102780"
"HALLMARK_COMPLEMENT","ENSG00000135905"
"HALLMARK_COMPLEMENT","ENSG00000128512"
"HALLMARK_COMPLEMENT","ENSG00000088387"
"HALLMARK_COMPLEMENT","ENSG00000197635"
"HALLMARK_COMPLEMENT","ENSG00000138166"
"HALLMARK_COMPLEMENT","ENSG00000139318"
"HALLMARK_COMPLEMENT","ENSG00000127334"
"HALLMARK_COMPLEMENT","ENSG00000110047"
"HALLMARK_COMPLEMENT","ENSG00000164308"
"HALLMARK_COMPLEMENT","ENSG00000126218"
"HALLMARK_COMPLEMENT","ENSG00000180210"
"HALLMARK_COMPLEMENT","ENSG00000117525"
"HALLMARK_COMPLEMENT","ENSG00000198734"
"HALLMARK_COMPLEMENT","ENSG00000057593"
"HALLMARK_COMPLEMENT","ENSG00000185010"
"HALLMARK_COMPLEMENT","ENSG00000158869"
"HALLMARK_COMPLEMENT","ENSG00000085265"
"HALLMARK_COMPLEMENT","ENSG00000137714"
"HALLMARK_COMPLEMENT","ENSG00000115414"
"HALLMARK_COMPLEMENT","ENSG00000010810"
"HALLMARK_COMPLEMENT","ENSG00000107485"
"HALLMARK_COMPLEMENT","ENSG00000115271"
"HALLMARK_COMPLEMENT","ENSG00000197045"
"HALLMARK_COMPLEMENT","ENSG00000114353"
"HALLMARK_COMPLEMENT","ENSG00000065135"
"HALLMARK_COMPLEMENT","ENSG00000172354"
"HALLMARK_COMPLEMENT","ENSG00000114450"
"HALLMARK_COMPLEMENT","ENSG00000186469"
"HALLMARK_COMPLEMENT","ENSG00000167083"
"HALLMARK_COMPLEMENT","ENSG00000185245"
"HALLMARK_COMPLEMENT","ENSG00000169704"
"HALLMARK_COMPLEMENT","ENSG00000115159"
"HALLMARK_COMPLEMENT","ENSG00000177885"
"HALLMARK_COMPLEMENT","ENSG00000145649"
"HALLMARK_COMPLEMENT","ENSG00000100453"
"HALLMARK_COMPLEMENT","ENSG00000113088"
"HALLMARK_COMPLEMENT","ENSG00000101076"
"HALLMARK_COMPLEMENT","ENSG00000116983"
"HALLMARK_COMPLEMENT","ENSG00000204389"
"HALLMARK_COMPLEMENT","ENSG00000044574"
"HALLMARK_COMPLEMENT","ENSG00000136244"
"HALLMARK_COMPLEMENT","ENSG00000125347"
"HALLMARK_COMPLEMENT","ENSG00000168310"
"HALLMARK_COMPLEMENT","ENSG00000185507"
"HALLMARK_COMPLEMENT","ENSG00000169896"
"HALLMARK_COMPLEMENT","ENSG00000055957"
"HALLMARK_COMPLEMENT","ENSG00000096968"
"HALLMARK_COMPLEMENT","ENSG00000120049"
"HALLMARK_COMPLEMENT","ENSG00000115041"
"HALLMARK_COMPLEMENT","ENSG00000068796"
"HALLMARK_COMPLEMENT","ENSG00000167748"
"HALLMARK_COMPLEMENT","ENSG00000164344"
"HALLMARK_COMPLEMENT","ENSG00000115919"
"HALLMARK_COMPLEMENT","ENSG00000154655"
"HALLMARK_COMPLEMENT","ENSG00000005893"
"HALLMARK_COMPLEMENT","ENSG00000002549"
"HALLMARK_COMPLEMENT","ENSG00000182866"
"HALLMARK_COMPLEMENT","ENSG00000043462"
"HALLMARK_COMPLEMENT","ENSG00000131981"
"HALLMARK_COMPLEMENT","ENSG00000100600"
"HALLMARK_COMPLEMENT","ENSG00000107798"
"HALLMARK_COMPLEMENT","ENSG00000123384"
"HALLMARK_COMPLEMENT","ENSG00000111144"
"HALLMARK_COMPLEMENT","ENSG00000012223"
"HALLMARK_COMPLEMENT","ENSG00000254087"
"HALLMARK_COMPLEMENT","ENSG00000185022"
"HALLMARK_COMPLEMENT","ENSG00000065833"
"HALLMARK_COMPLEMENT","ENSG00000262406"
"HALLMARK_COMPLEMENT","ENSG00000137745"
"HALLMARK_COMPLEMENT","ENSG00000157227"
"HALLMARK_COMPLEMENT","ENSG00000102996"
"HALLMARK_COMPLEMENT","ENSG00000118113"
"HALLMARK_COMPLEMENT","ENSG00000198736"
"HALLMARK_COMPLEMENT","ENSG00000087250"
"HALLMARK_COMPLEMENT","ENSG00000204301"
"HALLMARK_COMPLEMENT","ENSG00000173391"
"HALLMARK_COMPLEMENT","ENSG00000186472"
"HALLMARK_COMPLEMENT","ENSG00000169174"
"HALLMARK_COMPLEMENT","ENSG00000100311"
"HALLMARK_COMPLEMENT","ENSG00000164951"
"HALLMARK_COMPLEMENT","ENSG00000108518"
"HALLMARK_COMPLEMENT","ENSG00000102174"
"HALLMARK_COMPLEMENT","ENSG00000121879"
"HALLMARK_COMPLEMENT","ENSG00000105851"
"HALLMARK_COMPLEMENT","ENSG00000141506"
"HALLMARK_COMPLEMENT","ENSG00000137193"
"HALLMARK_COMPLEMENT","ENSG00000116711"
"HALLMARK_COMPLEMENT","ENSG00000146070"
"HALLMARK_COMPLEMENT","ENSG00000104368"
"HALLMARK_COMPLEMENT","ENSG00000011422"
"HALLMARK_COMPLEMENT","ENSG00000115956"
"HALLMARK_COMPLEMENT","ENSG00000122194"
"HALLMARK_COMPLEMENT","ENSG00000188313"
"HALLMARK_COMPLEMENT","ENSG00000104695"
"HALLMARK_COMPLEMENT","ENSG00000149923"
"HALLMARK_COMPLEMENT","ENSG00000137509"
"HALLMARK_COMPLEMENT","ENSG00000110851"
"HALLMARK_COMPLEMENT","ENSG00000085377"
"HALLMARK_COMPLEMENT","ENSG00000163932"
"HALLMARK_COMPLEMENT","ENSG00000010438"
"HALLMARK_COMPLEMENT","ENSG00000178226"
"HALLMARK_COMPLEMENT","ENSG00000080815"
"HALLMARK_COMPLEMENT","ENSG00000240065"
"HALLMARK_COMPLEMENT","ENSG00000183155"
"HALLMARK_COMPLEMENT","ENSG00000132155"
"HALLMARK_COMPLEMENT","ENSG00000172575"
"HALLMARK_COMPLEMENT","ENSG00000131381"
"HALLMARK_COMPLEMENT","ENSG00000173653"
"HALLMARK_COMPLEMENT","ENSG00000177105"
"HALLMARK_COMPLEMENT","ENSG00000063978"
"HALLMARK_COMPLEMENT","ENSG00000163221"
"HALLMARK_COMPLEMENT","ENSG00000189171"
"HALLMARK_COMPLEMENT","ENSG00000163220"
"HALLMARK_COMPLEMENT","ENSG00000104112"
"HALLMARK_COMPLEMENT","ENSG00000197249"
"HALLMARK_COMPLEMENT","ENSG00000197632"
"HALLMARK_COMPLEMENT","ENSG00000117601"
"HALLMARK_COMPLEMENT","ENSG00000106366"
"HALLMARK_COMPLEMENT","ENSG00000149131"
"HALLMARK_COMPLEMENT","ENSG00000111252"
"HALLMARK_COMPLEMENT","ENSG00000077463"
"HALLMARK_COMPLEMENT","ENSG00000107742"
"HALLMARK_COMPLEMENT","ENSG00000197122"
"HALLMARK_COMPLEMENT","ENSG00000103496"
"HALLMARK_COMPLEMENT","ENSG00000105825"
"HALLMARK_COMPLEMENT","ENSG00000102265"
"HALLMARK_COMPLEMENT","ENSG00000035862"
"HALLMARK_COMPLEMENT","ENSG00000187045"
"HALLMARK_COMPLEMENT","ENSG00000118503"
"HALLMARK_COMPLEMENT","ENSG00000101557"
"HALLMARK_COMPLEMENT","ENSG00000135655"
"HALLMARK_COMPLEMENT","ENSG00000156256"
"HALLMARK_COMPLEMENT","ENSG00000138592"
"HALLMARK_COMPLEMENT","ENSG00000175073"
"HALLMARK_COMPLEMENT","ENSG00000015285"
"HALLMARK_COMPLEMENT","ENSG00000108039"
"HALLMARK_COMPLEMENT","ENSG00000148516"
"HALLMARK_COMPLEMENT","ENSG00000169946"
"HALLMARK_DNA_REPAIR","ENSG00000094914"
"HALLMARK_DNA_REPAIR","ENSG00000196839"
"HALLMARK_DNA_REPAIR","ENSG00000174233"
"HALLMARK_DNA_REPAIR","ENSG00000130706"
"HALLMARK_DNA_REPAIR","ENSG00000134698"
"HALLMARK_DNA_REPAIR","ENSG00000106992"
"HALLMARK_DNA_REPAIR","ENSG00000147853"
"HALLMARK_DNA_REPAIR","ENSG00000183684"
"HALLMARK_DNA_REPAIR","ENSG00000198931"
"HALLMARK_DNA_REPAIR","ENSG00000170540"
"HALLMARK_DNA_REPAIR","ENSG00000187244"
"HALLMARK_DNA_REPAIR","ENSG00000185825"
"HALLMARK_DNA_REPAIR","ENSG00000183336"
"HALLMARK_DNA_REPAIR","ENSG00000104221"
"HALLMARK_DNA_REPAIR","ENSG00000171302"
"HALLMARK_DNA_REPAIR","ENSG00000152669"
"HALLMARK_DNA_REPAIR","ENSG00000158825"
"HALLMARK_DNA_REPAIR","ENSG00000147400"
"HALLMARK_DNA_REPAIR","ENSG00000172409"
"HALLMARK_DNA_REPAIR","ENSG00000134326"
"HALLMARK_DNA_REPAIR","ENSG00000138495"
"HALLMARK_DNA_REPAIR","ENSG00000176102"
"HALLMARK_DNA_REPAIR","ENSG00000129562"
"HALLMARK_DNA_REPAIR","ENSG00000132912"
"HALLMARK_DNA_REPAIR","ENSG00000167986"
"HALLMARK_DNA_REPAIR","ENSG00000134574"
"HALLMARK_DNA_REPAIR","ENSG00000128191"
"HALLMARK_DNA_REPAIR","ENSG00000114956"
"HALLMARK_DNA_REPAIR","ENSG00000128951"
"HALLMARK_DNA_REPAIR","ENSG00000107223"
"HALLMARK_DNA_REPAIR","ENSG00000114784"
"HALLMARK_DNA_REPAIR","ENSG00000105656"
"HALLMARK_DNA_REPAIR","ENSG00000011007"
"HALLMARK_DNA_REPAIR","ENSG00000012061"
"HALLMARK_DNA_REPAIR","ENSG00000104884"
"HALLMARK_DNA_REPAIR","ENSG00000163161"
"HALLMARK_DNA_REPAIR","ENSG00000175595"
"HALLMARK_DNA_REPAIR","ENSG00000134899"
"HALLMARK_DNA_REPAIR","ENSG00000049167"
"HALLMARK_DNA_REPAIR","ENSG00000168496"
"HALLMARK_DNA_REPAIR","ENSG00000100938"
"HALLMARK_DNA_REPAIR","ENSG00000167468"
"HALLMARK_DNA_REPAIR","ENSG00000105928"
"HALLMARK_DNA_REPAIR","ENSG00000140307"
"HALLMARK_DNA_REPAIR","ENSG00000137947"
"HALLMARK_DNA_REPAIR","ENSG00000125651"
"HALLMARK_DNA_REPAIR","ENSG00000110768"
"HALLMARK_DNA_REPAIR","ENSG00000111358"
"HALLMARK_DNA_REPAIR","ENSG00000272047"
"HALLMARK_DNA_REPAIR","ENSG00000148308"
"HALLMARK_DNA_REPAIR","ENSG00000143774"
"HALLMARK_DNA_REPAIR","ENSG00000180353"
"HALLMARK_DNA_REPAIR","ENSG00000165704"
"HALLMARK_DNA_REPAIR","ENSG00000178035"
"HALLMARK_DNA_REPAIR","ENSG00000125877"
"HALLMARK_DNA_REPAIR","ENSG00000105486"
"HALLMARK_DNA_REPAIR","ENSG00000143158"
"HALLMARK_DNA_REPAIR","ENSG00000103152"
"HALLMARK_DNA_REPAIR","ENSG00000185608"
"HALLMARK_DNA_REPAIR","ENSG00000114503"
"HALLMARK_DNA_REPAIR","ENSG00000188986"
"HALLMARK_DNA_REPAIR","ENSG00000101158"
"HALLMARK_DNA_REPAIR","ENSG00000204356"
"HALLMARK_DNA_REPAIR","ENSG00000086102"
"HALLMARK_DNA_REPAIR","ENSG00000239672"
"HALLMARK_DNA_REPAIR","ENSG00000103024"
"HALLMARK_DNA_REPAIR","ENSG00000103202"
"HALLMARK_DNA_REPAIR","ENSG00000159899"
"HALLMARK_DNA_REPAIR","ENSG00000125458"
"HALLMARK_DNA_REPAIR","ENSG00000122643"
"HALLMARK_DNA_REPAIR","ENSG00000167005"
"HALLMARK_DNA_REPAIR","ENSG00000170502"
"HALLMARK_DNA_REPAIR","ENSG00000132646"
"HALLMARK_DNA_REPAIR","ENSG00000184588"
"HALLMARK_DNA_REPAIR","ENSG00000185527"
"HALLMARK_DNA_REPAIR","ENSG00000198805"
"HALLMARK_DNA_REPAIR","ENSG00000101868"
"HALLMARK_DNA_REPAIR","ENSG00000014138"
"HALLMARK_DNA_REPAIR","ENSG00000070501"
"HALLMARK_DNA_REPAIR","ENSG00000062822"
"HALLMARK_DNA_REPAIR","ENSG00000077514"
"HALLMARK_DNA_REPAIR","ENSG00000175482"
"HALLMARK_DNA_REPAIR","ENSG00000115350"
"HALLMARK_DNA_REPAIR","ENSG00000170734"
"HALLMARK_DNA_REPAIR","ENSG00000166169"
"HALLMARK_DNA_REPAIR","ENSG00000171453"
"HALLMARK_DNA_REPAIR","ENSG00000186184"
"HALLMARK_DNA_REPAIR","ENSG00000066379"
"HALLMARK_DNA_REPAIR","ENSG00000181222"
"HALLMARK_DNA_REPAIR","ENSG00000102978"
"HALLMARK_DNA_REPAIR","ENSG00000144231"
"HALLMARK_DNA_REPAIR","ENSG00000099817"
"HALLMARK_DNA_REPAIR","ENSG00000100142"
"HALLMARK_DNA_REPAIR","ENSG00000168002"
"HALLMARK_DNA_REPAIR","ENSG00000163882"
"HALLMARK_DNA_REPAIR","ENSG00000105258"
"HALLMARK_DNA_REPAIR","ENSG00000005075"
"HALLMARK_DNA_REPAIR","ENSG00000147669"
"HALLMARK_DNA_REPAIR","ENSG00000186141"
"HALLMARK_DNA_REPAIR","ENSG00000121851"
"HALLMARK_DNA_REPAIR","ENSG00000196313"
"HALLMARK_DNA_REPAIR","ENSG00000198056"
"HALLMARK_DNA_REPAIR","ENSG00000051180"
"HALLMARK_DNA_REPAIR","ENSG00000002016"
"HALLMARK_DNA_REPAIR","ENSG00000101146"
"HALLMARK_DNA_REPAIR","ENSG00000006451"
"HALLMARK_DNA_REPAIR","ENSG00000100387"
"HALLMARK_DNA_REPAIR","ENSG00000009413"
"HALLMARK_DNA_REPAIR","ENSG00000049541"
"HALLMARK_DNA_REPAIR","ENSG00000133119"
"HALLMARK_DNA_REPAIR","ENSG00000163918"
"HALLMARK_DNA_REPAIR","ENSG00000111445"
"HALLMARK_DNA_REPAIR","ENSG00000101654"
"HALLMARK_DNA_REPAIR","ENSG00000117748"
"HALLMARK_DNA_REPAIR","ENSG00000106399"
"HALLMARK_DNA_REPAIR","ENSG00000048392"
"HALLMARK_DNA_REPAIR","ENSG00000168061"
"HALLMARK_DNA_REPAIR","ENSG00000137575"
"HALLMARK_DNA_REPAIR","ENSG00000058262"
"HALLMARK_DNA_REPAIR","ENSG00000183431"
"HALLMARK_DNA_REPAIR","ENSG00000113658"
"HALLMARK_DNA_REPAIR","ENSG00000165684"
"HALLMARK_DNA_REPAIR","ENSG00000174446"
"HALLMARK_DNA_REPAIR","ENSG00000124193"
"HALLMARK_DNA_REPAIR","ENSG00000149136"
"HALLMARK_DNA_REPAIR","ENSG00000166900"
"HALLMARK_DNA_REPAIR","ENSG00000213246"
"HALLMARK_DNA_REPAIR","ENSG00000196235"
"HALLMARK_DNA_REPAIR","ENSG00000148290"
"HALLMARK_DNA_REPAIR","ENSG00000166337"
"HALLMARK_DNA_REPAIR","ENSG00000120656"
"HALLMARK_DNA_REPAIR","ENSG00000197780"
"HALLMARK_DNA_REPAIR","ENSG00000103168"
"HALLMARK_DNA_REPAIR","ENSG00000106290"
"HALLMARK_DNA_REPAIR","ENSG00000273841"
"HALLMARK_DNA_REPAIR","ENSG00000139546"
"HALLMARK_DNA_REPAIR","ENSG00000166548"
"HALLMARK_DNA_REPAIR","ENSG00000086598"
"HALLMARK_DNA_REPAIR","ENSG00000141510"
"HALLMARK_DNA_REPAIR","ENSG00000074319"
"HALLMARK_DNA_REPAIR","ENSG00000176890"
"HALLMARK_DNA_REPAIR","ENSG00000114491"
"HALLMARK_DNA_REPAIR","ENSG00000125351"
"HALLMARK_DNA_REPAIR","ENSG00000102226"
"HALLMARK_DNA_REPAIR","ENSG00000160948"
"HALLMARK_DNA_REPAIR","ENSG00000139722"
"HALLMARK_DNA_REPAIR","ENSG00000176428"
"HALLMARK_DNA_REPAIR","ENSG00000154767"
"HALLMARK_DNA_REPAIR","ENSG00000181135"
"HALLMARK_DNA_REPAIR","ENSG00000122952"
"HALLMARK_E2F_TARGETS","ENSG00000004455"
"HALLMARK_E2F_TARGETS","ENSG00000143401"
"HALLMARK_E2F_TARGETS","ENSG00000111875"
"HALLMARK_E2F_TARGETS","ENSG00000105011"
"HALLMARK_E2F_TARGETS","ENSG00000156802"
"HALLMARK_E2F_TARGETS","ENSG00000087586"
"HALLMARK_E2F_TARGETS","ENSG00000178999"
"HALLMARK_E2F_TARGETS","ENSG00000138376"
"HALLMARK_E2F_TARGETS","ENSG00000089685"
"HALLMARK_E2F_TARGETS","ENSG00000012048"
"HALLMARK_E2F_TARGETS","ENSG00000139618"
"HALLMARK_E2F_TARGETS","ENSG00000100916"
"HALLMARK_E2F_TARGETS","ENSG00000156970"
"HALLMARK_E2F_TARGETS","ENSG00000094916"
"HALLMARK_E2F_TARGETS","ENSG00000157456"
"HALLMARK_E2F_TARGETS","ENSG00000105173"
"HALLMARK_E2F_TARGETS","ENSG00000103540"
"HALLMARK_E2F_TARGETS","ENSG00000117399"
"HALLMARK_E2F_TARGETS","ENSG00000164045"
"HALLMARK_E2F_TARGETS","ENSG00000101224"
"HALLMARK_E2F_TARGETS","ENSG00000111665"
"HALLMARK_E2F_TARGETS","ENSG00000134690"
"HALLMARK_E2F_TARGETS","ENSG00000170312"
"HALLMARK_E2F_TARGETS","ENSG00000135446"
"HALLMARK_E2F_TARGETS","ENSG00000124762"
"HALLMARK_E2F_TARGETS","ENSG00000111276"
"HALLMARK_E2F_TARGETS","ENSG00000147889"
"HALLMARK_E2F_TARGETS","ENSG00000123080"
"HALLMARK_E2F_TARGETS","ENSG00000100526"
"HALLMARK_E2F_TARGETS","ENSG00000138778"
"HALLMARK_E2F_TARGETS","ENSG00000100162"
"HALLMARK_E2F_TARGETS","ENSG00000149554"
"HALLMARK_E2F_TARGETS","ENSG00000183765"
"HALLMARK_E2F_TARGETS","ENSG00000122966"
"HALLMARK_E2F_TARGETS","ENSG00000173207"
"HALLMARK_E2F_TARGETS","ENSG00000123975"
"HALLMARK_E2F_TARGETS","ENSG00000144580"
"HALLMARK_E2F_TARGETS","ENSG00000124207"
"HALLMARK_E2F_TARGETS","ENSG00000102974"
"HALLMARK_E2F_TARGETS","ENSG00000171793"
"HALLMARK_E2F_TARGETS","ENSG00000156136"
"HALLMARK_E2F_TARGETS","ENSG00000118655"
"HALLMARK_E2F_TARGETS","ENSG00000179958"
"HALLMARK_E2F_TARGETS","ENSG00000123136"
"HALLMARK_E2F_TARGETS","ENSG00000124795"
"HALLMARK_E2F_TARGETS","ENSG00000024526"
"HALLMARK_E2F_TARGETS","ENSG00000139734"
"HALLMARK_E2F_TARGETS","ENSG00000126787"
"HALLMARK_E2F_TARGETS","ENSG00000130816"
"HALLMARK_E2F_TARGETS","ENSG00000159147"
"HALLMARK_E2F_TARGETS","ENSG00000136982"
"HALLMARK_E2F_TARGETS","ENSG00000128951"
"HALLMARK_E2F_TARGETS","ENSG00000129173"
"HALLMARK_E2F_TARGETS","ENSG00000074266"
"HALLMARK_E2F_TARGETS","ENSG00000134001"
"HALLMARK_E2F_TARGETS","ENSG00000135476"
"HALLMARK_E2F_TARGETS","ENSG00000120699"
"HALLMARK_E2F_TARGETS","ENSG00000106462"
"HALLMARK_E2F_TARGETS","ENSG00000101003"
"HALLMARK_E2F_TARGETS","ENSG00000181938"
"HALLMARK_E2F_TARGETS","ENSG00000147536"
"HALLMARK_E2F_TARGETS","ENSG00000103342"
"HALLMARK_E2F_TARGETS","ENSG00000188486"
"HALLMARK_E2F_TARGETS","ENSG00000164032"
"HALLMARK_E2F_TARGETS","ENSG00000119969"
"HALLMARK_E2F_TARGETS","ENSG00000137309"
"HALLMARK_E2F_TARGETS","ENSG00000164104"
"HALLMARK_E2F_TARGETS","ENSG00000029993"
"HALLMARK_E2F_TARGETS","ENSG00000072571"
"HALLMARK_E2F_TARGETS","ENSG00000138668"
"HALLMARK_E2F_TARGETS","ENSG00000136273"
"HALLMARK_E2F_TARGETS","ENSG00000129351"
"HALLMARK_E2F_TARGETS","ENSG00000071243"
"HALLMARK_E2F_TARGETS","ENSG00000205339"
"HALLMARK_E2F_TARGETS","ENSG00000189159"
"HALLMARK_E2F_TARGETS","ENSG00000186185"
"HALLMARK_E2F_TARGETS","ENSG00000079616"
"HALLMARK_E2F_TARGETS","ENSG00000142945"
"HALLMARK_E2F_TARGETS","ENSG00000090889"
"HALLMARK_E2F_TARGETS","ENSG00000182481"
"HALLMARK_E2F_TARGETS","ENSG00000143815"
"HALLMARK_E2F_TARGETS","ENSG00000105486"
"HALLMARK_E2F_TARGETS","ENSG00000113368"
"HALLMARK_E2F_TARGETS","ENSG00000108848"
"HALLMARK_E2F_TARGETS","ENSG00000145220"
"HALLMARK_E2F_TARGETS","ENSG00000164109"
"HALLMARK_E2F_TARGETS","ENSG00000073111"
"HALLMARK_E2F_TARGETS","ENSG00000112118"
"HALLMARK_E2F_TARGETS","ENSG00000104738"
"HALLMARK_E2F_TARGETS","ENSG00000100297"
"HALLMARK_E2F_TARGETS","ENSG00000076003"
"HALLMARK_E2F_TARGETS","ENSG00000166508"
"HALLMARK_E2F_TARGETS","ENSG00000165304"
"HALLMARK_E2F_TARGETS","ENSG00000148773"
"HALLMARK_E2F_TARGETS","ENSG00000076242"
"HALLMARK_E2F_TARGETS","ENSG00000146263"
"HALLMARK_E2F_TARGETS","ENSG00000020922"
"HALLMARK_E2F_TARGETS","ENSG00000095002"
"HALLMARK_E2F_TARGETS","ENSG00000065911"
"HALLMARK_E2F_TARGETS","ENSG00000213347"
"HALLMARK_E2F_TARGETS","ENSG00000101057"
"HALLMARK_E2F_TARGETS","ENSG00000136997"
"HALLMARK_E2F_TARGETS","ENSG00000183011"
"HALLMARK_E2F_TARGETS","ENSG00000187109"
"HALLMARK_E2F_TARGETS","ENSG00000132780"
"HALLMARK_E2F_TARGETS","ENSG00000104320"
"HALLMARK_E2F_TARGETS","ENSG00000010292"
"HALLMARK_E2F_TARGETS","ENSG00000239672"
"HALLMARK_E2F_TARGETS","ENSG00000166197"
"HALLMARK_E2F_TARGETS","ENSG00000101361"
"HALLMARK_E2F_TARGETS","ENSG00000167005"
"HALLMARK_E2F_TARGETS","ENSG00000111581"
"HALLMARK_E2F_TARGETS","ENSG00000124789"
"HALLMARK_E2F_TARGETS","ENSG00000155561"
"HALLMARK_E2F_TARGETS","ENSG00000115942"
"HALLMARK_E2F_TARGETS","ENSG00000091651"
"HALLMARK_E2F_TARGETS","ENSG00000170515"
"HALLMARK_E2F_TARGETS","ENSG00000128050"
"HALLMARK_E2F_TARGETS","ENSG00000135473"
"HALLMARK_E2F_TARGETS","ENSG00000132646"
"HALLMARK_E2F_TARGETS","ENSG00000083642"
"HALLMARK_E2F_TARGETS","ENSG00000100410"
"HALLMARK_E2F_TARGETS","ENSG00000166851"
"HALLMARK_E2F_TARGETS","ENSG00000142731"
"HALLMARK_E2F_TARGETS","ENSG00000122512"
"HALLMARK_E2F_TARGETS","ENSG00000100941"
"HALLMARK_E2F_TARGETS","ENSG00000014138"
"HALLMARK_E2F_TARGETS","ENSG00000062822"
"HALLMARK_E2F_TARGETS","ENSG00000106628"
"HALLMARK_E2F_TARGETS","ENSG00000077514"
"HALLMARK_E2F_TARGETS","ENSG00000177084"
"HALLMARK_E2F_TARGETS","ENSG00000115350"
"HALLMARK_E2F_TARGETS","ENSG00000172336"
"HALLMARK_E2F_TARGETS","ENSG00000170836"
"HALLMARK_E2F_TARGETS","ENSG00000117751"
"HALLMARK_E2F_TARGETS","ENSG00000123131"
"HALLMARK_E2F_TARGETS","ENSG00000146143"
"HALLMARK_E2F_TARGETS","ENSG00000253729"
"HALLMARK_E2F_TARGETS","ENSG00000147224"
"HALLMARK_E2F_TARGETS","ENSG00000164985"
"HALLMARK_E2F_TARGETS","ENSG00000131470"
"HALLMARK_E2F_TARGETS","ENSG00000164611"
"HALLMARK_E2F_TARGETS","ENSG00000161800"
"HALLMARK_E2F_TARGETS","ENSG00000113456"
"HALLMARK_E2F_TARGETS","ENSG00000164754"
"HALLMARK_E2F_TARGETS","ENSG00000113522"
"HALLMARK_E2F_TARGETS","ENSG00000111247"
"HALLMARK_E2F_TARGETS","ENSG00000108384"
"HALLMARK_E2F_TARGETS","ENSG00000132341"
"HALLMARK_E2F_TARGETS","ENSG00000099901"
"HALLMARK_E2F_TARGETS","ENSG00000102054"
"HALLMARK_E2F_TARGETS","ENSG00000035928"
"HALLMARK_E2F_TARGETS","ENSG00000049541"
"HALLMARK_E2F_TARGETS","ENSG00000133119"
"HALLMARK_E2F_TARGETS","ENSG00000104889"
"HALLMARK_E2F_TARGETS","ENSG00000132383"
"HALLMARK_E2F_TARGETS","ENSG00000117748"
"HALLMARK_E2F_TARGETS","ENSG00000106399"
"HALLMARK_E2F_TARGETS","ENSG00000171848"
"HALLMARK_E2F_TARGETS","ENSG00000176974"
"HALLMARK_E2F_TARGETS","ENSG00000163950"
"HALLMARK_E2F_TARGETS","ENSG00000072501"
"HALLMARK_E2F_TARGETS","ENSG00000108055"
"HALLMARK_E2F_TARGETS","ENSG00000113810"
"HALLMARK_E2F_TARGETS","ENSG00000163029"
"HALLMARK_E2F_TARGETS","ENSG00000125835"
"HALLMARK_E2F_TARGETS","ENSG00000076382"
"HALLMARK_E2F_TARGETS","ENSG00000161888"
"HALLMARK_E2F_TARGETS","ENSG00000152253"
"HALLMARK_E2F_TARGETS","ENSG00000136450"
"HALLMARK_E2F_TARGETS","ENSG00000161547"
"HALLMARK_E2F_TARGETS","ENSG00000149136"
"HALLMARK_E2F_TARGETS","ENSG00000118007"
"HALLMARK_E2F_TARGETS","ENSG00000117632"
"HALLMARK_E2F_TARGETS","ENSG00000101945"
"HALLMARK_E2F_TARGETS","ENSG00000135316"
"HALLMARK_E2F_TARGETS","ENSG00000013810"
"HALLMARK_E2F_TARGETS","ENSG00000136270"
"HALLMARK_E2F_TARGETS","ENSG00000137310"
"HALLMARK_E2F_TARGETS","ENSG00000072274"
"HALLMARK_E2F_TARGETS","ENSG00000111602"
"HALLMARK_E2F_TARGETS","ENSG00000075131"
"HALLMARK_E2F_TARGETS","ENSG00000167900"
"HALLMARK_E2F_TARGETS","ENSG00000120802"
"HALLMARK_E2F_TARGETS","ENSG00000131747"
"HALLMARK_E2F_TARGETS","ENSG00000141510"
"HALLMARK_E2F_TARGETS","ENSG00000136527"
"HALLMARK_E2F_TARGETS","ENSG00000071539"
"HALLMARK_E2F_TARGETS","ENSG00000196230"
"HALLMARK_E2F_TARGETS","ENSG00000131462"
"HALLMARK_E2F_TARGETS","ENSG00000108106"
"HALLMARK_E2F_TARGETS","ENSG00000077152"
"HALLMARK_E2F_TARGETS","ENSG00000012963"
"HALLMARK_E2F_TARGETS","ENSG00000076248"
"HALLMARK_E2F_TARGETS","ENSG00000162607"
"HALLMARK_E2F_TARGETS","ENSG00000161996"
"HALLMARK_E2F_TARGETS","ENSG00000166483"
"HALLMARK_E2F_TARGETS","ENSG00000082898"
"HALLMARK_E2F_TARGETS","ENSG00000196419"
"HALLMARK_E2F_TARGETS","ENSG00000086827"
"HALLMARK_EPITHELIAL_MESENCHYMAL_TRANSITION","ENSG00000154175"
"HALLMARK_EPITHELIAL_MESENCHYMAL_TRANSITION","ENSG00000107796"
"HALLMARK_EPITHELIAL_MESENCHYMAL_TRANSITION","ENSG00000148848"
"HALLMARK_EPITHELIAL_MESENCHYMAL_TRANSITION","ENSG00000166825"
"HALLMARK_EPITHELIAL_MESENCHYMAL_TRANSITION","ENSG00000105290"
"HALLMARK_EPITHELIAL_MESENCHYMAL_TRANSITION","ENSG00000109321"
"HALLMARK_EPITHELIAL_MESENCHYMAL_TRANSITION","ENSG00000176788"
"HALLMARK_EPITHELIAL_MESENCHYMAL_TRANSITION","ENSG00000176697"
"HALLMARK_EPITHELIAL_MESENCHYMAL_TRANSITION","ENSG00000182492"
"HALLMARK_EPITHELIAL_MESENCHYMAL_TRANSITION","ENSG00000168487"
"HALLMARK_EPITHELIAL_MESENCHYMAL_TRANSITION","ENSG00000182985"
"HALLMARK_EPITHELIAL_MESENCHYMAL_TRANSITION","ENSG00000122786"
"HALLMARK_EPITHELIAL_MESENCHYMAL_TRANSITION","ENSG00000128595"
"HALLMARK_EPITHELIAL_MESENCHYMAL_TRANSITION","ENSG00000112186"
"HALLMARK_EPITHELIAL_MESENCHYMAL_TRANSITION","ENSG00000042493"
"HALLMARK_EPITHELIAL_MESENCHYMAL_TRANSITION","ENSG00000142871"
"HALLMARK_EPITHELIAL_MESENCHYMAL_TRANSITION","ENSG00000118523"
"HALLMARK_EPITHELIAL_MESENCHYMAL_TRANSITION","ENSG00000026508"
"HALLMARK_EPITHELIAL_MESENCHYMAL_TRANSITION","ENSG00000085063"
"HALLMARK_EPITHELIAL_MESENCHYMAL_TRANSITION","ENSG00000140937"
"HALLMARK_EPITHELIAL_MESENCHYMAL_TRANSITION","ENSG00000170558"
"HALLMARK_EPITHELIAL_MESENCHYMAL_TRANSITION","ENSG00000113361"
"HALLMARK_EPITHELIAL_MESENCHYMAL_TRANSITION","ENSG00000060718"
"HALLMARK_EPITHELIAL_MESENCHYMAL_TRANSITION","ENSG00000111799"
"HALLMARK_EPITHELIAL_MESENCHYMAL_TRANSITION","ENSG00000084636"
"HALLMARK_EPITHELIAL_MESENCHYMAL_TRANSITION","ENSG00000108821"
"HALLMARK_EPITHELIAL_MESENCHYMAL_TRANSITION","ENSG00000164692"
"HALLMARK_EPITHELIAL_MESENCHYMAL_TRANSITION","ENSG00000168542"
"HALLMARK_EPITHELIAL_MESENCHYMAL_TRANSITION","ENSG00000187498"
"HALLMARK_EPITHELIAL_MESENCHYMAL_TRANSITION","ENSG00000134871"
"HALLMARK_EPITHELIAL_MESENCHYMAL_TRANSITION","ENSG00000130635"
"HALLMARK_EPITHELIAL_MESENCHYMAL_TRANSITION","ENSG00000204262"
"HALLMARK_EPITHELIAL_MESENCHYMAL_TRANSITION","ENSG00000080573"
"HALLMARK_EPITHELIAL_MESENCHYMAL_TRANSITION","ENSG00000142173"
"HALLMARK_EPITHELIAL_MESENCHYMAL_TRANSITION","ENSG00000163359"
"HALLMARK_EPITHELIAL_MESENCHYMAL_TRANSITION","ENSG00000114270"
"HALLMARK_EPITHELIAL_MESENCHYMAL_TRANSITION","ENSG00000171812"
"HALLMARK_EPITHELIAL_MESENCHYMAL_TRANSITION","ENSG00000130309"
"HALLMARK_EPITHELIAL_MESENCHYMAL_TRANSITION","ENSG00000105664"
"HALLMARK_EPITHELIAL_MESENCHYMAL_TRANSITION","ENSG00000122218"
"HALLMARK_EPITHELIAL_MESENCHYMAL_TRANSITION","ENSG00000006016"
"HALLMARK_EPITHELIAL_MESENCHYMAL_TRANSITION","ENSG00000164932"
"HALLMARK_EPITHELIAL_MESENCHYMAL_TRANSITION","ENSG00000163739"
"HALLMARK_EPITHELIAL_MESENCHYMAL_TRANSITION","ENSG00000107562"
"HALLMARK_EPITHELIAL_MESENCHYMAL_TRANSITION","ENSG00000124875"
"HALLMARK_EPITHELIAL_MESENCHYMAL_TRANSITION","ENSG00000169429"
"HALLMARK_EPITHELIAL_MESENCHYMAL_TRANSITION","ENSG00000153071"
"HALLMARK_EPITHELIAL_MESENCHYMAL_TRANSITION","ENSG00000011465"
"HALLMARK_EPITHELIAL_MESENCHYMAL_TRANSITION","ENSG00000107984"
"HALLMARK_EPITHELIAL_MESENCHYMAL_TRANSITION","ENSG00000113657"
"HALLMARK_EPITHELIAL_MESENCHYMAL_TRANSITION","ENSG00000151914"
"HALLMARK_EPITHELIAL_MESENCHYMAL_TRANSITION","ENSG00000143369"
"HALLMARK_EPITHELIAL_MESENCHYMAL_TRANSITION","ENSG00000106823"
"HALLMARK_EPITHELIAL_MESENCHYMAL_TRANSITION","ENSG00000164176"
"HALLMARK_EPITHELIAL_MESENCHYMAL_TRANSITION","ENSG00000172638"
"HALLMARK_EPITHELIAL_MESENCHYMAL_TRANSITION","ENSG00000049540"
"HALLMARK_EPITHELIAL_MESENCHYMAL_TRANSITION","ENSG00000142227"
"HALLMARK_EPITHELIAL_MESENCHYMAL_TRANSITION","ENSG00000111674"
"HALLMARK_EPITHELIAL_MESENCHYMAL_TRANSITION","ENSG00000078098"
"HALLMARK_EPITHELIAL_MESENCHYMAL_TRANSITION","ENSG00000026103"
"HALLMARK_EPITHELIAL_MESENCHYMAL_TRANSITION","ENSG00000077942"
"HALLMARK_EPITHELIAL_MESENCHYMAL_TRANSITION","ENSG00000163520"
"HALLMARK_EPITHELIAL_MESENCHYMAL_TRANSITION","ENSG00000140092"
"HALLMARK_EPITHELIAL_MESENCHYMAL_TRANSITION","ENSG00000166147"
"HALLMARK_EPITHELIAL_MESENCHYMAL_TRANSITION","ENSG00000138829"
"HALLMARK_EPITHELIAL_MESENCHYMAL_TRANSITION","ENSG00000073712"
"HALLMARK_EPITHELIAL_MESENCHYMAL_TRANSITION","ENSG00000138685"
"HALLMARK_EPITHELIAL_MESENCHYMAL_TRANSITION","ENSG00000196924"
"HALLMARK_EPITHELIAL_MESENCHYMAL_TRANSITION","ENSG00000122176"
"HALLMARK_EPITHELIAL_MESENCHYMAL_TRANSITION","ENSG00000115414"
"HALLMARK_EPITHELIAL_MESENCHYMAL_TRANSITION","ENSG00000176692"
"HALLMARK_EPITHELIAL_MESENCHYMAL_TRANSITION","ENSG00000163430"
"HALLMARK_EPITHELIAL_MESENCHYMAL_TRANSITION","ENSG00000070404"
"HALLMARK_EPITHELIAL_MESENCHYMAL_TRANSITION","ENSG00000179163"
"HALLMARK_EPITHELIAL_MESENCHYMAL_TRANSITION","ENSG00000177283"
"HALLMARK_EPITHELIAL_MESENCHYMAL_TRANSITION","ENSG00000116717"
"HALLMARK_EPITHELIAL_MESENCHYMAL_TRANSITION","ENSG00000099860"
"HALLMARK_EPITHELIAL_MESENCHYMAL_TRANSITION","ENSG00000180447"
"HALLMARK_EPITHELIAL_MESENCHYMAL_TRANSITION","ENSG00000164949"
"HALLMARK_EPITHELIAL_MESENCHYMAL_TRANSITION","ENSG00000152661"
"HALLMARK_EPITHELIAL_MESENCHYMAL_TRANSITION","ENSG00000139278"
"HALLMARK_EPITHELIAL_MESENCHYMAL_TRANSITION","ENSG00000063660"
"HALLMARK_EPITHELIAL_MESENCHYMAL_TRANSITION","ENSG00000116157"
"HALLMARK_EPITHELIAL_MESENCHYMAL_TRANSITION","ENSG00000166923"
"HALLMARK_EPITHELIAL_MESENCHYMAL_TRANSITION","ENSG00000166033"
"HALLMARK_EPITHELIAL_MESENCHYMAL_TRANSITION","ENSG00000115738"
"HALLMARK_EPITHELIAL_MESENCHYMAL_TRANSITION","ENSG00000115457"
"HALLMARK_EPITHELIAL_MESENCHYMAL_TRANSITION","ENSG00000146674"
"HALLMARK_EPITHELIAL_MESENCHYMAL_TRANSITION","ENSG00000141753"
"HALLMARK_EPITHELIAL_MESENCHYMAL_TRANSITION","ENSG00000164136"
"HALLMARK_EPITHELIAL_MESENCHYMAL_TRANSITION","ENSG00000008517"
"HALLMARK_EPITHELIAL_MESENCHYMAL_TRANSITION","ENSG00000136244"
"HALLMARK_EPITHELIAL_MESENCHYMAL_TRANSITION","ENSG00000122641"
"HALLMARK_EPITHELIAL_MESENCHYMAL_TRANSITION","ENSG00000164171"
"HALLMARK_EPITHELIAL_MESENCHYMAL_TRANSITION","ENSG00000161638"
"HALLMARK_EPITHELIAL_MESENCHYMAL_TRANSITION","ENSG00000138448"
"HALLMARK_EPITHELIAL_MESENCHYMAL_TRANSITION","ENSG00000150093"
"HALLMARK_EPITHELIAL_MESENCHYMAL_TRANSITION","ENSG00000259207"
"HALLMARK_EPITHELIAL_MESENCHYMAL_TRANSITION","ENSG00000082781"
"HALLMARK_EPITHELIAL_MESENCHYMAL_TRANSITION","ENSG00000177606"
"HALLMARK_EPITHELIAL_MESENCHYMAL_TRANSITION","ENSG00000101680"
"HALLMARK_EPITHELIAL_MESENCHYMAL_TRANSITION","ENSG00000196569"
"HALLMARK_EPITHELIAL_MESENCHYMAL_TRANSITION","ENSG00000053747"
"HALLMARK_EPITHELIAL_MESENCHYMAL_TRANSITION","ENSG00000135862"
"HALLMARK_EPITHELIAL_MESENCHYMAL_TRANSITION","ENSG00000058085"
"HALLMARK_EPITHELIAL_MESENCHYMAL_TRANSITION","ENSG00000100097"
"HALLMARK_EPITHELIAL_MESENCHYMAL_TRANSITION","ENSG00000113083"
"HALLMARK_EPITHELIAL_MESENCHYMAL_TRANSITION","ENSG00000129038"
"HALLMARK_EPITHELIAL_MESENCHYMAL_TRANSITION","ENSG00000134013"
"HALLMARK_EPITHELIAL_MESENCHYMAL_TRANSITION","ENSG00000123384"
"HALLMARK_EPITHELIAL_MESENCHYMAL_TRANSITION","ENSG00000172061"
"HALLMARK_EPITHELIAL_MESENCHYMAL_TRANSITION","ENSG00000139329"
"HALLMARK_EPITHELIAL_MESENCHYMAL_TRANSITION","ENSG00000198934"
"HALLMARK_EPITHELIAL_MESENCHYMAL_TRANSITION","ENSG00000132561"
"HALLMARK_EPITHELIAL_MESENCHYMAL_TRANSITION","ENSG00000132031"
"HALLMARK_EPITHELIAL_MESENCHYMAL_TRANSITION","ENSG00000166508"
"HALLMARK_EPITHELIAL_MESENCHYMAL_TRANSITION","ENSG00000106484"
"HALLMARK_EPITHELIAL_MESENCHYMAL_TRANSITION","ENSG00000197614"
"HALLMARK_EPITHELIAL_MESENCHYMAL_TRANSITION","ENSG00000111341"
"HALLMARK_EPITHELIAL_MESENCHYMAL_TRANSITION","ENSG00000196611"
"HALLMARK_EPITHELIAL_MESENCHYMAL_TRANSITION","ENSG00000157227"
"HALLMARK_EPITHELIAL_MESENCHYMAL_TRANSITION","ENSG00000087245"
"HALLMARK_EPITHELIAL_MESENCHYMAL_TRANSITION","ENSG00000149968"
"HALLMARK_EPITHELIAL_MESENCHYMAL_TRANSITION","ENSG00000163132"
"HALLMARK_EPITHELIAL_MESENCHYMAL_TRANSITION","ENSG00000101825"
"HALLMARK_EPITHELIAL_MESENCHYMAL_TRANSITION","ENSG00000101335"
"HALLMARK_EPITHELIAL_MESENCHYMAL_TRANSITION","ENSG00000065534"
"HALLMARK_EPITHELIAL_MESENCHYMAL_TRANSITION","ENSG00000087303"
"HALLMARK_EPITHELIAL_MESENCHYMAL_TRANSITION","ENSG00000166741"
"HALLMARK_EPITHELIAL_MESENCHYMAL_TRANSITION","ENSG00000134250"
"HALLMARK_EPITHELIAL_MESENCHYMAL_TRANSITION","ENSG00000135318"
"HALLMARK_EPITHELIAL_MESENCHYMAL_TRANSITION","ENSG00000182667"
"HALLMARK_EPITHELIAL_MESENCHYMAL_TRANSITION","ENSG00000180914"
"HALLMARK_EPITHELIAL_MESENCHYMAL_TRANSITION","ENSG00000117385"
"HALLMARK_EPITHELIAL_MESENCHYMAL_TRANSITION","ENSG00000106333"
"HALLMARK_EPITHELIAL_MESENCHYMAL_TRANSITION","ENSG00000163710"
"HALLMARK_EPITHELIAL_MESENCHYMAL_TRANSITION","ENSG00000113721"
"HALLMARK_EPITHELIAL_MESENCHYMAL_TRANSITION","ENSG00000131435"
"HALLMARK_EPITHELIAL_MESENCHYMAL_TRANSITION","ENSG00000070087"
"HALLMARK_EPITHELIAL_MESENCHYMAL_TRANSITION","ENSG00000011422"
"HALLMARK_EPITHELIAL_MESENCHYMAL_TRANSITION","ENSG00000083444"
"HALLMARK_EPITHELIAL_MESENCHYMAL_TRANSITION","ENSG00000152952"
"HALLMARK_EPITHELIAL_MESENCHYMAL_TRANSITION","ENSG00000106397"
"HALLMARK_EPITHELIAL_MESENCHYMAL_TRANSITION","ENSG00000124225"
"HALLMARK_EPITHELIAL_MESENCHYMAL_TRANSITION","ENSG00000109099"
"HALLMARK_EPITHELIAL_MESENCHYMAL_TRANSITION","ENSG00000133110"
"HALLMARK_EPITHELIAL_MESENCHYMAL_TRANSITION","ENSG00000166794"
"HALLMARK_EPITHELIAL_MESENCHYMAL_TRANSITION","ENSG00000116132"
"HALLMARK_EPITHELIAL_MESENCHYMAL_TRANSITION","ENSG00000275896"
"HALLMARK_EPITHELIAL_MESENCHYMAL_TRANSITION","ENSG00000087494"
"HALLMARK_EPITHELIAL_MESENCHYMAL_TRANSITION","ENSG00000163661"
"HALLMARK_EPITHELIAL_MESENCHYMAL_TRANSITION","ENSG00000073008"
"HALLMARK_EPITHELIAL_MESENCHYMAL_TRANSITION","ENSG00000116260"
"HALLMARK_EPITHELIAL_MESENCHYMAL_TRANSITION","ENSG00000117152"
"HALLMARK_EPITHELIAL_MESENCHYMAL_TRANSITION","ENSG00000143878"
"HALLMARK_EPITHELIAL_MESENCHYMAL_TRANSITION","ENSG00000130066"
"HALLMARK_EPITHELIAL_MESENCHYMAL_TRANSITION","ENSG00000171951"
"HALLMARK_EPITHELIAL_MESENCHYMAL_TRANSITION","ENSG00000115884"
"HALLMARK_EPITHELIAL_MESENCHYMAL_TRANSITION","ENSG00000124145"
"HALLMARK_EPITHELIAL_MESENCHYMAL_TRANSITION","ENSG00000106366"
"HALLMARK_EPITHELIAL_MESENCHYMAL_TRANSITION","ENSG00000135919"
"HALLMARK_EPITHELIAL_MESENCHYMAL_TRANSITION","ENSG00000149257"
"HALLMARK_EPITHELIAL_MESENCHYMAL_TRANSITION","ENSG00000104332"
"HALLMARK_EPITHELIAL_MESENCHYMAL_TRANSITION","ENSG00000106483"
"HALLMARK_EPITHELIAL_MESENCHYMAL_TRANSITION","ENSG00000163069"
"HALLMARK_EPITHELIAL_MESENCHYMAL_TRANSITION","ENSG00000170624"
"HALLMARK_EPITHELIAL_MESENCHYMAL_TRANSITION","ENSG00000102683"
"HALLMARK_EPITHELIAL_MESENCHYMAL_TRANSITION","ENSG00000130821"
"HALLMARK_EPITHELIAL_MESENCHYMAL_TRANSITION","ENSG00000145147"
"HALLMARK_EPITHELIAL_MESENCHYMAL_TRANSITION","ENSG00000184347"
"HALLMARK_EPITHELIAL_MESENCHYMAL_TRANSITION","ENSG00000019549"
"HALLMARK_EPITHELIAL_MESENCHYMAL_TRANSITION","ENSG00000172164"
"HALLMARK_EPITHELIAL_MESENCHYMAL_TRANSITION","ENSG00000113140"
"HALLMARK_EPITHELIAL_MESENCHYMAL_TRANSITION","ENSG00000152377"
"HALLMARK_EPITHELIAL_MESENCHYMAL_TRANSITION","ENSG00000118785"
"HALLMARK_EPITHELIAL_MESENCHYMAL_TRANSITION","ENSG00000149591"
"HALLMARK_EPITHELIAL_MESENCHYMAL_TRANSITION","ENSG00000105825"
"HALLMARK_EPITHELIAL_MESENCHYMAL_TRANSITION","ENSG00000105329"
"HALLMARK_EPITHELIAL_MESENCHYMAL_TRANSITION","ENSG00000120708"
"HALLMARK_EPITHELIAL_MESENCHYMAL_TRANSITION","ENSG00000069702"
"HALLMARK_EPITHELIAL_MESENCHYMAL_TRANSITION","ENSG00000198959"
"HALLMARK_EPITHELIAL_MESENCHYMAL_TRANSITION","ENSG00000137801"
"HALLMARK_EPITHELIAL_MESENCHYMAL_TRANSITION","ENSG00000186340"
"HALLMARK_EPITHELIAL_MESENCHYMAL_TRANSITION","ENSG00000154096"
"HALLMARK_EPITHELIAL_MESENCHYMAL_TRANSITION","ENSG00000102265"
"HALLMARK_EPITHELIAL_MESENCHYMAL_TRANSITION","ENSG00000100234"
"HALLMARK_EPITHELIAL_MESENCHYMAL_TRANSITION","ENSG00000041982"
"HALLMARK_EPITHELIAL_MESENCHYMAL_TRANSITION","ENSG00000118503"
"HALLMARK_EPITHELIAL_MESENCHYMAL_TRANSITION","ENSG00000164761"
"HALLMARK_EPITHELIAL_MESENCHYMAL_TRANSITION","ENSG00000006327"
"HALLMARK_EPITHELIAL_MESENCHYMAL_TRANSITION","ENSG00000140416"
"HALLMARK_EPITHELIAL_MESENCHYMAL_TRANSITION","ENSG00000198467"
"HALLMARK_EPITHELIAL_MESENCHYMAL_TRANSITION","ENSG00000167460"
"HALLMARK_EPITHELIAL_MESENCHYMAL_TRANSITION","ENSG00000162692"
"HALLMARK_EPITHELIAL_MESENCHYMAL_TRANSITION","ENSG00000038427"
"HALLMARK_EPITHELIAL_MESENCHYMAL_TRANSITION","ENSG00000112715"
"HALLMARK_EPITHELIAL_MESENCHYMAL_TRANSITION","ENSG00000150630"
"HALLMARK_EPITHELIAL_MESENCHYMAL_TRANSITION","ENSG00000026025"
"HALLMARK_EPITHELIAL_MESENCHYMAL_TRANSITION","ENSG00000115935"
"HALLMARK_EPITHELIAL_MESENCHYMAL_TRANSITION","ENSG00000114251"
"HALLMARK_ESTROGEN_RESPONSE_EARLY","ENSG00000183044"
"HALLMARK_ESTROGEN_RESPONSE_EARLY","ENSG00000167972"
"HALLMARK_ESTROGEN_RESPONSE_EARLY","ENSG00000140526"
"HALLMARK_ESTROGEN_RESPONSE_EARLY","ENSG00000099204"
"HALLMARK_ESTROGEN_RESPONSE_EARLY","ENSG00000164742"
"HALLMARK_ESTROGEN_RESPONSE_EARLY","ENSG00000162104"
"HALLMARK_ESTROGEN_RESPONSE_EARLY","ENSG00000148700"
"HALLMARK_ESTROGEN_RESPONSE_EARLY","ENSG00000172493"
"HALLMARK_ESTROGEN_RESPONSE_EARLY","ENSG00000121057"
"HALLMARK_ESTROGEN_RESPONSE_EARLY","ENSG00000006534"
"HALLMARK_ESTROGEN_RESPONSE_EARLY","ENSG00000159461"
"HALLMARK_ESTROGEN_RESPONSE_EARLY","ENSG00000143412"
"HALLMARK_ESTROGEN_RESPONSE_EARLY","ENSG00000165272"
"HALLMARK_ESTROGEN_RESPONSE_EARLY","ENSG00000169083"
"HALLMARK_ESTROGEN_RESPONSE_EARLY","ENSG00000109321"
"HALLMARK_ESTROGEN_RESPONSE_EARLY","ENSG00000138175"
"HALLMARK_ESTROGEN_RESPONSE_EARLY","ENSG00000196372"
"HALLMARK_ESTROGEN_RESPONSE_EARLY","ENSG00000086062"
"HALLMARK_ESTROGEN_RESPONSE_EARLY","ENSG00000107262"
"HALLMARK_ESTROGEN_RESPONSE_EARLY","ENSG00000127152"
"HALLMARK_ESTROGEN_RESPONSE_EARLY","ENSG00000171791"
"HALLMARK_ESTROGEN_RESPONSE_EARLY","ENSG00000134107"
"HALLMARK_ESTROGEN_RESPONSE_EARLY","ENSG00000090013"
"HALLMARK_ESTROGEN_RESPONSE_EARLY","ENSG00000074410"
"HALLMARK_ESTROGEN_RESPONSE_EARLY","ENSG00000172137"
"HALLMARK_ESTROGEN_RESPONSE_EARLY","ENSG00000004948"
"HALLMARK_ESTROGEN_RESPONSE_EARLY","ENSG00000171302"
"HALLMARK_ESTROGEN_RESPONSE_EARLY","ENSG00000129993"
"HALLMARK_ESTROGEN_RESPONSE_EARLY","ENSG00000064205"
"HALLMARK_ESTROGEN_RESPONSE_EARLY","ENSG00000110092"
"HALLMARK_ESTROGEN_RESPONSE_EARLY","ENSG00000026508"
"HALLMARK_ESTROGEN_RESPONSE_EARLY","ENSG00000075275"
"HALLMARK_ESTROGEN_RESPONSE_EARLY","ENSG00000143126"
"HALLMARK_ESTROGEN_RESPONSE_EARLY","ENSG00000111666"
"HALLMARK_ESTROGEN_RESPONSE_EARLY","ENSG00000114737"
"HALLMARK_ESTROGEN_RESPONSE_EARLY","ENSG00000181885"
"HALLMARK_ESTROGEN_RESPONSE_EARLY","ENSG00000169583"
"HALLMARK_ESTROGEN_RESPONSE_EARLY","ENSG00000107562"
"HALLMARK_ESTROGEN_RESPONSE_EARLY","ENSG00000003137"
"HALLMARK_ESTROGEN_RESPONSE_EARLY","ENSG00000155792"
"HALLMARK_ESTROGEN_RESPONSE_EARLY","ENSG00000172893"
"HALLMARK_ESTROGEN_RESPONSE_EARLY","ENSG00000100867"
"HALLMARK_ESTROGEN_RESPONSE_EARLY","ENSG00000162496"
"HALLMARK_ESTROGEN_RESPONSE_EARLY","ENSG00000164741"
"HALLMARK_ESTROGEN_RESPONSE_EARLY","ENSG00000165169"
"HALLMARK_ESTROGEN_RESPONSE_EARLY","ENSG00000167106"
"HALLMARK_ESTROGEN_RESPONSE_EARLY","ENSG00000179388"
"HALLMARK_ESTROGEN_RESPONSE_EARLY","ENSG00000120690"
"HALLMARK_ESTROGEN_RESPONSE_EARLY","ENSG00000163435"
"HALLMARK_ESTROGEN_RESPONSE_EARLY","ENSG00000197977"
"HALLMARK_ESTROGEN_RESPONSE_EARLY","ENSG00000012660"
"HALLMARK_ESTROGEN_RESPONSE_EARLY","ENSG00000149218"
"HALLMARK_ESTROGEN_RESPONSE_EARLY","ENSG00000103067"
"HALLMARK_ESTROGEN_RESPONSE_EARLY","ENSG00000152767"
"HALLMARK_ESTROGEN_RESPONSE_EARLY","ENSG00000169710"
"HALLMARK_ESTROGEN_RESPONSE_EARLY","ENSG00000162894"
"HALLMARK_ESTROGEN_RESPONSE_EARLY","ENSG00000079459"
"HALLMARK_ESTROGEN_RESPONSE_EARLY","ENSG00000115641"
"HALLMARK_ESTROGEN_RESPONSE_EARLY","ENSG00000004478"
"HALLMARK_ESTROGEN_RESPONSE_EARLY","ENSG00000096060"
"HALLMARK_ESTROGEN_RESPONSE_EARLY","ENSG00000136068"
"HALLMARK_ESTROGEN_RESPONSE_EARLY","ENSG00000170345"
"HALLMARK_ESTROGEN_RESPONSE_EARLY","ENSG00000054598"
"HALLMARK_ESTROGEN_RESPONSE_EARLY","ENSG00000111816"
"HALLMARK_ESTROGEN_RESPONSE_EARLY","ENSG00000033327"
"HALLMARK_ESTROGEN_RESPONSE_EARLY","ENSG00000151892"
"HALLMARK_ESTROGEN_RESPONSE_EARLY","ENSG00000152661"
"HALLMARK_ESTROGEN_RESPONSE_EARLY","ENSG00000102393"
"HALLMARK_ESTROGEN_RESPONSE_EARLY","ENSG00000196208"
"HALLMARK_ESTROGEN_RESPONSE_EARLY","ENSG00000114315"
"HALLMARK_ESTROGEN_RESPONSE_EARLY","ENSG00000168453"
"HALLMARK_ESTROGEN_RESPONSE_EARLY","ENSG00000152137"
"HALLMARK_ESTROGEN_RESPONSE_EARLY","ENSG00000140443"
"HALLMARK_ESTROGEN_RESPONSE_EARLY","ENSG00000141753"
"HALLMARK_ESTROGEN_RESPONSE_EARLY","ENSG00000056736"
"HALLMARK_ESTROGEN_RESPONSE_EARLY","ENSG00000134352"
"HALLMARK_ESTROGEN_RESPONSE_EARLY","ENSG00000163083"
"HALLMARK_ESTROGEN_RESPONSE_EARLY","ENSG00000198825"
"HALLMARK_ESTROGEN_RESPONSE_EARLY","ENSG00000143319"
"HALLMARK_ESTROGEN_RESPONSE_EARLY","ENSG00000100605"
"HALLMARK_ESTROGEN_RESPONSE_EARLY","ENSG00000096968"
"HALLMARK_ESTROGEN_RESPONSE_EARLY","ENSG00000189337"
"HALLMARK_ESTROGEN_RESPONSE_EARLY","ENSG00000124249"
"HALLMARK_ESTROGEN_RESPONSE_EARLY","ENSG00000164626"
"HALLMARK_ESTROGEN_RESPONSE_EARLY","ENSG00000127663"
"HALLMARK_ESTROGEN_RESPONSE_EARLY","ENSG00000155090"
"HALLMARK_ESTROGEN_RESPONSE_EARLY","ENSG00000136826"
"HALLMARK_ESTROGEN_RESPONSE_EARLY","ENSG00000129451"
"HALLMARK_ESTROGEN_RESPONSE_EARLY","ENSG00000171401"
"HALLMARK_ESTROGEN_RESPONSE_EARLY","ENSG00000171346"
"HALLMARK_ESTROGEN_RESPONSE_EARLY","ENSG00000111057"
"HALLMARK_ESTROGEN_RESPONSE_EARLY","ENSG00000171345"
"HALLMARK_ESTROGEN_RESPONSE_EARLY","ENSG00000170421"
"HALLMARK_ESTROGEN_RESPONSE_EARLY","ENSG00000159166"
"HALLMARK_ESTROGEN_RESPONSE_EARLY","ENSG00000144749"
"HALLMARK_ESTROGEN_RESPONSE_EARLY","ENSG00000186868"
"HALLMARK_ESTROGEN_RESPONSE_EARLY","ENSG00000069020"
"HALLMARK_ESTROGEN_RESPONSE_EARLY","ENSG00000123066"
"HALLMARK_ESTROGEN_RESPONSE_EARLY","ENSG00000008838"
"HALLMARK_ESTROGEN_RESPONSE_EARLY","ENSG00000204516"
"HALLMARK_ESTROGEN_RESPONSE_EARLY","ENSG00000143409"
"HALLMARK_ESTROGEN_RESPONSE_EARLY","ENSG00000115648"
"HALLMARK_ESTROGEN_RESPONSE_EARLY","ENSG00000066382"
"HALLMARK_ESTROGEN_RESPONSE_EARLY","ENSG00000118242"
"HALLMARK_ESTROGEN_RESPONSE_EARLY","ENSG00000263639"
"HALLMARK_ESTROGEN_RESPONSE_EARLY","ENSG00000185499"
"HALLMARK_ESTROGEN_RESPONSE_EARLY","ENSG00000118513"
"HALLMARK_ESTROGEN_RESPONSE_EARLY","ENSG00000132382"
"HALLMARK_ESTROGEN_RESPONSE_EARLY","ENSG00000185697"
"HALLMARK_ESTROGEN_RESPONSE_EARLY","ENSG00000136997"
"HALLMARK_ESTROGEN_RESPONSE_EARLY","ENSG00000138119"
"HALLMARK_ESTROGEN_RESPONSE_EARLY","ENSG00000172890"
"HALLMARK_ESTROGEN_RESPONSE_EARLY","ENSG00000166833"
"HALLMARK_ESTROGEN_RESPONSE_EARLY","ENSG00000158747"
"HALLMARK_ESTROGEN_RESPONSE_EARLY","ENSG00000196498"
"HALLMARK_ESTROGEN_RESPONSE_EARLY","ENSG00000109062"
"HALLMARK_ESTROGEN_RESPONSE_EARLY","ENSG00000164128"
"HALLMARK_ESTROGEN_RESPONSE_EARLY","ENSG00000180530"
"HALLMARK_ESTROGEN_RESPONSE_EARLY","ENSG00000132661"
"HALLMARK_ESTROGEN_RESPONSE_EARLY","ENSG00000130558"
"HALLMARK_ESTROGEN_RESPONSE_EARLY","ENSG00000116774"
"HALLMARK_ESTROGEN_RESPONSE_EARLY","ENSG00000054277"
"HALLMARK_ESTROGEN_RESPONSE_EARLY","ENSG00000125850"
"HALLMARK_ESTROGEN_RESPONSE_EARLY","ENSG00000175591"
"HALLMARK_ESTROGEN_RESPONSE_EARLY","ENSG00000198682"
"HALLMARK_ESTROGEN_RESPONSE_EARLY","ENSG00000154553"
"HALLMARK_ESTROGEN_RESPONSE_EARLY","ENSG00000174827"
"HALLMARK_ESTROGEN_RESPONSE_EARLY","ENSG00000166821"
"HALLMARK_ESTROGEN_RESPONSE_EARLY","ENSG00000082175"
"HALLMARK_ESTROGEN_RESPONSE_EARLY","ENSG00000176485"
"HALLMARK_ESTROGEN_RESPONSE_EARLY","ENSG00000141682"
"HALLMARK_ESTROGEN_RESPONSE_EARLY","ENSG00000128567"
"HALLMARK_ESTROGEN_RESPONSE_EARLY","ENSG00000108179"
"HALLMARK_ESTROGEN_RESPONSE_EARLY","ENSG00000150687"
"HALLMARK_ESTROGEN_RESPONSE_EARLY","ENSG00000148344"
"HALLMARK_ESTROGEN_RESPONSE_EARLY","ENSG00000124839"
"HALLMARK_ESTROGEN_RESPONSE_EARLY","ENSG00000168461"
"HALLMARK_ESTROGEN_RESPONSE_EARLY","ENSG00000108352"
"HALLMARK_ESTROGEN_RESPONSE_EARLY","ENSG00000131759"
"HALLMARK_ESTROGEN_RESPONSE_EARLY","ENSG00000172575"
"HALLMARK_ESTROGEN_RESPONSE_EARLY","ENSG00000101773"
"HALLMARK_ESTROGEN_RESPONSE_EARLY","ENSG00000068615"
"HALLMARK_ESTROGEN_RESPONSE_EARLY","ENSG00000165731"
"HALLMARK_ESTROGEN_RESPONSE_EARLY","ENSG00000154153"
"HALLMARK_ESTROGEN_RESPONSE_EARLY","ENSG00000164292"
"HALLMARK_ESTROGEN_RESPONSE_EARLY","ENSG00000173156"
"HALLMARK_ESTROGEN_RESPONSE_EARLY","ENSG00000071242"
"HALLMARK_ESTROGEN_RESPONSE_EARLY","ENSG00000052749"
"HALLMARK_ESTROGEN_RESPONSE_EARLY","ENSG00000073060"
"HALLMARK_ESTROGEN_RESPONSE_EARLY","ENSG00000111319"
"HALLMARK_ESTROGEN_RESPONSE_EARLY","ENSG00000100003"
"HALLMARK_ESTROGEN_RESPONSE_EARLY","ENSG00000012171"
"HALLMARK_ESTROGEN_RESPONSE_EARLY","ENSG00000175793"
"HALLMARK_ESTROGEN_RESPONSE_EARLY","ENSG00000131370"
"HALLMARK_ESTROGEN_RESPONSE_EARLY","ENSG00000181788"
"HALLMARK_ESTROGEN_RESPONSE_EARLY","ENSG00000155380"
"HALLMARK_ESTROGEN_RESPONSE_EARLY","ENSG00000117479"
"HALLMARK_ESTROGEN_RESPONSE_EARLY","ENSG00000106688"
"HALLMARK_ESTROGEN_RESPONSE_EARLY","ENSG00000115902"
"HALLMARK_ESTROGEN_RESPONSE_EARLY","ENSG00000197375"
"HALLMARK_ESTROGEN_RESPONSE_EARLY","ENSG00000185052"
"HALLMARK_ESTROGEN_RESPONSE_EARLY","ENSG00000155850"
"HALLMARK_ESTROGEN_RESPONSE_EARLY","ENSG00000140284"
"HALLMARK_ESTROGEN_RESPONSE_EARLY","ENSG00000117394"
"HALLMARK_ESTROGEN_RESPONSE_EARLY","ENSG00000160190"
"HALLMARK_ESTROGEN_RESPONSE_EARLY","ENSG00000141424"
"HALLMARK_ESTROGEN_RESPONSE_EARLY","ENSG00000003989"
"HALLMARK_ESTROGEN_RESPONSE_EARLY","ENSG00000103257"
"HALLMARK_ESTROGEN_RESPONSE_EARLY","ENSG00000064652"
"HALLMARK_ESTROGEN_RESPONSE_EARLY","ENSG00000134595"
"HALLMARK_ESTROGEN_RESPONSE_EARLY","ENSG00000113739"
"HALLMARK_ESTROGEN_RESPONSE_EARLY","ENSG00000088002"
"HALLMARK_ESTROGEN_RESPONSE_EARLY","ENSG00000197321"
"HALLMARK_ESTROGEN_RESPONSE_EARLY","ENSG00000147642"
"HALLMARK_ESTROGEN_RESPONSE_EARLY","ENSG00000100321"
"HALLMARK_ESTROGEN_RESPONSE_EARLY","ENSG00000173227"
"HALLMARK_ESTROGEN_RESPONSE_EARLY","ENSG00000111490"
"HALLMARK_ESTROGEN_RESPONSE_EARLY","ENSG00000087510"
"HALLMARK_ESTROGEN_RESPONSE_EARLY","ENSG00000160182"
"HALLMARK_ESTROGEN_RESPONSE_EARLY","ENSG00000160180"
"HALLMARK_ESTROGEN_RESPONSE_EARLY","ENSG00000118707"
"HALLMARK_ESTROGEN_RESPONSE_EARLY","ENSG00000198959"
"HALLMARK_ESTROGEN_RESPONSE_EARLY","ENSG00000187720"
"HALLMARK_ESTROGEN_RESPONSE_EARLY","ENSG00000156299"
"HALLMARK_ESTROGEN_RESPONSE_EARLY","ENSG00000163659"
"HALLMARK_ESTROGEN_RESPONSE_EARLY","ENSG00000105289"
"HALLMARK_ESTROGEN_RESPONSE_EARLY","ENSG00000157600"
"HALLMARK_ESTROGEN_RESPONSE_EARLY","ENSG00000160183"
"HALLMARK_ESTROGEN_RESPONSE_EARLY","ENSG00000141232"
"HALLMARK_ESTROGEN_RESPONSE_EARLY","ENSG00000146242"
"HALLMARK_ESTROGEN_RESPONSE_EARLY","ENSG00000111907"
"HALLMARK_ESTROGEN_RESPONSE_EARLY","ENSG00000182704"
"HALLMARK_ESTROGEN_RESPONSE_EARLY","ENSG00000085831"
"HALLMARK_ESTROGEN_RESPONSE_EARLY","ENSG00000137285"
"HALLMARK_ESTROGEN_RESPONSE_EARLY","ENSG00000148154"
"HALLMARK_ESTROGEN_RESPONSE_EARLY","ENSG00000109103"
"HALLMARK_ESTROGEN_RESPONSE_EARLY","ENSG00000109501"
"HALLMARK_ESTROGEN_RESPONSE_EARLY","ENSG00000113645"
"HALLMARK_ESTROGEN_RESPONSE_EARLY","ENSG00000100219"
"HALLMARK_ESTROGEN_RESPONSE_EARLY","ENSG00000147394"
"HALLMARK_ESTROGEN_RESPONSE_LATE","ENSG00000167972"
"HALLMARK_ESTROGEN_RESPONSE_LATE","ENSG00000140526"
"HALLMARK_ESTROGEN_RESPONSE_LATE","ENSG00000168306"
"HALLMARK_ESTROGEN_RESPONSE_LATE","ENSG00000148700"
"HALLMARK_ESTROGEN_RESPONSE_LATE","ENSG00000172493"
"HALLMARK_ESTROGEN_RESPONSE_LATE","ENSG00000106541"
"HALLMARK_ESTROGEN_RESPONSE_LATE","ENSG00000072210"
"HALLMARK_ESTROGEN_RESPONSE_LATE","ENSG00000006534"
"HALLMARK_ESTROGEN_RESPONSE_LATE","ENSG00000159461"
"HALLMARK_ESTROGEN_RESPONSE_LATE","ENSG00000143412"
"HALLMARK_ESTROGEN_RESPONSE_LATE","ENSG00000109321"
"HALLMARK_ESTROGEN_RESPONSE_LATE","ENSG00000138175"
"HALLMARK_ESTROGEN_RESPONSE_LATE","ENSG00000139352"
"HALLMARK_ESTROGEN_RESPONSE_LATE","ENSG00000130707"
"HALLMARK_ESTROGEN_RESPONSE_LATE","ENSG00000058668"
"HALLMARK_ESTROGEN_RESPONSE_LATE","ENSG00000107262"
"HALLMARK_ESTROGEN_RESPONSE_LATE","ENSG00000156127"
"HALLMARK_ESTROGEN_RESPONSE_LATE","ENSG00000171791"
"HALLMARK_ESTROGEN_RESPONSE_LATE","ENSG00000090013"
"HALLMARK_ESTROGEN_RESPONSE_LATE","ENSG00000154640"
"HALLMARK_ESTROGEN_RESPONSE_LATE","ENSG00000074410"
"HALLMARK_ESTROGEN_RESPONSE_LATE","ENSG00000104267"
"HALLMARK_ESTROGEN_RESPONSE_LATE","ENSG00000007402"
"HALLMARK_ESTROGEN_RESPONSE_LATE","ENSG00000004948"
"HALLMARK_ESTROGEN_RESPONSE_LATE","ENSG00000105974"
"HALLMARK_ESTROGEN_RESPONSE_LATE","ENSG00000064205"
"HALLMARK_ESTROGEN_RESPONSE_LATE","ENSG00000133101"
"HALLMARK_ESTROGEN_RESPONSE_LATE","ENSG00000110092"
"HALLMARK_ESTROGEN_RESPONSE_LATE","ENSG00000026508"
"HALLMARK_ESTROGEN_RESPONSE_LATE","ENSG00000010278"
"HALLMARK_ESTROGEN_RESPONSE_LATE","ENSG00000117399"
"HALLMARK_ESTROGEN_RESPONSE_LATE","ENSG00000094804"
"HALLMARK_ESTROGEN_RESPONSE_LATE","ENSG00000039068"
"HALLMARK_ESTROGEN_RESPONSE_LATE","ENSG00000143126"
"HALLMARK_ESTROGEN_RESPONSE_LATE","ENSG00000111666"
"HALLMARK_ESTROGEN_RESPONSE_LATE","ENSG00000124302"
"HALLMARK_ESTROGEN_RESPONSE_LATE","ENSG00000114737"
"HALLMARK_ESTROGEN_RESPONSE_LATE","ENSG00000166165"
"HALLMARK_ESTROGEN_RESPONSE_LATE","ENSG00000169583"
"HALLMARK_ESTROGEN_RESPONSE_LATE","ENSG00000164919"
"HALLMARK_ESTROGEN_RESPONSE_LATE","ENSG00000109472"
"HALLMARK_ESTROGEN_RESPONSE_LATE","ENSG00000107562"
"HALLMARK_ESTROGEN_RESPONSE_LATE","ENSG00000145824"
"HALLMARK_ESTROGEN_RESPONSE_LATE","ENSG00000003137"
"HALLMARK_ESTROGEN_RESPONSE_LATE","ENSG00000171903"
"HALLMARK_ESTROGEN_RESPONSE_LATE","ENSG00000169738"
"HALLMARK_ESTROGEN_RESPONSE_LATE","ENSG00000172893"
"HALLMARK_ESTROGEN_RESPONSE_LATE","ENSG00000100867"
"HALLMARK_ESTROGEN_RESPONSE_LATE","ENSG00000151208"
"HALLMARK_ESTROGEN_RESPONSE_LATE","ENSG00000136770"
"HALLMARK_ESTROGEN_RESPONSE_LATE","ENSG00000108176"
"HALLMARK_ESTROGEN_RESPONSE_LATE","ENSG00000158050"
"HALLMARK_ESTROGEN_RESPONSE_LATE","ENSG00000165169"
"HALLMARK_ESTROGEN_RESPONSE_LATE","ENSG00000167106"
"HALLMARK_ESTROGEN_RESPONSE_LATE","ENSG00000179388"
"HALLMARK_ESTROGEN_RESPONSE_LATE","ENSG00000012660"
"HALLMARK_ESTROGEN_RESPONSE_LATE","ENSG00000213853"
"HALLMARK_ESTROGEN_RESPONSE_LATE","ENSG00000105379"
"HALLMARK_ESTROGEN_RESPONSE_LATE","ENSG00000164687"
"HALLMARK_ESTROGEN_RESPONSE_LATE","ENSG00000152767"
"HALLMARK_ESTROGEN_RESPONSE_LATE","ENSG00000079459"
"HALLMARK_ESTROGEN_RESPONSE_LATE","ENSG00000068078"
"HALLMARK_ESTROGEN_RESPONSE_LATE","ENSG00000004478"
"HALLMARK_ESTROGEN_RESPONSE_LATE","ENSG00000096060"
"HALLMARK_ESTROGEN_RESPONSE_LATE","ENSG00000136068"
"HALLMARK_ESTROGEN_RESPONSE_LATE","ENSG00000170345"
"HALLMARK_ESTROGEN_RESPONSE_LATE","ENSG00000054598"
"HALLMARK_ESTROGEN_RESPONSE_LATE","ENSG00000111816"
"HALLMARK_ESTROGEN_RESPONSE_LATE","ENSG00000069482"
"HALLMARK_ESTROGEN_RESPONSE_LATE","ENSG00000117308"
"HALLMARK_ESTROGEN_RESPONSE_LATE","ENSG00000104522"
"HALLMARK_ESTROGEN_RESPONSE_LATE","ENSG00000131153"
"HALLMARK_ESTROGEN_RESPONSE_LATE","ENSG00000188910"
"HALLMARK_ESTROGEN_RESPONSE_LATE","ENSG00000102393"
"HALLMARK_ESTROGEN_RESPONSE_LATE","ENSG00000164850"
"HALLMARK_ESTROGEN_RESPONSE_LATE","ENSG00000134240"
"HALLMARK_ESTROGEN_RESPONSE_LATE","ENSG00000103942"
"HALLMARK_ESTROGEN_RESPONSE_LATE","ENSG00000165704"
"HALLMARK_ESTROGEN_RESPONSE_LATE","ENSG00000168453"
"HALLMARK_ESTROGEN_RESPONSE_LATE","ENSG00000164070"
"HALLMARK_ESTROGEN_RESPONSE_LATE","ENSG00000152137"
"HALLMARK_ESTROGEN_RESPONSE_LATE","ENSG00000115738"
"HALLMARK_ESTROGEN_RESPONSE_LATE","ENSG00000182054"
"HALLMARK_ESTROGEN_RESPONSE_LATE","ENSG00000141753"
"HALLMARK_ESTROGEN_RESPONSE_LATE","ENSG00000147255"
"HALLMARK_ESTROGEN_RESPONSE_LATE","ENSG00000056736"
"HALLMARK_ESTROGEN_RESPONSE_LATE","ENSG00000134352"
"HALLMARK_ESTROGEN_RESPONSE_LATE","ENSG00000141401"
"HALLMARK_ESTROGEN_RESPONSE_LATE","ENSG00000172183"
"HALLMARK_ESTROGEN_RESPONSE_LATE","ENSG00000100605"
"HALLMARK_ESTROGEN_RESPONSE_LATE","ENSG00000162434"
"HALLMARK_ESTROGEN_RESPONSE_LATE","ENSG00000096968"
"HALLMARK_ESTROGEN_RESPONSE_LATE","ENSG00000164626"
"HALLMARK_ESTROGEN_RESPONSE_LATE","ENSG00000112984"
"HALLMARK_ESTROGEN_RESPONSE_LATE","ENSG00000136826"
"HALLMARK_ESTROGEN_RESPONSE_LATE","ENSG00000129451"
"HALLMARK_ESTROGEN_RESPONSE_LATE","ENSG00000167757"
"HALLMARK_ESTROGEN_RESPONSE_LATE","ENSG00000171401"
"HALLMARK_ESTROGEN_RESPONSE_LATE","ENSG00000171345"
"HALLMARK_ESTROGEN_RESPONSE_LATE","ENSG00000058085"
"HALLMARK_ESTROGEN_RESPONSE_LATE","ENSG00000133424"
"HALLMARK_ESTROGEN_RESPONSE_LATE","ENSG00000073350"
"HALLMARK_ESTROGEN_RESPONSE_LATE","ENSG00000105699"
"HALLMARK_ESTROGEN_RESPONSE_LATE","ENSG00000012223"
"HALLMARK_ESTROGEN_RESPONSE_LATE","ENSG00000156711"
"HALLMARK_ESTROGEN_RESPONSE_LATE","ENSG00000186868"
"HALLMARK_ESTROGEN_RESPONSE_LATE","ENSG00000110492"
"HALLMARK_ESTROGEN_RESPONSE_LATE","ENSG00000106484"
"HALLMARK_ESTROGEN_RESPONSE_LATE","ENSG00000165819"
"HALLMARK_ESTROGEN_RESPONSE_LATE","ENSG00000204516"
"HALLMARK_ESTROGEN_RESPONSE_LATE","ENSG00000164172"
"HALLMARK_ESTROGEN_RESPONSE_LATE","ENSG00000118513"
"HALLMARK_ESTROGEN_RESPONSE_LATE","ENSG00000138119"
"HALLMARK_ESTROGEN_RESPONSE_LATE","ENSG00000166886"
"HALLMARK_ESTROGEN_RESPONSE_LATE","ENSG00000158747"
"HALLMARK_ESTROGEN_RESPONSE_LATE","ENSG00000196498"
"HALLMARK_ESTROGEN_RESPONSE_LATE","ENSG00000109062"
"HALLMARK_ESTROGEN_RESPONSE_LATE","ENSG00000109255"
"HALLMARK_ESTROGEN_RESPONSE_LATE","ENSG00000164128"
"HALLMARK_ESTROGEN_RESPONSE_LATE","ENSG00000180530"
"HALLMARK_ESTROGEN_RESPONSE_LATE","ENSG00000132661"
"HALLMARK_ESTROGEN_RESPONSE_LATE","ENSG00000130558"
"HALLMARK_ESTROGEN_RESPONSE_LATE","ENSG00000054277"
"HALLMARK_ESTROGEN_RESPONSE_LATE","ENSG00000125850"
"HALLMARK_ESTROGEN_RESPONSE_LATE","ENSG00000198682"
"HALLMARK_ESTROGEN_RESPONSE_LATE","ENSG00000183036"
"HALLMARK_ESTROGEN_RESPONSE_LATE","ENSG00000150593"
"HALLMARK_ESTROGEN_RESPONSE_LATE","ENSG00000154553"
"HALLMARK_ESTROGEN_RESPONSE_LATE","ENSG00000174827"
"HALLMARK_ESTROGEN_RESPONSE_LATE","ENSG00000112378"
"HALLMARK_ESTROGEN_RESPONSE_LATE","ENSG00000082175"
"HALLMARK_ESTROGEN_RESPONSE_LATE","ENSG00000184363"
"HALLMARK_ESTROGEN_RESPONSE_LATE","ENSG00000176485"
"HALLMARK_ESTROGEN_RESPONSE_LATE","ENSG00000170965"
"HALLMARK_ESTROGEN_RESPONSE_LATE","ENSG00000142731"
"HALLMARK_ESTROGEN_RESPONSE_LATE","ENSG00000164050"
"HALLMARK_ESTROGEN_RESPONSE_LATE","ENSG00000108179"
"HALLMARK_ESTROGEN_RESPONSE_LATE","ENSG00000005249"
"HALLMARK_ESTROGEN_RESPONSE_LATE","ENSG00000113494"
"HALLMARK_ESTROGEN_RESPONSE_LATE","ENSG00000150687"
"HALLMARK_ESTROGEN_RESPONSE_LATE","ENSG00000050628"
"HALLMARK_ESTROGEN_RESPONSE_LATE","ENSG00000148344"
"HALLMARK_ESTROGEN_RESPONSE_LATE","ENSG00000111679"
"HALLMARK_ESTROGEN_RESPONSE_LATE","ENSG00000168461"
"HALLMARK_ESTROGEN_RESPONSE_LATE","ENSG00000029725"
"HALLMARK_ESTROGEN_RESPONSE_LATE","ENSG00000108352"
"HALLMARK_ESTROGEN_RESPONSE_LATE","ENSG00000101773"
"HALLMARK_ESTROGEN_RESPONSE_LATE","ENSG00000165731"
"HALLMARK_ESTROGEN_RESPONSE_LATE","ENSG00000104889"
"HALLMARK_ESTROGEN_RESPONSE_LATE","ENSG00000071242"
"HALLMARK_ESTROGEN_RESPONSE_LATE","ENSG00000163220"
"HALLMARK_ESTROGEN_RESPONSE_LATE","ENSG00000073060"
"HALLMARK_ESTROGEN_RESPONSE_LATE","ENSG00000111319"
"HALLMARK_ESTROGEN_RESPONSE_LATE","ENSG00000175356"
"HALLMARK_ESTROGEN_RESPONSE_LATE","ENSG00000012171"
"HALLMARK_ESTROGEN_RESPONSE_LATE","ENSG00000197249"
"HALLMARK_ESTROGEN_RESPONSE_LATE","ENSG00000196136"
"HALLMARK_ESTROGEN_RESPONSE_LATE","ENSG00000188488"
"HALLMARK_ESTROGEN_RESPONSE_LATE","ENSG00000175793"
"HALLMARK_ESTROGEN_RESPONSE_LATE","ENSG00000118515"
"HALLMARK_ESTROGEN_RESPONSE_LATE","ENSG00000181788"
"HALLMARK_ESTROGEN_RESPONSE_LATE","ENSG00000155380"
"HALLMARK_ESTROGEN_RESPONSE_LATE","ENSG00000115902"
"HALLMARK_ESTROGEN_RESPONSE_LATE","ENSG00000197375"
"HALLMARK_ESTROGEN_RESPONSE_LATE","ENSG00000185052"
"HALLMARK_ESTROGEN_RESPONSE_LATE","ENSG00000155850"
"HALLMARK_ESTROGEN_RESPONSE_LATE","ENSG00000140284"
"HALLMARK_ESTROGEN_RESPONSE_LATE","ENSG00000112759"
"HALLMARK_ESTROGEN_RESPONSE_LATE","ENSG00000136856"
"HALLMARK_ESTROGEN_RESPONSE_LATE","ENSG00000103257"
"HALLMARK_ESTROGEN_RESPONSE_LATE","ENSG00000086300"
"HALLMARK_ESTROGEN_RESPONSE_LATE","ENSG00000140263"
"HALLMARK_ESTROGEN_RESPONSE_LATE","ENSG00000134595"
"HALLMARK_ESTROGEN_RESPONSE_LATE","ENSG00000149418"
"HALLMARK_ESTROGEN_RESPONSE_LATE","ENSG00000070731"
"HALLMARK_ESTROGEN_RESPONSE_LATE","ENSG00000123473"
"HALLMARK_ESTROGEN_RESPONSE_LATE","ENSG00000088002"
"HALLMARK_ESTROGEN_RESPONSE_LATE","ENSG00000087510"
"HALLMARK_ESTROGEN_RESPONSE_LATE","ENSG00000160182"
"HALLMARK_ESTROGEN_RESPONSE_LATE","ENSG00000160180"
"HALLMARK_ESTROGEN_RESPONSE_LATE","ENSG00000105825"
"HALLMARK_ESTROGEN_RESPONSE_LATE","ENSG00000180176"
"HALLMARK_ESTROGEN_RESPONSE_LATE","ENSG00000156299"
"HALLMARK_ESTROGEN_RESPONSE_LATE","ENSG00000105289"
"HALLMARK_ESTROGEN_RESPONSE_LATE","ENSG00000160183"
"HALLMARK_ESTROGEN_RESPONSE_LATE","ENSG00000114854"
"HALLMARK_ESTROGEN_RESPONSE_LATE","ENSG00000141232"
"HALLMARK_ESTROGEN_RESPONSE_LATE","ENSG00000131747"
"HALLMARK_ESTROGEN_RESPONSE_LATE","ENSG00000146242"
"HALLMARK_ESTROGEN_RESPONSE_LATE","ENSG00000111907"
"HALLMARK_ESTROGEN_RESPONSE_LATE","ENSG00000172236"
"HALLMARK_ESTROGEN_RESPONSE_LATE","ENSG00000137699"
"HALLMARK_ESTROGEN_RESPONSE_LATE","ENSG00000106537"
"HALLMARK_ESTROGEN_RESPONSE_LATE","ENSG00000128311"
"HALLMARK_ESTROGEN_RESPONSE_LATE","ENSG00000109814"
"HALLMARK_ESTROGEN_RESPONSE_LATE","ENSG00000198722"
"HALLMARK_ESTROGEN_RESPONSE_LATE","ENSG00000109501"
"HALLMARK_ESTROGEN_RESPONSE_LATE","ENSG00000100219"
"HALLMARK_ESTROGEN_RESPONSE_LATE","ENSG00000126215"
"HALLMARK_ESTROGEN_RESPONSE_LATE","ENSG00000128016"
"HALLMARK_FATTY_ACID_METABOLISM","ENSG00000109576"
"HALLMARK_FATTY_ACID_METABOLISM","ENSG00000060971"
"HALLMARK_FATTY_ACID_METABOLISM","ENSG00000167315"
"HALLMARK_FATTY_ACID_METABOLISM","ENSG00000115361"
"HALLMARK_FATTY_ACID_METABOLISM","ENSG00000117054"
"HALLMARK_FATTY_ACID_METABOLISM","ENSG00000122971"
"HALLMARK_FATTY_ACID_METABOLISM","ENSG00000072778"
"HALLMARK_FATTY_ACID_METABOLISM","ENSG00000120437"
"HALLMARK_FATTY_ACID_METABOLISM","ENSG00000100412"
"HALLMARK_FATTY_ACID_METABOLISM","ENSG00000119673"
"HALLMARK_FATTY_ACID_METABOLISM","ENSG00000101473"
"HALLMARK_FATTY_ACID_METABOLISM","ENSG00000161533"
"HALLMARK_FATTY_ACID_METABOLISM","ENSG00000151726"
"HALLMARK_FATTY_ACID_METABOLISM","ENSG00000068366"
"HALLMARK_FATTY_ACID_METABOLISM","ENSG00000197142"
"HALLMARK_FATTY_ACID_METABOLISM","ENSG00000005187"
"HALLMARK_FATTY_ACID_METABOLISM","ENSG00000154930"
"HALLMARK_FATTY_ACID_METABOLISM","ENSG00000248144"
"HALLMARK_FATTY_ACID_METABOLISM","ENSG00000196344"
"HALLMARK_FATTY_ACID_METABOLISM","ENSG00000006831"
"HALLMARK_FATTY_ACID_METABOLISM","ENSG00000239900"
"HALLMARK_FATTY_ACID_METABOLISM","ENSG00000148218"
"HALLMARK_FATTY_ACID_METABOLISM","ENSG00000165092"
"HALLMARK_FATTY_ACID_METABOLISM","ENSG00000108602"
"HALLMARK_FATTY_ACID_METABOLISM","ENSG00000072210"
"HALLMARK_FATTY_ACID_METABOLISM","ENSG00000143149"
"HALLMARK_FATTY_ACID_METABOLISM","ENSG00000149925"
"HALLMARK_FATTY_ACID_METABOLISM","ENSG00000131471"
"HALLMARK_FATTY_ACID_METABOLISM","ENSG00000100823"
"HALLMARK_FATTY_ACID_METABOLISM","ENSG00000165269"
"HALLMARK_FATTY_ACID_METABOLISM","ENSG00000148090"
"HALLMARK_FATTY_ACID_METABOLISM","ENSG00000083123"
"HALLMARK_FATTY_ACID_METABOLISM","ENSG00000106605"
"HALLMARK_FATTY_ACID_METABOLISM","ENSG00000138696"
"HALLMARK_FATTY_ACID_METABOLISM","ENSG00000137274"
"HALLMARK_FATTY_ACID_METABOLISM","ENSG00000104267"
"HALLMARK_FATTY_ACID_METABOLISM","ENSG00000167434"
"HALLMARK_FATTY_ACID_METABOLISM","ENSG00000131686"
"HALLMARK_FATTY_ACID_METABOLISM","ENSG00000159228"
"HALLMARK_FATTY_ACID_METABOLISM","ENSG00000159231"
"HALLMARK_FATTY_ACID_METABOLISM","ENSG00000158473"
"HALLMARK_FATTY_ACID_METABOLISM","ENSG00000135218"
"HALLMARK_FATTY_ACID_METABOLISM","ENSG00000170835"
"HALLMARK_FATTY_ACID_METABOLISM","ENSG00000176194"
"HALLMARK_FATTY_ACID_METABOLISM","ENSG00000080819"
"HALLMARK_FATTY_ACID_METABOLISM","ENSG00000110090"
"HALLMARK_FATTY_ACID_METABOLISM","ENSG00000157184"
"HALLMARK_FATTY_ACID_METABOLISM","ENSG00000095321"
"HALLMARK_FATTY_ACID_METABOLISM","ENSG00000116791"
"HALLMARK_FATTY_ACID_METABOLISM","ENSG00000140465"
"HALLMARK_FATTY_ACID_METABOLISM","ENSG00000187048"
"HALLMARK_FATTY_ACID_METABOLISM","ENSG00000162365"
"HALLMARK_FATTY_ACID_METABOLISM","ENSG00000180902"
"HALLMARK_FATTY_ACID_METABOLISM","ENSG00000104325"
"HALLMARK_FATTY_ACID_METABOLISM","ENSG00000116133"
"HALLMARK_FATTY_ACID_METABOLISM","ENSG00000091140"
"HALLMARK_FATTY_ACID_METABOLISM","ENSG00000119689"
"HALLMARK_FATTY_ACID_METABOLISM","ENSG00000104823"
"HALLMARK_FATTY_ACID_METABOLISM","ENSG00000127884"
"HALLMARK_FATTY_ACID_METABOLISM","ENSG00000167969"
"HALLMARK_FATTY_ACID_METABOLISM","ENSG00000198721"
"HALLMARK_FATTY_ACID_METABOLISM","ENSG00000113790"
"HALLMARK_FATTY_ACID_METABOLISM","ENSG00000012660"
"HALLMARK_FATTY_ACID_METABOLISM","ENSG00000111674"
"HALLMARK_FATTY_ACID_METABOLISM","ENSG00000108515"
"HALLMARK_FATTY_ACID_METABOLISM","ENSG00000143819"
"HALLMARK_FATTY_ACID_METABOLISM","ENSG00000089248"
"HALLMARK_FATTY_ACID_METABOLISM","ENSG00000171503"
"HALLMARK_FATTY_ACID_METABOLISM","ENSG00000163586"
"HALLMARK_FATTY_ACID_METABOLISM","ENSG00000145384"
"HALLMARK_FATTY_ACID_METABOLISM","ENSG00000169710"
"HALLMARK_FATTY_ACID_METABOLISM","ENSG00000091483"
"HALLMARK_FATTY_ACID_METABOLISM","ENSG00000010932"
"HALLMARK_FATTY_ACID_METABOLISM","ENSG00000123689"
"HALLMARK_FATTY_ACID_METABOLISM","ENSG00000139112"
"HALLMARK_FATTY_ACID_METABOLISM","ENSG00000136750"
"HALLMARK_FATTY_ACID_METABOLISM","ENSG00000105679"
"HALLMARK_FATTY_ACID_METABOLISM","ENSG00000105607"
"HALLMARK_FATTY_ACID_METABOLISM","ENSG00000135821"
"HALLMARK_FATTY_ACID_METABOLISM","ENSG00000167588"
"HALLMARK_FATTY_ACID_METABOLISM","ENSG00000115159"
"HALLMARK_FATTY_ACID_METABOLISM","ENSG00000137106"
"HALLMARK_FATTY_ACID_METABOLISM","ENSG00000100577"
"HALLMARK_FATTY_ACID_METABOLISM","ENSG00000164032"
"HALLMARK_FATTY_ACID_METABOLISM","ENSG00000138796"
"HALLMARK_FATTY_ACID_METABOLISM","ENSG00000138029"
"HALLMARK_FATTY_ACID_METABOLISM","ENSG00000116882"
"HALLMARK_FATTY_ACID_METABOLISM","ENSG00000004961"
"HALLMARK_FATTY_ACID_METABOLISM","ENSG00000198130"
"HALLMARK_FATTY_ACID_METABOLISM","ENSG00000117305"
"HALLMARK_FATTY_ACID_METABOLISM","ENSG00000112972"
"HALLMARK_FATTY_ACID_METABOLISM","ENSG00000134240"
"HALLMARK_FATTY_ACID_METABOLISM","ENSG00000164120"
"HALLMARK_FATTY_ACID_METABOLISM","ENSG00000072506"
"HALLMARK_FATTY_ACID_METABOLISM","ENSG00000198189"
"HALLMARK_FATTY_ACID_METABOLISM","ENSG00000133835"
"HALLMARK_FATTY_ACID_METABOLISM","ENSG00000132196"
"HALLMARK_FATTY_ACID_METABOLISM","ENSG00000119471"
"HALLMARK_FATTY_ACID_METABOLISM","ENSG00000080824"
"HALLMARK_FATTY_ACID_METABOLISM","ENSG00000120694"
"HALLMARK_FATTY_ACID_METABOLISM","ENSG00000138413"
"HALLMARK_FATTY_ACID_METABOLISM","ENSG00000101365"
"HALLMARK_FATTY_ACID_METABOLISM","ENSG00000067829"
"HALLMARK_FATTY_ACID_METABOLISM","ENSG00000067064"
"HALLMARK_FATTY_ACID_METABOLISM","ENSG00000104951"
"HALLMARK_FATTY_ACID_METABOLISM","ENSG00000241644"
"HALLMARK_FATTY_ACID_METABOLISM","ENSG00000183955"
"HALLMARK_FATTY_ACID_METABOLISM","ENSG00000134333"
"HALLMARK_FATTY_ACID_METABOLISM","ENSG00000100097"
"HALLMARK_FATTY_ACID_METABOLISM","ENSG00000213316"
"HALLMARK_FATTY_ACID_METABOLISM","ENSG00000189221"
"HALLMARK_FATTY_ACID_METABOLISM","ENSG00000124370"
"HALLMARK_FATTY_ACID_METABOLISM","ENSG00000014641"
"HALLMARK_FATTY_ACID_METABOLISM","ENSG00000146701"
"HALLMARK_FATTY_ACID_METABOLISM","ENSG00000065833"
"HALLMARK_FATTY_ACID_METABOLISM","ENSG00000164024"
"HALLMARK_FATTY_ACID_METABOLISM","ENSG00000074416"
"HALLMARK_FATTY_ACID_METABOLISM","ENSG00000240972"
"HALLMARK_FATTY_ACID_METABOLISM","ENSG00000160124"
"HALLMARK_FATTY_ACID_METABOLISM","ENSG00000103150"
"HALLMARK_FATTY_ACID_METABOLISM","ENSG00000104320"
"HALLMARK_FATTY_ACID_METABOLISM","ENSG00000025770"
"HALLMARK_FATTY_ACID_METABOLISM","ENSG00000147383"
"HALLMARK_FATTY_ACID_METABOLISM","ENSG00000065057"
"HALLMARK_FATTY_ACID_METABOLISM","ENSG00000115758"
"HALLMARK_FATTY_ACID_METABOLISM","ENSG00000198856"
"HALLMARK_FATTY_ACID_METABOLISM","ENSG00000166228"
"HALLMARK_FATTY_ACID_METABOLISM","ENSG00000131828"
"HALLMARK_FATTY_ACID_METABOLISM","ENSG00000168291"
"HALLMARK_FATTY_ACID_METABOLISM","ENSG00000186951"
"HALLMARK_FATTY_ACID_METABOLISM","ENSG00000117592"
"HALLMARK_FATTY_ACID_METABOLISM","ENSG00000092010"
"HALLMARK_FATTY_ACID_METABOLISM","ENSG00000144724"
"HALLMARK_FATTY_ACID_METABOLISM","ENSG00000150787"
"HALLMARK_FATTY_ACID_METABOLISM","ENSG00000138698"
"HALLMARK_FATTY_ACID_METABOLISM","ENSG00000072042"
"HALLMARK_FATTY_ACID_METABOLISM","ENSG00000139547"
"HALLMARK_FATTY_ACID_METABOLISM","ENSG00000115255"
"HALLMARK_FATTY_ACID_METABOLISM","ENSG00000042445"
"HALLMARK_FATTY_ACID_METABOLISM","ENSG00000197747"
"HALLMARK_FATTY_ACID_METABOLISM","ENSG00000073578"
"HALLMARK_FATTY_ACID_METABOLISM","ENSG00000143252"
"HALLMARK_FATTY_ACID_METABOLISM","ENSG00000204370"
"HALLMARK_FATTY_ACID_METABOLISM","ENSG00000111897"
"HALLMARK_FATTY_ACID_METABOLISM","ENSG00000197375"
"HALLMARK_FATTY_ACID_METABOLISM","ENSG00000102172"
"HALLMARK_FATTY_ACID_METABOLISM","ENSG00000136143"
"HALLMARK_FATTY_ACID_METABOLISM","ENSG00000163541"
"HALLMARK_FATTY_ACID_METABOLISM","ENSG00000172340"
"HALLMARK_FATTY_ACID_METABOLISM","ENSG00000151790"
"HALLMARK_FATTY_ACID_METABOLISM","ENSG00000078804"
"HALLMARK_FATTY_ACID_METABOLISM","ENSG00000156587"
"HALLMARK_FATTY_ACID_METABOLISM","ENSG00000109814"
"HALLMARK_FATTY_ACID_METABOLISM","ENSG00000126088"
"HALLMARK_FATTY_ACID_METABOLISM","ENSG00000188690"
"HALLMARK_FATTY_ACID_METABOLISM","ENSG00000112299"
"HALLMARK_FATTY_ACID_METABOLISM","ENSG00000229807"
"HALLMARK_FATTY_ACID_METABOLISM","ENSG00000128245"
"HALLMARK_G2M_CHECKPOINT","ENSG00000097007"
"HALLMARK_G2M_CHECKPOINT","ENSG00000123505"
"HALLMARK_G2M_CHECKPOINT","ENSG00000032219"
"HALLMARK_G2M_CHECKPOINT","ENSG00000169136"
"HALLMARK_G2M_CHECKPOINT","ENSG00000085224"
"HALLMARK_G2M_CHECKPOINT","ENSG00000087586"
"HALLMARK_G2M_CHECKPOINT","ENSG00000178999"
"HALLMARK_G2M_CHECKPOINT","ENSG00000138376"
"HALLMARK_G2M_CHECKPOINT","ENSG00000069399"
"HALLMARK_G2M_CHECKPOINT","ENSG00000089685"
"HALLMARK_G2M_CHECKPOINT","ENSG00000139618"
"HALLMARK_G2M_CHECKPOINT","ENSG00000169679"
"HALLMARK_G2M_CHECKPOINT","ENSG00000154473"
"HALLMARK_G2M_CHECKPOINT","ENSG00000118412"
"HALLMARK_G2M_CHECKPOINT","ENSG00000108468"
"HALLMARK_G2M_CHECKPOINT","ENSG00000145386"
"HALLMARK_G2M_CHECKPOINT","ENSG00000157456"
"HALLMARK_G2M_CHECKPOINT","ENSG00000110092"
"HALLMARK_G2M_CHECKPOINT","ENSG00000162063"
"HALLMARK_G2M_CHECKPOINT","ENSG00000129315"
"HALLMARK_G2M_CHECKPOINT","ENSG00000117399"
"HALLMARK_G2M_CHECKPOINT","ENSG00000164045"
"HALLMARK_G2M_CHECKPOINT","ENSG00000101224"
"HALLMARK_G2M_CHECKPOINT","ENSG00000004897"
"HALLMARK_G2M_CHECKPOINT","ENSG00000093009"
"HALLMARK_G2M_CHECKPOINT","ENSG00000094804"
"HALLMARK_G2M_CHECKPOINT","ENSG00000097046"
"HALLMARK_G2M_CHECKPOINT","ENSG00000170312"
"HALLMARK_G2M_CHECKPOINT","ENSG00000135446"
"HALLMARK_G2M_CHECKPOINT","ENSG00000111276"
"HALLMARK_G2M_CHECKPOINT","ENSG00000123080"
"HALLMARK_G2M_CHECKPOINT","ENSG00000100526"
"HALLMARK_G2M_CHECKPOINT","ENSG00000115163"
"HALLMARK_G2M_CHECKPOINT","ENSG00000138778"
"HALLMARK_G2M_CHECKPOINT","ENSG00000117724"
"HALLMARK_G2M_CHECKPOINT","ENSG00000167670"
"HALLMARK_G2M_CHECKPOINT","ENSG00000149554"
"HALLMARK_G2M_CHECKPOINT","ENSG00000131165"
"HALLMARK_G2M_CHECKPOINT","ENSG00000173207"
"HALLMARK_G2M_CHECKPOINT","ENSG00000123975"
"HALLMARK_G2M_CHECKPOINT","ENSG00000102974"
"HALLMARK_G2M_CHECKPOINT","ENSG00000055130"
"HALLMARK_G2M_CHECKPOINT","ENSG00000036257"
"HALLMARK_G2M_CHECKPOINT","ENSG00000139842"
"HALLMARK_G2M_CHECKPOINT","ENSG00000166266"
"HALLMARK_G2M_CHECKPOINT","ENSG00000006634"
"HALLMARK_G2M_CHECKPOINT","ENSG00000123136"
"HALLMARK_G2M_CHECKPOINT","ENSG00000130826"
"HALLMARK_G2M_CHECKPOINT","ENSG00000198947"
"HALLMARK_G2M_CHECKPOINT","ENSG00000117505"
"HALLMARK_G2M_CHECKPOINT","ENSG00000168393"
"HALLMARK_G2M_CHECKPOINT","ENSG00000101412"
"HALLMARK_G2M_CHECKPOINT","ENSG00000007968"
"HALLMARK_G2M_CHECKPOINT","ENSG00000112242"
"HALLMARK_G2M_CHECKPOINT","ENSG00000205250"
"HALLMARK_G2M_CHECKPOINT","ENSG00000184349"
"HALLMARK_G2M_CHECKPOINT","ENSG00000138798"
"HALLMARK_G2M_CHECKPOINT","ENSG00000135476"
"HALLMARK_G2M_CHECKPOINT","ENSG00000182944"
"HALLMARK_G2M_CHECKPOINT","ENSG00000174371"
"HALLMARK_G2M_CHECKPOINT","ENSG00000106462"
"HALLMARK_G2M_CHECKPOINT","ENSG00000158169"
"HALLMARK_G2M_CHECKPOINT","ENSG00000112029"
"HALLMARK_G2M_CHECKPOINT","ENSG00000053254"
"HALLMARK_G2M_CHECKPOINT","ENSG00000145907"
"HALLMARK_G2M_CHECKPOINT","ENSG00000131153"
"HALLMARK_G2M_CHECKPOINT","ENSG00000103342"
"HALLMARK_G2M_CHECKPOINT","ENSG00000188486"
"HALLMARK_G2M_CHECKPOINT","ENSG00000164032"
"HALLMARK_G2M_CHECKPOINT","ENSG00000105968"
"HALLMARK_G2M_CHECKPOINT","ENSG00000197903"
"HALLMARK_G2M_CHECKPOINT","ENSG00000100644"
"HALLMARK_G2M_CHECKPOINT","ENSG00000100084"
"HALLMARK_G2M_CHECKPOINT","ENSG00000137309"
"HALLMARK_G2M_CHECKPOINT","ENSG00000029993"
"HALLMARK_G2M_CHECKPOINT","ENSG00000198830"
"HALLMARK_G2M_CHECKPOINT","ENSG00000072571"
"HALLMARK_G2M_CHECKPOINT","ENSG00000138668"
"HALLMARK_G2M_CHECKPOINT","ENSG00000153187"
"HALLMARK_G2M_CHECKPOINT","ENSG00000180818"
"HALLMARK_G2M_CHECKPOINT","ENSG00000109971"
"HALLMARK_G2M_CHECKPOINT","ENSG00000136273"
"HALLMARK_G2M_CHECKPOINT","ENSG00000129351"
"HALLMARK_G2M_CHECKPOINT","ENSG00000149503"
"HALLMARK_G2M_CHECKPOINT","ENSG00000189159"
"HALLMARK_G2M_CHECKPOINT","ENSG00000186625"
"HALLMARK_G2M_CHECKPOINT","ENSG00000138160"
"HALLMARK_G2M_CHECKPOINT","ENSG00000163808"
"HALLMARK_G2M_CHECKPOINT","ENSG00000138182"
"HALLMARK_G2M_CHECKPOINT","ENSG00000079616"
"HALLMARK_G2M_CHECKPOINT","ENSG00000137807"
"HALLMARK_G2M_CHECKPOINT","ENSG00000142945"
"HALLMARK_G2M_CHECKPOINT","ENSG00000090889"
"HALLMARK_G2M_CHECKPOINT","ENSG00000170759"
"HALLMARK_G2M_CHECKPOINT","ENSG00000183955"
"HALLMARK_G2M_CHECKPOINT","ENSG00000137812"
"HALLMARK_G2M_CHECKPOINT","ENSG00000182481"
"HALLMARK_G2M_CHECKPOINT","ENSG00000108424"
"HALLMARK_G2M_CHECKPOINT","ENSG00000143815"
"HALLMARK_G2M_CHECKPOINT","ENSG00000005156"
"HALLMARK_G2M_CHECKPOINT","ENSG00000113368"
"HALLMARK_G2M_CHECKPOINT","ENSG00000164109"
"HALLMARK_G2M_CHECKPOINT","ENSG00000091436"
"HALLMARK_G2M_CHECKPOINT","ENSG00000112062"
"HALLMARK_G2M_CHECKPOINT","ENSG00000277443"
"HALLMARK_G2M_CHECKPOINT","ENSG00000073111"
"HALLMARK_G2M_CHECKPOINT","ENSG00000112118"
"HALLMARK_G2M_CHECKPOINT","ENSG00000100297"
"HALLMARK_G2M_CHECKPOINT","ENSG00000076003"
"HALLMARK_G2M_CHECKPOINT","ENSG00000143995"
"HALLMARK_G2M_CHECKPOINT","ENSG00000134138"
"HALLMARK_G2M_CHECKPOINT","ENSG00000148773"
"HALLMARK_G2M_CHECKPOINT","ENSG00000020426"
"HALLMARK_G2M_CHECKPOINT","ENSG00000125148"
"HALLMARK_G2M_CHECKPOINT","ENSG00000143033"
"HALLMARK_G2M_CHECKPOINT","ENSG00000101057"
"HALLMARK_G2M_CHECKPOINT","ENSG00000136997"
"HALLMARK_G2M_CHECKPOINT","ENSG00000132780"
"HALLMARK_G2M_CHECKPOINT","ENSG00000115053"
"HALLMARK_G2M_CHECKPOINT","ENSG00000080986"
"HALLMARK_G2M_CHECKPOINT","ENSG00000117650"
"HALLMARK_G2M_CHECKPOINT","ENSG00000166197"
"HALLMARK_G2M_CHECKPOINT","ENSG00000134250"
"HALLMARK_G2M_CHECKPOINT","ENSG00000109685"
"HALLMARK_G2M_CHECKPOINT","ENSG00000137497"
"HALLMARK_G2M_CHECKPOINT","ENSG00000093000"
"HALLMARK_G2M_CHECKPOINT","ENSG00000110713"
"HALLMARK_G2M_CHECKPOINT","ENSG00000137804"
"HALLMARK_G2M_CHECKPOINT","ENSG00000115758"
"HALLMARK_G2M_CHECKPOINT","ENSG00000136811"
"HALLMARK_G2M_CHECKPOINT","ENSG00000164815"
"HALLMARK_G2M_CHECKPOINT","ENSG00000091651"
"HALLMARK_G2M_CHECKPOINT","ENSG00000007168"
"HALLMARK_G2M_CHECKPOINT","ENSG00000168078"
"HALLMARK_G2M_CHECKPOINT","ENSG00000083642"
"HALLMARK_G2M_CHECKPOINT","ENSG00000166851"
"HALLMARK_G2M_CHECKPOINT","ENSG00000142731"
"HALLMARK_G2M_CHECKPOINT","ENSG00000140464"
"HALLMARK_G2M_CHECKPOINT","ENSG00000014138"
"HALLMARK_G2M_CHECKPOINT","ENSG00000177084"
"HALLMARK_G2M_CHECKPOINT","ENSG00000051341"
"HALLMARK_G2M_CHECKPOINT","ENSG00000198901"
"HALLMARK_G2M_CHECKPOINT","ENSG00000146143"
"HALLMARK_G2M_CHECKPOINT","ENSG00000100462"
"HALLMARK_G2M_CHECKPOINT","ENSG00000112739"
"HALLMARK_G2M_CHECKPOINT","ENSG00000164611"
"HALLMARK_G2M_CHECKPOINT","ENSG00000213005"
"HALLMARK_G2M_CHECKPOINT","ENSG00000185129"
"HALLMARK_G2M_CHECKPOINT","ENSG00000161800"
"HALLMARK_G2M_CHECKPOINT","ENSG00000164754"
"HALLMARK_G2M_CHECKPOINT","ENSG00000119318"
"HALLMARK_G2M_CHECKPOINT","ENSG00000085999"
"HALLMARK_G2M_CHECKPOINT","ENSG00000075391"
"HALLMARK_G2M_CHECKPOINT","ENSG00000080839"
"HALLMARK_G2M_CHECKPOINT","ENSG00000239306"
"HALLMARK_G2M_CHECKPOINT","ENSG00000117748"
"HALLMARK_G2M_CHECKPOINT","ENSG00000100784"
"HALLMARK_G2M_CHECKPOINT","ENSG00000164105"
"HALLMARK_G2M_CHECKPOINT","ENSG00000116560"
"HALLMARK_G2M_CHECKPOINT","ENSG00000064651"
"HALLMARK_G2M_CHECKPOINT","ENSG00000111371"
"HALLMARK_G2M_CHECKPOINT","ENSG00000139514"
"HALLMARK_G2M_CHECKPOINT","ENSG00000103257"
"HALLMARK_G2M_CHECKPOINT","ENSG00000166949"
"HALLMARK_G2M_CHECKPOINT","ENSG00000173473"
"HALLMARK_G2M_CHECKPOINT","ENSG00000072501"
"HALLMARK_G2M_CHECKPOINT","ENSG00000136824"
"HALLMARK_G2M_CHECKPOINT","ENSG00000113810"
"HALLMARK_G2M_CHECKPOINT","ENSG00000167088"
"HALLMARK_G2M_CHECKPOINT","ENSG00000104549"
"HALLMARK_G2M_CHECKPOINT","ENSG00000136450"
"HALLMARK_G2M_CHECKPOINT","ENSG00000188529"
"HALLMARK_G2M_CHECKPOINT","ENSG00000161547"
"HALLMARK_G2M_CHECKPOINT","ENSG00000141380"
"HALLMARK_G2M_CHECKPOINT","ENSG00000118007"
"HALLMARK_G2M_CHECKPOINT","ENSG00000123473"
"HALLMARK_G2M_CHECKPOINT","ENSG00000117632"
"HALLMARK_G2M_CHECKPOINT","ENSG00000101945"
"HALLMARK_G2M_CHECKPOINT","ENSG00000135316"
"HALLMARK_G2M_CHECKPOINT","ENSG00000013810"
"HALLMARK_G2M_CHECKPOINT","ENSG00000112941"
"HALLMARK_G2M_CHECKPOINT","ENSG00000198176"
"HALLMARK_G2M_CHECKPOINT","ENSG00000105329"
"HALLMARK_G2M_CHECKPOINT","ENSG00000140332"
"HALLMARK_G2M_CHECKPOINT","ENSG00000120802"
"HALLMARK_G2M_CHECKPOINT","ENSG00000105576"
"HALLMARK_G2M_CHECKPOINT","ENSG00000198900"
"HALLMARK_G2M_CHECKPOINT","ENSG00000131747"
"HALLMARK_G2M_CHECKPOINT","ENSG00000088325"
"HALLMARK_G2M_CHECKPOINT","ENSG00000136527"
"HALLMARK_G2M_CHECKPOINT","ENSG00000183763"
"HALLMARK_G2M_CHECKPOINT","ENSG00000135451"
"HALLMARK_G2M_CHECKPOINT","ENSG00000112742"
"HALLMARK_G2M_CHECKPOINT","ENSG00000175063"
"HALLMARK_G2M_CHECKPOINT","ENSG00000108106"
"HALLMARK_G2M_CHECKPOINT","ENSG00000143179"
"HALLMARK_G2M_CHECKPOINT","ENSG00000005007"
"HALLMARK_G2M_CHECKPOINT","ENSG00000165392"
"HALLMARK_G2M_CHECKPOINT","ENSG00000082898"
"HALLMARK_G2M_CHECKPOINT","ENSG00000083896"
"HALLMARK_GLYCOLYSIS","ENSG00000115657"
"HALLMARK_GLYCOLYSIS","ENSG00000170425"
"HALLMARK_GLYCOLYSIS","ENSG00000162688"
"HALLMARK_GLYCOLYSIS","ENSG00000188157"
"HALLMARK_GLYCOLYSIS","ENSG00000147853"
"HALLMARK_GLYCOLYSIS","ENSG00000162433"
"HALLMARK_GLYCOLYSIS","ENSG00000117448"
"HALLMARK_GLYCOLYSIS","ENSG00000164904"
"HALLMARK_GLYCOLYSIS","ENSG00000143149"
"HALLMARK_GLYCOLYSIS","ENSG00000149925"
"HALLMARK_GLYCOLYSIS","ENSG00000136872"
"HALLMARK_GLYCOLYSIS","ENSG00000033011"
"HALLMARK_GLYCOLYSIS","ENSG00000214274"
"HALLMARK_GLYCOLYSIS","ENSG00000167772"
"HALLMARK_GLYCOLYSIS","ENSG00000163516"
"HALLMARK_GLYCOLYSIS","ENSG00000128989"
"HALLMARK_GLYCOLYSIS","ENSG00000117407"
"HALLMARK_GLYCOLYSIS","ENSG00000087586"
"HALLMARK_GLYCOLYSIS","ENSG00000176022"
"HALLMARK_GLYCOLYSIS","ENSG00000109956"
"HALLMARK_GLYCOLYSIS","ENSG00000149541"
"HALLMARK_GLYCOLYSIS","ENSG00000179913"
"HALLMARK_GLYCOLYSIS","ENSG00000086062"
"HALLMARK_GLYCOLYSIS","ENSG00000117411"
"HALLMARK_GLYCOLYSIS","ENSG00000121578"
"HALLMARK_GLYCOLYSIS","ENSG00000027847"
"HALLMARK_GLYCOLYSIS","ENSG00000100290"
"HALLMARK_GLYCOLYSIS","ENSG00000162813"
"HALLMARK_GLYCOLYSIS","ENSG00000196557"
"HALLMARK_GLYCOLYSIS","ENSG00000149260"
"HALLMARK_GLYCOLYSIS","ENSG00000138794"
"HALLMARK_GLYCOLYSIS","ENSG00000026508"
"HALLMARK_GLYCOLYSIS","ENSG00000170312"
"HALLMARK_GLYCOLYSIS","ENSG00000115163"
"HALLMARK_GLYCOLYSIS","ENSG00000123989"
"HALLMARK_GLYCOLYSIS","ENSG00000033100"
"HALLMARK_GLYCOLYSIS","ENSG00000175264"
"HALLMARK_GLYCOLYSIS","ENSG00000136213"
"HALLMARK_GLYCOLYSIS","ENSG00000175040"
"HALLMARK_GLYCOLYSIS","ENSG00000140835"
"HALLMARK_GLYCOLYSIS","ENSG00000183196"
"HALLMARK_GLYCOLYSIS","ENSG00000164442"
"HALLMARK_GLYCOLYSIS","ENSG00000165215"
"HALLMARK_GLYCOLYSIS","ENSG00000213937"
"HALLMARK_GLYCOLYSIS","ENSG00000128973"
"HALLMARK_GLYCOLYSIS","ENSG00000135775"
"HALLMARK_GLYCOLYSIS","ENSG00000130635"
"HALLMARK_GLYCOLYSIS","ENSG00000184432"
"HALLMARK_GLYCOLYSIS","ENSG00000116761"
"HALLMARK_GLYCOLYSIS","ENSG00000121966"
"HALLMARK_GLYCOLYSIS","ENSG00000166347"
"HALLMARK_GLYCOLYSIS","ENSG00000011465"
"HALLMARK_GLYCOLYSIS","ENSG00000168209"
"HALLMARK_GLYCOLYSIS","ENSG00000024526"
"HALLMARK_GLYCOLYSIS","ENSG00000091140"
"HALLMARK_GLYCOLYSIS","ENSG00000151640"
"HALLMARK_GLYCOLYSIS","ENSG00000134755"
"HALLMARK_GLYCOLYSIS","ENSG00000122882"
"HALLMARK_GLYCOLYSIS","ENSG00000143590"
"HALLMARK_GLYCOLYSIS","ENSG00000146648"
"HALLMARK_GLYCOLYSIS","ENSG00000129521"
"HALLMARK_GLYCOLYSIS","ENSG00000163435"
"HALLMARK_GLYCOLYSIS","ENSG00000074800"
"HALLMARK_GLYCOLYSIS","ENSG00000111674"
"HALLMARK_GLYCOLYSIS","ENSG00000197930"
"HALLMARK_GLYCOLYSIS","ENSG00000182197"
"HALLMARK_GLYCOLYSIS","ENSG00000151348"
"HALLMARK_GLYCOLYSIS","ENSG00000114023"
"HALLMARK_GLYCOLYSIS","ENSG00000130957"
"HALLMARK_GLYCOLYSIS","ENSG00000004478"
"HALLMARK_GLYCOLYSIS","ENSG00000033170"
"HALLMARK_GLYCOLYSIS","ENSG00000160211"
"HALLMARK_GLYCOLYSIS","ENSG00000128242"
"HALLMARK_GLYCOLYSIS","ENSG00000117308"
"HALLMARK_GLYCOLYSIS","ENSG00000108479"
"HALLMARK_GLYCOLYSIS","ENSG00000156958"
"HALLMARK_GLYCOLYSIS","ENSG00000105679"
"HALLMARK_GLYCOLYSIS","ENSG00000001084"
"HALLMARK_GLYCOLYSIS","ENSG00000198380"
"HALLMARK_GLYCOLYSIS","ENSG00000104522"
"HALLMARK_GLYCOLYSIS","ENSG00000138604"
"HALLMARK_GLYCOLYSIS","ENSG00000173221"
"HALLMARK_GLYCOLYSIS","ENSG00000144591"
"HALLMARK_GLYCOLYSIS","ENSG00000173540"
"HALLMARK_GLYCOLYSIS","ENSG00000159921"
"HALLMARK_GLYCOLYSIS","ENSG00000113552"
"HALLMARK_GLYCOLYSIS","ENSG00000120053"
"HALLMARK_GLYCOLYSIS","ENSG00000125166"
"HALLMARK_GLYCOLYSIS","ENSG00000063660"
"HALLMARK_GLYCOLYSIS","ENSG00000147257"
"HALLMARK_GLYCOLYSIS","ENSG00000076716"
"HALLMARK_GLYCOLYSIS","ENSG00000138271"
"HALLMARK_GLYCOLYSIS","ENSG00000169919"
"HALLMARK_GLYCOLYSIS","ENSG00000104812"
"HALLMARK_GLYCOLYSIS","ENSG00000111713"
"HALLMARK_GLYCOLYSIS","ENSG00000143575"
"HALLMARK_GLYCOLYSIS","ENSG00000115677"
"HALLMARK_GLYCOLYSIS","ENSG00000159399"
"HALLMARK_GLYCOLYSIS","ENSG00000072571"
"HALLMARK_GLYCOLYSIS","ENSG00000152413"
"HALLMARK_GLYCOLYSIS","ENSG00000153936"
"HALLMARK_GLYCOLYSIS","ENSG00000171004"
"HALLMARK_GLYCOLYSIS","ENSG00000044574"
"HALLMARK_GLYCOLYSIS","ENSG00000138413"
"HALLMARK_GLYCOLYSIS","ENSG00000127415"
"HALLMARK_GLYCOLYSIS","ENSG00000137331"
"HALLMARK_GLYCOLYSIS","ENSG00000146674"
"HALLMARK_GLYCOLYSIS","ENSG00000131724"
"HALLMARK_GLYCOLYSIS","ENSG00000185950"
"HALLMARK_GLYCOLYSIS","ENSG00000172183"
"HALLMARK_GLYCOLYSIS","ENSG00000100196"
"HALLMARK_GLYCOLYSIS","ENSG00000112984"
"HALLMARK_GLYCOLYSIS","ENSG00000068796"
"HALLMARK_GLYCOLYSIS","ENSG00000115850"
"HALLMARK_GLYCOLYSIS","ENSG00000134333"
"HALLMARK_GLYCOLYSIS","ENSG00000166796"
"HALLMARK_GLYCOLYSIS","ENSG00000107902"
"HALLMARK_GLYCOLYSIS","ENSG00000143355"
"HALLMARK_GLYCOLYSIS","ENSG00000014641"
"HALLMARK_GLYCOLYSIS","ENSG00000146701"
"HALLMARK_GLYCOLYSIS","ENSG00000065833"
"HALLMARK_GLYCOLYSIS","ENSG00000082212"
"HALLMARK_GLYCOLYSIS","ENSG00000008838"
"HALLMARK_GLYCOLYSIS","ENSG00000153208"
"HALLMARK_GLYCOLYSIS","ENSG00000105976"
"HALLMARK_GLYCOLYSIS","ENSG00000240972"
"HALLMARK_GLYCOLYSIS","ENSG00000100253"
"HALLMARK_GLYCOLYSIS","ENSG00000178802"
"HALLMARK_GLYCOLYSIS","ENSG00000119950"
"HALLMARK_GLYCOLYSIS","ENSG00000170191"
"HALLMARK_GLYCOLYSIS","ENSG00000132780"
"HALLMARK_GLYCOLYSIS","ENSG00000164100"
"HALLMARK_GLYCOLYSIS","ENSG00000160194"
"HALLMARK_GLYCOLYSIS","ENSG00000140939"
"HALLMARK_GLYCOLYSIS","ENSG00000147383"
"HALLMARK_GLYCOLYSIS","ENSG00000135318"
"HALLMARK_GLYCOLYSIS","ENSG00000122884"
"HALLMARK_GLYCOLYSIS","ENSG00000072682"
"HALLMARK_GLYCOLYSIS","ENSG00000145730"
"HALLMARK_GLYCOLYSIS","ENSG00000157212"
"HALLMARK_GLYCOLYSIS","ENSG00000173599"
"HALLMARK_GLYCOLYSIS","ENSG00000067992"
"HALLMARK_GLYCOLYSIS","ENSG00000158571"
"HALLMARK_GLYCOLYSIS","ENSG00000067057"
"HALLMARK_GLYCOLYSIS","ENSG00000171314"
"HALLMARK_GLYCOLYSIS","ENSG00000164708"
"HALLMARK_GLYCOLYSIS","ENSG00000102144"
"HALLMARK_GLYCOLYSIS","ENSG00000130313"
"HALLMARK_GLYCOLYSIS","ENSG00000169299"
"HALLMARK_GLYCOLYSIS","ENSG00000044446"
"HALLMARK_GLYCOLYSIS","ENSG00000067225"
"HALLMARK_GLYCOLYSIS","ENSG00000057294"
"HALLMARK_GLYCOLYSIS","ENSG00000083444"
"HALLMARK_GLYCOLYSIS","ENSG00000152952"
"HALLMARK_GLYCOLYSIS","ENSG00000140650"
"HALLMARK_GLYCOLYSIS","ENSG00000161980"
"HALLMARK_GLYCOLYSIS","ENSG00000143847"
"HALLMARK_GLYCOLYSIS","ENSG00000196262"
"HALLMARK_GLYCOLYSIS","ENSG00000104695"
"HALLMARK_GLYCOLYSIS","ENSG00000147224"
"HALLMARK_GLYCOLYSIS","ENSG00000013275"
"HALLMARK_GLYCOLYSIS","ENSG00000100994"
"HALLMARK_GLYCOLYSIS","ENSG00000100504"
"HALLMARK_GLYCOLYSIS","ENSG00000116260"
"HALLMARK_GLYCOLYSIS","ENSG00000113643"
"HALLMARK_GLYCOLYSIS","ENSG00000125826"
"HALLMARK_GLYCOLYSIS","ENSG00000197713"
"HALLMARK_GLYCOLYSIS","ENSG00000025039"
"HALLMARK_GLYCOLYSIS","ENSG00000164105"
"HALLMARK_GLYCOLYSIS","ENSG00000115884"
"HALLMARK_GLYCOLYSIS","ENSG00000169439"
"HALLMARK_GLYCOLYSIS","ENSG00000162512"
"HALLMARK_GLYCOLYSIS","ENSG00000143252"
"HALLMARK_GLYCOLYSIS","ENSG00000141526"
"HALLMARK_GLYCOLYSIS","ENSG00000183048"
"HALLMARK_GLYCOLYSIS","ENSG00000004864"
"HALLMARK_GLYCOLYSIS","ENSG00000117620"
"HALLMARK_GLYCOLYSIS","ENSG00000137700"
"HALLMARK_GLYCOLYSIS","ENSG00000142168"
"HALLMARK_GLYCOLYSIS","ENSG00000125398"
"HALLMARK_GLYCOLYSIS","ENSG00000061656"
"HALLMARK_GLYCOLYSIS","ENSG00000128039"
"HALLMARK_GLYCOLYSIS","ENSG00000159167"
"HALLMARK_GLYCOLYSIS","ENSG00000113739"
"HALLMARK_GLYCOLYSIS","ENSG00000117632"
"HALLMARK_GLYCOLYSIS","ENSG00000177156"
"HALLMARK_GLYCOLYSIS","ENSG00000160180"
"HALLMARK_GLYCOLYSIS","ENSG00000163235"
"HALLMARK_GLYCOLYSIS","ENSG00000120708"
"HALLMARK_GLYCOLYSIS","ENSG00000007350"
"HALLMARK_GLYCOLYSIS","ENSG00000146242"
"HALLMARK_GLYCOLYSIS","ENSG00000111669"
"HALLMARK_GLYCOLYSIS","ENSG00000169902"
"HALLMARK_GLYCOLYSIS","ENSG00000136810"
"HALLMARK_GLYCOLYSIS","ENSG00000169764"
"HALLMARK_GLYCOLYSIS","ENSG00000038427"
"HALLMARK_GLYCOLYSIS","ENSG00000112715"
"HALLMARK_GLYCOLYSIS","ENSG00000147852"
"HALLMARK_GLYCOLYSIS","ENSG00000015532"
"HALLMARK_GLYCOLYSIS","ENSG00000188994"
"HALLMARK_HEDGEHOG_SIGNALING","ENSG00000087085"
"HALLMARK_HEDGEHOG_SIGNALING","ENSG00000205336"
"HALLMARK_HEDGEHOG_SIGNALING","ENSG00000126016"
"HALLMARK_HEDGEHOG_SIGNALING","ENSG00000176749"
"HALLMARK_HEDGEHOG_SIGNALING","ENSG00000105810"
"HALLMARK_HEDGEHOG_SIGNALING","ENSG00000075275"
"HALLMARK_HEDGEHOG_SIGNALING","ENSG00000122756"
"HALLMARK_HEDGEHOG_SIGNALING","ENSG00000072832"
"HALLMARK_HEDGEHOG_SIGNALING","ENSG00000092964"
"HALLMARK_HEDGEHOG_SIGNALING","ENSG00000157557"
"HALLMARK_HEDGEHOG_SIGNALING","ENSG00000111087"
"HALLMARK_HEDGEHOG_SIGNALING","ENSG00000164683"
"HALLMARK_HEDGEHOG_SIGNALING","ENSG00000135547"
"HALLMARK_HEDGEHOG_SIGNALING","ENSG00000198910"
"HALLMARK_HEDGEHOG_SIGNALING","ENSG00000198728"
"HALLMARK_HEDGEHOG_SIGNALING","ENSG00000100345"
"HALLMARK_HEDGEHOG_SIGNALING","ENSG00000196712"
"HALLMARK_HEDGEHOG_SIGNALING","ENSG00000163623"
"HALLMARK_HEDGEHOG_SIGNALING","ENSG00000091129"
"HALLMARK_HEDGEHOG_SIGNALING","ENSG00000099250"
"HALLMARK_HEDGEHOG_SIGNALING","ENSG00000118257"
"HALLMARK_HEDGEHOG_SIGNALING","ENSG00000079482"
"HALLMARK_HEDGEHOG_SIGNALING","ENSG00000122194"
"HALLMARK_HEDGEHOG_SIGNALING","ENSG00000140464"
"HALLMARK_HEDGEHOG_SIGNALING","ENSG00000185920"
"HALLMARK_HEDGEHOG_SIGNALING","ENSG00000145715"
"HALLMARK_HEDGEHOG_SIGNALING","ENSG00000139970"
"HALLMARK_HEDGEHOG_SIGNALING","ENSG00000171951"
"HALLMARK_HEDGEHOG_SIGNALING","ENSG00000164690"
"HALLMARK_HEDGEHOG_SIGNALING","ENSG00000187122"
"HALLMARK_HEDGEHOG_SIGNALING","ENSG00000154096"
"HALLMARK_HEDGEHOG_SIGNALING","ENSG00000196781"
"HALLMARK_HEDGEHOG_SIGNALING","ENSG00000140332"
"HALLMARK_HEDGEHOG_SIGNALING","ENSG00000182168"
"HALLMARK_HEDGEHOG_SIGNALING","ENSG00000112715"
"HALLMARK_HEDGEHOG_SIGNALING","ENSG00000147852"
"HALLMARK_HEME_METABOLISM","ENSG00000115657"
"HALLMARK_HEME_METABOLISM","ENSG00000118777"
"HALLMARK_HEME_METABOLISM","ENSG00000213088"
"HALLMARK_HEME_METABOLISM","ENSG00000102575"
"HALLMARK_HEME_METABOLISM","ENSG00000164398"
"HALLMARK_HEME_METABOLISM","ENSG00000087274"
"HALLMARK_HEME_METABOLISM","ENSG00000075340"
"HALLMARK_HEME_METABOLISM","ENSG00000159346"
"HALLMARK_HEME_METABOLISM","ENSG00000026652"
"HALLMARK_HEME_METABOLISM","ENSG00000169877"
"HALLMARK_HEME_METABOLISM","ENSG00000148218"
"HALLMARK_HEME_METABOLISM","ENSG00000158578"
"HALLMARK_HEME_METABOLISM","ENSG00000144908"
"HALLMARK_HEME_METABOLISM","ENSG00000119711"
"HALLMARK_HEME_METABOLISM","ENSG00000029534"
"HALLMARK_HEME_METABOLISM","ENSG00000165272"
"HALLMARK_HEME_METABOLISM","ENSG00000196914"
"HALLMARK_HEME_METABOLISM","ENSG00000102931"
"HALLMARK_HEME_METABOLISM","ENSG00000070669"
"HALLMARK_HEME_METABOLISM","ENSG00000101844"
"HALLMARK_HEME_METABOLISM","ENSG00000033627"
"HALLMARK_HEME_METABOLISM","ENSG00000156273"
"HALLMARK_HEME_METABOLISM","ENSG00000187244"
"HALLMARK_HEME_METABOLISM","ENSG00000106605"
"HALLMARK_HEME_METABOLISM","ENSG00000090013"
"HALLMARK_HEME_METABOLISM","ENSG00000138756"
"HALLMARK_HEME_METABOLISM","ENSG00000104765"
"HALLMARK_HEME_METABOLISM","ENSG00000172331"
"HALLMARK_HEME_METABOLISM","ENSG00000172270"
"HALLMARK_HEME_METABOLISM","ENSG00000159388"
"HALLMARK_HEME_METABOLISM","ENSG00000166167"
"HALLMARK_HEME_METABOLISM","ENSG00000125730"
"HALLMARK_HEME_METABOLISM","ENSG00000133742"
"HALLMARK_HEME_METABOLISM","ENSG00000104267"
"HALLMARK_HEME_METABOLISM","ENSG00000153113"
"HALLMARK_HEME_METABOLISM","ENSG00000310517"
"HALLMARK_HEME_METABOLISM","ENSG00000121691"
"HALLMARK_HEME_METABOLISM","ENSG00000024862"
"HALLMARK_HEME_METABOLISM","ENSG00000112576"
"HALLMARK_HEME_METABOLISM","ENSG00000004897"
"HALLMARK_HEME_METABOLISM","ENSG00000140743"
"HALLMARK_HEME_METABOLISM","ENSG00000138433"
"HALLMARK_HEME_METABOLISM","ENSG00000109572"
"HALLMARK_HEME_METABOLISM","ENSG00000155962"
"HALLMARK_HEME_METABOLISM","ENSG00000080819"
"HALLMARK_HEME_METABOLISM","ENSG00000215908"
"HALLMARK_HEME_METABOLISM","ENSG00000040531"
"HALLMARK_HEME_METABOLISM","ENSG00000164733"
"HALLMARK_HEME_METABOLISM","ENSG00000196188"
"HALLMARK_HEME_METABOLISM","ENSG00000100592"
"HALLMARK_HEME_METABOLISM","ENSG00000122741"
"HALLMARK_HEME_METABOLISM","ENSG00000100897"
"HALLMARK_HEME_METABOLISM","ENSG00000043093"
"HALLMARK_HEME_METABOLISM","ENSG00000158856"
"HALLMARK_HEME_METABOLISM","ENSG00000007968"
"HALLMARK_HEME_METABOLISM","ENSG00000086232"
"HALLMARK_HEME_METABOLISM","ENSG00000118985"
"HALLMARK_HEME_METABOLISM","ENSG00000149218"
"HALLMARK_HEME_METABOLISM","ENSG00000159023"
"HALLMARK_HEME_METABOLISM","ENSG00000166947"
"HALLMARK_HEME_METABOLISM","ENSG00000187266"
"HALLMARK_HEME_METABOLISM","ENSG00000164010"
"HALLMARK_HEME_METABOLISM","ENSG00000108799"
"HALLMARK_HEME_METABOLISM","ENSG00000178974"
"HALLMARK_HEME_METABOLISM","ENSG00000100225"
"HALLMARK_HEME_METABOLISM","ENSG00000112146"
"HALLMARK_HEME_METABOLISM","ENSG00000066926"
"HALLMARK_HEME_METABOLISM","ENSG00000167363"
"HALLMARK_HEME_METABOLISM","ENSG00000065970"
"HALLMARK_HEME_METABOLISM","ENSG00000118689"
"HALLMARK_HEME_METABOLISM","ENSG00000160282"
"HALLMARK_HEME_METABOLISM","ENSG00000165219"
"HALLMARK_HEME_METABOLISM","ENSG00000102145"
"HALLMARK_HEME_METABOLISM","ENSG00000001084"
"HALLMARK_HEME_METABOLISM","ENSG00000023909"
"HALLMARK_HEME_METABOLISM","ENSG00000006007"
"HALLMARK_HEME_METABOLISM","ENSG00000182512"
"HALLMARK_HEME_METABOLISM","ENSG00000163655"
"HALLMARK_HEME_METABOLISM","ENSG00000170180"
"HALLMARK_HEME_METABOLISM","ENSG00000250361"
"HALLMARK_HEME_METABOLISM","ENSG00000136732"
"HALLMARK_HEME_METABOLISM","ENSG00000197465"
"HALLMARK_HEME_METABOLISM","ENSG00000189060"
"HALLMARK_HEME_METABOLISM","ENSG00000197061"
"HALLMARK_HEME_METABOLISM","ENSG00000063854"
"HALLMARK_HEME_METABOLISM","ENSG00000244734"
"HALLMARK_HEME_METABOLISM","ENSG00000229988"
"HALLMARK_HEME_METABOLISM","ENSG00000223609"
"HALLMARK_HEME_METABOLISM","ENSG00000086506"
"HALLMARK_HEME_METABOLISM","ENSG00000130656"
"HALLMARK_HEME_METABOLISM","ENSG00000143321"
"HALLMARK_HEME_METABOLISM","ENSG00000013583"
"HALLMARK_HEME_METABOLISM","ENSG00000256269"
"HALLMARK_HEME_METABOLISM","ENSG00000109854"
"HALLMARK_HEME_METABOLISM","ENSG00000115317"
"HALLMARK_HEME_METABOLISM","ENSG00000105371"
"HALLMARK_HEME_METABOLISM","ENSG00000143061"
"HALLMARK_HEME_METABOLISM","ENSG00000135070"
"HALLMARK_HEME_METABOLISM","ENSG00000114166"
"HALLMARK_HEME_METABOLISM","ENSG00000006459"
"HALLMARK_HEME_METABOLISM","ENSG00000197993"
"HALLMARK_HEME_METABOLISM","ENSG00000100441"
"HALLMARK_HEME_METABOLISM","ENSG00000105610"
"HALLMARK_HEME_METABOLISM","ENSG00000109787"
"HALLMARK_HEME_METABOLISM","ENSG00000005893"
"HALLMARK_HEME_METABOLISM","ENSG00000135363"
"HALLMARK_HEME_METABOLISM","ENSG00000101577"
"HALLMARK_HEME_METABOLISM","ENSG00000197324"
"HALLMARK_HEME_METABOLISM","ENSG00000034152"
"HALLMARK_HEME_METABOLISM","ENSG00000099785"
"HALLMARK_HEME_METABOLISM","ENSG00000165406"
"HALLMARK_HEME_METABOLISM","ENSG00000075413"
"HALLMARK_HEME_METABOLISM","ENSG00000143797"
"HALLMARK_HEME_METABOLISM","ENSG00000147324"
"HALLMARK_HEME_METABOLISM","ENSG00000143198"
"HALLMARK_HEME_METABOLISM","ENSG00000107789"
"HALLMARK_HEME_METABOLISM","ENSG00000133606"
"HALLMARK_HEME_METABOLISM","ENSG00000075643"
"HALLMARK_HEME_METABOLISM","ENSG00000101928"
"HALLMARK_HEME_METABOLISM","ENSG00000130830"
"HALLMARK_HEME_METABOLISM","ENSG00000119950"
"HALLMARK_HEME_METABOLISM","ENSG00000198336"
"HALLMARK_HEME_METABOLISM","ENSG00000141562"
"HALLMARK_HEME_METABOLISM","ENSG00000266412"
"HALLMARK_HEME_METABOLISM","ENSG00000151414"
"HALLMARK_HEME_METABOLISM","ENSG00000123405"
"HALLMARK_HEME_METABOLISM","ENSG00000082641"
"HALLMARK_HEME_METABOLISM","ENSG00000112992"
"HALLMARK_HEME_METABOLISM","ENSG00000113580"
"HALLMARK_HEME_METABOLISM","ENSG00000173598"
"HALLMARK_HEME_METABOLISM","ENSG00000123240"
"HALLMARK_HEME_METABOLISM","ENSG00000184792"
"HALLMARK_HEME_METABOLISM","ENSG00000072682"
"HALLMARK_HEME_METABOLISM","ENSG00000173599"
"HALLMARK_HEME_METABOLISM","ENSG00000162366"
"HALLMARK_HEME_METABOLISM","ENSG00000130313"
"HALLMARK_HEME_METABOLISM","ENSG00000073921"
"HALLMARK_HEME_METABOLISM","ENSG00000007541"
"HALLMARK_HEME_METABOLISM","ENSG00000143224"
"HALLMARK_HEME_METABOLISM","ENSG00000068971"
"HALLMARK_HEME_METABOLISM","ENSG00000167815"
"HALLMARK_HEME_METABOLISM","ENSG00000110801"
"HALLMARK_HEME_METABOLISM","ENSG00000179262"
"HALLMARK_HEME_METABOLISM","ENSG00000141084"
"HALLMARK_HEME_METABOLISM","ENSG00000076864"
"HALLMARK_HEME_METABOLISM","ENSG00000132819"
"HALLMARK_HEME_METABOLISM","ENSG00000003756"
"HALLMARK_HEME_METABOLISM","ENSG00000120158"
"HALLMARK_HEME_METABOLISM","ENSG00000112077"
"HALLMARK_HEME_METABOLISM","ENSG00000188672"
"HALLMARK_HEME_METABOLISM","ENSG00000187010"
"HALLMARK_HEME_METABOLISM","ENSG00000101782"
"HALLMARK_HEME_METABOLISM","ENSG00000164068"
"HALLMARK_HEME_METABOLISM","ENSG00000034677"
"HALLMARK_HEME_METABOLISM","ENSG00000137575"
"HALLMARK_HEME_METABOLISM","ENSG00000129657"
"HALLMARK_HEME_METABOLISM","ENSG00000143416"
"HALLMARK_HEME_METABOLISM","ENSG00000149577"
"HALLMARK_HEME_METABOLISM","ENSG00000126903"
"HALLMARK_HEME_METABOLISM","ENSG00000110911"
"HALLMARK_HEME_METABOLISM","ENSG00000197208"
"HALLMARK_HEME_METABOLISM","ENSG00000147454"
"HALLMARK_HEME_METABOLISM","ENSG00000144659"
"HALLMARK_HEME_METABOLISM","ENSG00000117394"
"HALLMARK_HEME_METABOLISM","ENSG00000170385"
"HALLMARK_HEME_METABOLISM","ENSG00000196660"
"HALLMARK_HEME_METABOLISM","ENSG00000004939"
"HALLMARK_HEME_METABOLISM","ENSG00000122490"
"HALLMARK_HEME_METABOLISM","ENSG00000130821"
"HALLMARK_HEME_METABOLISM","ENSG00000196517"
"HALLMARK_HEME_METABOLISM","ENSG00000151012"
"HALLMARK_HEME_METABOLISM","ENSG00000088826"
"HALLMARK_HEME_METABOLISM","ENSG00000145335"
"HALLMARK_HEME_METABOLISM","ENSG00000163554"
"HALLMARK_HEME_METABOLISM","ENSG00000070182"
"HALLMARK_HEME_METABOLISM","ENSG00000159082"
"HALLMARK_HEME_METABOLISM","ENSG00000162367"
"HALLMARK_HEME_METABOLISM","ENSG00000187735"
"HALLMARK_HEME_METABOLISM","ENSG00000183508"
"HALLMARK_HEME_METABOLISM","ENSG00000114126"
"HALLMARK_HEME_METABOLISM","ENSG00000072274"
"HALLMARK_HEME_METABOLISM","ENSG00000133069"
"HALLMARK_HEME_METABOLISM","ENSG00000175348"
"HALLMARK_HEME_METABOLISM","ENSG00000100354"
"HALLMARK_HEME_METABOLISM","ENSG00000079308"
"HALLMARK_HEME_METABOLISM","ENSG00000198900"
"HALLMARK_HEME_METABOLISM","ENSG00000115993"
"HALLMARK_HEME_METABOLISM","ENSG00000204613"
"HALLMARK_HEME_METABOLISM","ENSG00000162722"
"HALLMARK_HEME_METABOLISM","ENSG00000168785"
"HALLMARK_HEME_METABOLISM","ENSG00000112212"
"HALLMARK_HEME_METABOLISM","ENSG00000077498"
"HALLMARK_HEME_METABOLISM","ENSG00000130560"
"HALLMARK_HEME_METABOLISM","ENSG00000175567"
"HALLMARK_HEME_METABOLISM","ENSG00000126088"
"HALLMARK_HEME_METABOLISM","ENSG00000188690"
"HALLMARK_HEME_METABOLISM","ENSG00000135655"
"HALLMARK_HEME_METABOLISM","ENSG00000136451"
"HALLMARK_HEME_METABOLISM","ENSG00000047597"
"HALLMARK_HEME_METABOLISM","ENSG00000130227"
"HALLMARK_HEME_METABOLISM","ENSG00000119801"
"HALLMARK_HYPOXIA","ENSG00000144476"
"HALLMARK_HYPOXIA","ENSG00000148926"
"HALLMARK_HYPOXIA","ENSG00000170425"
"HALLMARK_HYPOXIA","ENSG00000162433"
"HALLMARK_HYPOXIA","ENSG00000131016"
"HALLMARK_HYPOXIA","ENSG00000149925"
"HALLMARK_HYPOXIA","ENSG00000136872"
"HALLMARK_HYPOXIA","ENSG00000109107"
"HALLMARK_HYPOXIA","ENSG00000133805"
"HALLMARK_HYPOXIA","ENSG00000167772"
"HALLMARK_HYPOXIA","ENSG00000163516"
"HALLMARK_HYPOXIA","ENSG00000182718"
"HALLMARK_HYPOXIA","ENSG00000162772"
"HALLMARK_HYPOXIA","ENSG00000165240"
"HALLMARK_HYPOXIA","ENSG00000176022"
"HALLMARK_HYPOXIA","ENSG00000167080"
"HALLMARK_HYPOXIA","ENSG00000132692"
"HALLMARK_HYPOXIA","ENSG00000171791"
"HALLMARK_HYPOXIA","ENSG00000182492"
"HALLMARK_HYPOXIA","ENSG00000134107"
"HALLMARK_HYPOXIA","ENSG00000104765"
"HALLMARK_HYPOXIA","ENSG00000102239"
"HALLMARK_HYPOXIA","ENSG00000133639"
"HALLMARK_HYPOXIA","ENSG00000074410"
"HALLMARK_HYPOXIA","ENSG00000138794"
"HALLMARK_HYPOXIA","ENSG00000105974"
"HALLMARK_HYPOXIA","ENSG00000177469"
"HALLMARK_HYPOXIA","ENSG00000170955"
"HALLMARK_HYPOXIA","ENSG00000142871"
"HALLMARK_HYPOXIA","ENSG00000118523"
"HALLMARK_HYPOXIA","ENSG00000064205"
"HALLMARK_HYPOXIA","ENSG00000138764"
"HALLMARK_HYPOXIA","ENSG00000124762"
"HALLMARK_HYPOXIA","ENSG00000111276"
"HALLMARK_HYPOXIA","ENSG00000129757"
"HALLMARK_HYPOXIA","ENSG00000175040"
"HALLMARK_HYPOXIA","ENSG00000122863"
"HALLMARK_HYPOXIA","ENSG00000164442"
"HALLMARK_HYPOXIA","ENSG00000130635"
"HALLMARK_HYPOXIA","ENSG00000047457"
"HALLMARK_HYPOXIA","ENSG00000175183"
"HALLMARK_HYPOXIA","ENSG00000121966"
"HALLMARK_HYPOXIA","ENSG00000011465"
"HALLMARK_HYPOXIA","ENSG00000175197"
"HALLMARK_HYPOXIA","ENSG00000168209"
"HALLMARK_HYPOXIA","ENSG00000151640"
"HALLMARK_HYPOXIA","ENSG00000134769"
"HALLMARK_HYPOXIA","ENSG00000120129"
"HALLMARK_HYPOXIA","ENSG00000127129"
"HALLMARK_HYPOXIA","ENSG00000169242"
"HALLMARK_HYPOXIA","ENSG00000143590"
"HALLMARK_HYPOXIA","ENSG00000146648"
"HALLMARK_HYPOXIA","ENSG00000074800"
"HALLMARK_HYPOXIA","ENSG00000111674"
"HALLMARK_HYPOXIA","ENSG00000108515"
"HALLMARK_HYPOXIA","ENSG00000197930"
"HALLMARK_HYPOXIA","ENSG00000116285"
"HALLMARK_HYPOXIA","ENSG00000134954"
"HALLMARK_HYPOXIA","ENSG00000182197"
"HALLMARK_HYPOXIA","ENSG00000117525"
"HALLMARK_HYPOXIA","ENSG00000114023"
"HALLMARK_HYPOXIA","ENSG00000165140"
"HALLMARK_HYPOXIA","ENSG00000170345"
"HALLMARK_HYPOXIA","ENSG00000075426"
"HALLMARK_HYPOXIA","ENSG00000118689"
"HALLMARK_HYPOXIA","ENSG00000171298"
"HALLMARK_HYPOXIA","ENSG00000108479"
"HALLMARK_HYPOXIA","ENSG00000111640"
"HALLMARK_HYPOXIA","ENSG00000105679"
"HALLMARK_HYPOXIA","ENSG00000114480"
"HALLMARK_HYPOXIA","ENSG00000106633"
"HALLMARK_HYPOXIA","ENSG00000111846"
"HALLMARK_HYPOXIA","ENSG00000173221"
"HALLMARK_HYPOXIA","ENSG00000063660"
"HALLMARK_HYPOXIA","ENSG00000147257"
"HALLMARK_HYPOXIA","ENSG00000076716"
"HALLMARK_HYPOXIA","ENSG00000105220"
"HALLMARK_HYPOXIA","ENSG00000137106"
"HALLMARK_HYPOXIA","ENSG00000104812"
"HALLMARK_HYPOXIA","ENSG00000105509"
"HALLMARK_HYPOXIA","ENSG00000115677"
"HALLMARK_HYPOXIA","ENSG00000213614"
"HALLMARK_HYPOXIA","ENSG00000156515"
"HALLMARK_HYPOXIA","ENSG00000159399"
"HALLMARK_HYPOXIA","ENSG00000100292"
"HALLMARK_HYPOXIA","ENSG00000170689"
"HALLMARK_HYPOXIA","ENSG00000002587"
"HALLMARK_HYPOXIA","ENSG00000044574"
"HALLMARK_HYPOXIA","ENSG00000010404"
"HALLMARK_HYPOXIA","ENSG00000137331"
"HALLMARK_HYPOXIA","ENSG00000146678"
"HALLMARK_HYPOXIA","ENSG00000146674"
"HALLMARK_HYPOXIA","ENSG00000136244"
"HALLMARK_HYPOXIA","ENSG00000105135"
"HALLMARK_HYPOXIA","ENSG00000123999"
"HALLMARK_HYPOXIA","ENSG00000185950"
"HALLMARK_HYPOXIA","ENSG00000172183"
"HALLMARK_HYPOXIA","ENSG00000070495"
"HALLMARK_HYPOXIA","ENSG00000177606"
"HALLMARK_HYPOXIA","ENSG00000100196"
"HALLMARK_HYPOXIA","ENSG00000115548"
"HALLMARK_HYPOXIA","ENSG00000155980"
"HALLMARK_HYPOXIA","ENSG00000067082"
"HALLMARK_HYPOXIA","ENSG00000118263"
"HALLMARK_HYPOXIA","ENSG00000114796"
"HALLMARK_HYPOXIA","ENSG00000167531"
"HALLMARK_HYPOXIA","ENSG00000133424"
"HALLMARK_HYPOXIA","ENSG00000134333"
"HALLMARK_HYPOXIA","ENSG00000166796"
"HALLMARK_HYPOXIA","ENSG00000113083"
"HALLMARK_HYPOXIA","ENSG00000079257"
"HALLMARK_HYPOXIA","ENSG00000185022"
"HALLMARK_HYPOXIA","ENSG00000095015"
"HALLMARK_HYPOXIA","ENSG00000240972"
"HALLMARK_HYPOXIA","ENSG00000169715"
"HALLMARK_HYPOXIA","ENSG00000125148"
"HALLMARK_HYPOXIA","ENSG00000119950"
"HALLMARK_HYPOXIA","ENSG00000100345"
"HALLMARK_HYPOXIA","ENSG00000124357"
"HALLMARK_HYPOXIA","ENSG00000130287"
"HALLMARK_HYPOXIA","ENSG00000104419"
"HALLMARK_HYPOXIA","ENSG00000070614"
"HALLMARK_HYPOXIA","ENSG00000166507"
"HALLMARK_HYPOXIA","ENSG00000049759"
"HALLMARK_HYPOXIA","ENSG00000165030"
"HALLMARK_HYPOXIA","ENSG00000151014"
"HALLMARK_HYPOXIA","ENSG00000113580"
"HALLMARK_HYPOXIA","ENSG00000122884"
"HALLMARK_HYPOXIA","ENSG00000072682"
"HALLMARK_HYPOXIA","ENSG00000145730"
"HALLMARK_HYPOXIA","ENSG00000124253"
"HALLMARK_HYPOXIA","ENSG00000100311"
"HALLMARK_HYPOXIA","ENSG00000152256"
"HALLMARK_HYPOXIA","ENSG00000067992"
"HALLMARK_HYPOXIA","ENSG00000170525"
"HALLMARK_HYPOXIA","ENSG00000141959"
"HALLMARK_HYPOXIA","ENSG00000067057"
"HALLMARK_HYPOXIA","ENSG00000164708"
"HALLMARK_HYPOXIA","ENSG00000119630"
"HALLMARK_HYPOXIA","ENSG00000102144"
"HALLMARK_HYPOXIA","ENSG00000079739"
"HALLMARK_HYPOXIA","ENSG00000169299"
"HALLMARK_HYPOXIA","ENSG00000164776"
"HALLMARK_HYPOXIA","ENSG00000137193"
"HALLMARK_HYPOXIA","ENSG00000143627"
"HALLMARK_HYPOXIA","ENSG00000081277"
"HALLMARK_HYPOXIA","ENSG00000145287"
"HALLMARK_HYPOXIA","ENSG00000011422"
"HALLMARK_HYPOXIA","ENSG00000147872"
"HALLMARK_HYPOXIA","ENSG00000146278"
"HALLMARK_HYPOXIA","ENSG00000109819"
"HALLMARK_HYPOXIA","ENSG00000143847"
"HALLMARK_HYPOXIA","ENSG00000087074"
"HALLMARK_HYPOXIA","ENSG00000119938"
"HALLMARK_HYPOXIA","ENSG00000126432"
"HALLMARK_HYPOXIA","ENSG00000154229"
"HALLMARK_HYPOXIA","ENSG00000068976"
"HALLMARK_HYPOXIA","ENSG00000168214"
"HALLMARK_HYPOXIA","ENSG00000069667"
"HALLMARK_HYPOXIA","ENSG00000025039"
"HALLMARK_HYPOXIA","ENSG00000196154"
"HALLMARK_HYPOXIA","ENSG00000164105"
"HALLMARK_HYPOXIA","ENSG00000073060"
"HALLMARK_HYPOXIA","ENSG00000169439"
"HALLMARK_HYPOXIA","ENSG00000162512"
"HALLMARK_HYPOXIA","ENSG00000124145"
"HALLMARK_HYPOXIA","ENSG00000143416"
"HALLMARK_HYPOXIA","ENSG00000106366"
"HALLMARK_HYPOXIA","ENSG00000181788"
"HALLMARK_HYPOXIA","ENSG00000100075"
"HALLMARK_HYPOXIA","ENSG00000117394"
"HALLMARK_HYPOXIA","ENSG00000059804"
"HALLMARK_HYPOXIA","ENSG00000142583"
"HALLMARK_HYPOXIA","ENSG00000137700"
"HALLMARK_HYPOXIA","ENSG00000131389"
"HALLMARK_HYPOXIA","ENSG00000101955"
"HALLMARK_HYPOXIA","ENSG00000118804"
"HALLMARK_HYPOXIA","ENSG00000159167"
"HALLMARK_HYPOXIA","ENSG00000113739"
"HALLMARK_HYPOXIA","ENSG00000088002"
"HALLMARK_HYPOXIA","ENSG00000135269"
"HALLMARK_HYPOXIA","ENSG00000119699"
"HALLMARK_HYPOXIA","ENSG00000120708"
"HALLMARK_HYPOXIA","ENSG00000198959"
"HALLMARK_HYPOXIA","ENSG00000163659"
"HALLMARK_HYPOXIA","ENSG00000007350"
"HALLMARK_HYPOXIA","ENSG00000181458"
"HALLMARK_HYPOXIA","ENSG00000118503"
"HALLMARK_HYPOXIA","ENSG00000146242"
"HALLMARK_HYPOXIA","ENSG00000076554"
"HALLMARK_HYPOXIA","ENSG00000111669"
"HALLMARK_HYPOXIA","ENSG00000128294"
"HALLMARK_HYPOXIA","ENSG00000169764"
"HALLMARK_HYPOXIA","ENSG00000112715"
"HALLMARK_HYPOXIA","ENSG00000134086"
"HALLMARK_HYPOXIA","ENSG00000147852"
"HALLMARK_HYPOXIA","ENSG00000109046"
"HALLMARK_HYPOXIA","ENSG00000108039"
"HALLMARK_HYPOXIA","ENSG00000128016"
"HALLMARK_HYPOXIA","ENSG00000188994"
"HALLMARK_IL2_STAT5_SIGNALING","ENSG00000085563"
"HALLMARK_IL2_STAT5_SIGNALING","ENSG00000135074"
"HALLMARK_IL2_STAT5_SIGNALING","ENSG00000204305"
"HALLMARK_IL2_STAT5_SIGNALING","ENSG00000101444"
"HALLMARK_IL2_STAT5_SIGNALING","ENSG00000124942"
"HALLMARK_IL2_STAT5_SIGNALING","ENSG00000106546"
"HALLMARK_IL2_STAT5_SIGNALING","ENSG00000170017"
"HALLMARK_IL2_STAT5_SIGNALING","ENSG00000242110"
"HALLMARK_IL2_STAT5_SIGNALING","ENSG00000196975"
"HALLMARK_IL2_STAT5_SIGNALING","ENSG00000105290"
"HALLMARK_IL2_STAT5_SIGNALING","ENSG00000122644"
"HALLMARK_IL2_STAT5_SIGNALING","ENSG00000156127"
"HALLMARK_IL2_STAT5_SIGNALING","ENSG00000123685"
"HALLMARK_IL2_STAT5_SIGNALING","ENSG00000171791"
"HALLMARK_IL2_STAT5_SIGNALING","ENSG00000171552"
"HALLMARK_IL2_STAT5_SIGNALING","ENSG00000134107"
"HALLMARK_IL2_STAT5_SIGNALING","ENSG00000125845"
"HALLMARK_IL2_STAT5_SIGNALING","ENSG00000204217"
"HALLMARK_IL2_STAT5_SIGNALING","ENSG00000104267"
"HALLMARK_IL2_STAT5_SIGNALING","ENSG00000042493"
"HALLMARK_IL2_STAT5_SIGNALING","ENSG00000092529"
"HALLMARK_IL2_STAT5_SIGNALING","ENSG00000164305"
"HALLMARK_IL2_STAT5_SIGNALING","ENSG00000118971"
"HALLMARK_IL2_STAT5_SIGNALING","ENSG00000112576"
"HALLMARK_IL2_STAT5_SIGNALING","ENSG00000105173"
"HALLMARK_IL2_STAT5_SIGNALING","ENSG00000183813"
"HALLMARK_IL2_STAT5_SIGNALING","ENSG00000026508"
"HALLMARK_IL2_STAT5_SIGNALING","ENSG00000117091"
"HALLMARK_IL2_STAT5_SIGNALING","ENSG00000007312"
"HALLMARK_IL2_STAT5_SIGNALING","ENSG00000110651"
"HALLMARK_IL2_STAT5_SIGNALING","ENSG00000112149"
"HALLMARK_IL2_STAT5_SIGNALING","ENSG00000114013"
"HALLMARK_IL2_STAT5_SIGNALING","ENSG00000158985"
"HALLMARK_IL2_STAT5_SIGNALING","ENSG00000094804"
"HALLMARK_IL2_STAT5_SIGNALING","ENSG00000163814"
"HALLMARK_IL2_STAT5_SIGNALING","ENSG00000129757"
"HALLMARK_IL2_STAT5_SIGNALING","ENSG00000114737"
"HALLMARK_IL2_STAT5_SIGNALING","ENSG00000136026"
"HALLMARK_IL2_STAT5_SIGNALING","ENSG00000100473"
"HALLMARK_IL2_STAT5_SIGNALING","ENSG00000142156"
"HALLMARK_IL2_STAT5_SIGNALING","ENSG00000184371"
"HALLMARK_IL2_STAT5_SIGNALING","ENSG00000164400"
"HALLMARK_IL2_STAT5_SIGNALING","ENSG00000077984"
"HALLMARK_IL2_STAT5_SIGNALING","ENSG00000163599"
"HALLMARK_IL2_STAT5_SIGNALING","ENSG00000101160"
"HALLMARK_IL2_STAT5_SIGNALING","ENSG00000169245"
"HALLMARK_IL2_STAT5_SIGNALING","ENSG00000273749"
"HALLMARK_IL2_STAT5_SIGNALING","ENSG00000110063"
"HALLMARK_IL2_STAT5_SIGNALING","ENSG00000184014"
"HALLMARK_IL2_STAT5_SIGNALING","ENSG00000162496"
"HALLMARK_IL2_STAT5_SIGNALING","ENSG00000157856"
"HALLMARK_IL2_STAT5_SIGNALING","ENSG00000143369"
"HALLMARK_IL2_STAT5_SIGNALING","ENSG00000150456"
"HALLMARK_IL2_STAT5_SIGNALING","ENSG00000134531"
"HALLMARK_IL2_STAT5_SIGNALING","ENSG00000108515"
"HALLMARK_IL2_STAT5_SIGNALING","ENSG00000197594"
"HALLMARK_IL2_STAT5_SIGNALING","ENSG00000163508"
"HALLMARK_IL2_STAT5_SIGNALING","ENSG00000139160"
"HALLMARK_IL2_STAT5_SIGNALING","ENSG00000175832"
"HALLMARK_IL2_STAT5_SIGNALING","ENSG00000164220"
"HALLMARK_IL2_STAT5_SIGNALING","ENSG00000103876"
"HALLMARK_IL2_STAT5_SIGNALING","ENSG00000127951"
"HALLMARK_IL2_STAT5_SIGNALING","ENSG00000090554"
"HALLMARK_IL2_STAT5_SIGNALING","ENSG00000140564"
"HALLMARK_IL2_STAT5_SIGNALING","ENSG00000139112"
"HALLMARK_IL2_STAT5_SIGNALING","ENSG00000099860"
"HALLMARK_IL2_STAT5_SIGNALING","ENSG00000143891"
"HALLMARK_IL2_STAT5_SIGNALING","ENSG00000102145"
"HALLMARK_IL2_STAT5_SIGNALING","ENSG00000162654"
"HALLMARK_IL2_STAT5_SIGNALING","ENSG00000122694"
"HALLMARK_IL2_STAT5_SIGNALING","ENSG00000140030"
"HALLMARK_IL2_STAT5_SIGNALING","ENSG00000123901"
"HALLMARK_IL2_STAT5_SIGNALING","ENSG00000167468"
"HALLMARK_IL2_STAT5_SIGNALING","ENSG00000148834"
"HALLMARK_IL2_STAT5_SIGNALING","ENSG00000061918"
"HALLMARK_IL2_STAT5_SIGNALING","ENSG00000064393"
"HALLMARK_IL2_STAT5_SIGNALING","ENSG00000159399"
"HALLMARK_IL2_STAT5_SIGNALING","ENSG00000171476"
"HALLMARK_IL2_STAT5_SIGNALING","ENSG00000086758"
"HALLMARK_IL2_STAT5_SIGNALING","ENSG00000155744"
"HALLMARK_IL2_STAT5_SIGNALING","ENSG00000163600"
"HALLMARK_IL2_STAT5_SIGNALING","ENSG00000142089"
"HALLMARK_IL2_STAT5_SIGNALING","ENSG00000027697"
"HALLMARK_IL2_STAT5_SIGNALING","ENSG00000140443"
"HALLMARK_IL2_STAT5_SIGNALING","ENSG00000197081"
"HALLMARK_IL2_STAT5_SIGNALING","ENSG00000030419"
"HALLMARK_IL2_STAT5_SIGNALING","ENSG00000123411"
"HALLMARK_IL2_STAT5_SIGNALING","ENSG00000136634"
"HALLMARK_IL2_STAT5_SIGNALING","ENSG00000110324"
"HALLMARK_IL2_STAT5_SIGNALING","ENSG00000169194"
"HALLMARK_IL2_STAT5_SIGNALING","ENSG00000115604"
"HALLMARK_IL2_STAT5_SIGNALING","ENSG00000115590"
"HALLMARK_IL2_STAT5_SIGNALING","ENSG00000115602"
"HALLMARK_IL2_STAT5_SIGNALING","ENSG00000134460"
"HALLMARK_IL2_STAT5_SIGNALING","ENSG00000100385"
"HALLMARK_IL2_STAT5_SIGNALING","ENSG00000185291"
"HALLMARK_IL2_STAT5_SIGNALING","ENSG00000292332"
"HALLMARK_IL2_STAT5_SIGNALING","ENSG00000077238"
"HALLMARK_IL2_STAT5_SIGNALING","ENSG00000137265"
"HALLMARK_IL2_STAT5_SIGNALING","ENSG00000117595"
"HALLMARK_IL2_STAT5_SIGNALING","ENSG00000140968"
"HALLMARK_IL2_STAT5_SIGNALING","ENSG00000091409"
"HALLMARK_IL2_STAT5_SIGNALING","ENSG00000083457"
"HALLMARK_IL2_STAT5_SIGNALING","ENSG00000138448"
"HALLMARK_IL2_STAT5_SIGNALING","ENSG00000123243"
"HALLMARK_IL2_STAT5_SIGNALING","ENSG00000067082"
"HALLMARK_IL2_STAT5_SIGNALING","ENSG00000172954"
"HALLMARK_IL2_STAT5_SIGNALING","ENSG00000128342"
"HALLMARK_IL2_STAT5_SIGNALING","ENSG00000144749"
"HALLMARK_IL2_STAT5_SIGNALING","ENSG00000171488"
"HALLMARK_IL2_STAT5_SIGNALING","ENSG00000227507"
"HALLMARK_IL2_STAT5_SIGNALING","ENSG00000185022"
"HALLMARK_IL2_STAT5_SIGNALING","ENSG00000107968"
"HALLMARK_IL2_STAT5_SIGNALING","ENSG00000171533"
"HALLMARK_IL2_STAT5_SIGNALING","ENSG00000162889"
"HALLMARK_IL2_STAT5_SIGNALING","ENSG00000185499"
"HALLMARK_IL2_STAT5_SIGNALING","ENSG00000059728"
"HALLMARK_IL2_STAT5_SIGNALING","ENSG00000136997"
"HALLMARK_IL2_STAT5_SIGNALING","ENSG00000197879"
"HALLMARK_IL2_STAT5_SIGNALING","ENSG00000157483"
"HALLMARK_IL2_STAT5_SIGNALING","ENSG00000124151"
"HALLMARK_IL2_STAT5_SIGNALING","ENSG00000107130"
"HALLMARK_IL2_STAT5_SIGNALING","ENSG00000104419"
"HALLMARK_IL2_STAT5_SIGNALING","ENSG00000165030"
"HALLMARK_IL2_STAT5_SIGNALING","ENSG00000144802"
"HALLMARK_IL2_STAT5_SIGNALING","ENSG00000111641"
"HALLMARK_IL2_STAT5_SIGNALING","ENSG00000099250"
"HALLMARK_IL2_STAT5_SIGNALING","ENSG00000135318"
"HALLMARK_IL2_STAT5_SIGNALING","ENSG00000115758"
"HALLMARK_IL2_STAT5_SIGNALING","ENSG00000135124"
"HALLMARK_IL2_STAT5_SIGNALING","ENSG00000122884"
"HALLMARK_IL2_STAT5_SIGNALING","ENSG00000126249"
"HALLMARK_IL2_STAT5_SIGNALING","ENSG00000181195"
"HALLMARK_IL2_STAT5_SIGNALING","ENSG00000139289"
"HALLMARK_IL2_STAT5_SIGNALING","ENSG00000006576"
"HALLMARK_IL2_STAT5_SIGNALING","ENSG00000137193"
"HALLMARK_IL2_STAT5_SIGNALING","ENSG00000118495"
"HALLMARK_IL2_STAT5_SIGNALING","ENSG00000178209"
"HALLMARK_IL2_STAT5_SIGNALING","ENSG00000147872"
"HALLMARK_IL2_STAT5_SIGNALING","ENSG00000067113"
"HALLMARK_IL2_STAT5_SIGNALING","ENSG00000188313"
"HALLMARK_IL2_STAT5_SIGNALING","ENSG00000198805"
"HALLMARK_IL2_STAT5_SIGNALING","ENSG00000143190"
"HALLMARK_IL2_STAT5_SIGNALING","ENSG00000243279"
"HALLMARK_IL2_STAT5_SIGNALING","ENSG00000027075"
"HALLMARK_IL2_STAT5_SIGNALING","ENSG00000171867"
"HALLMARK_IL2_STAT5_SIGNALING","ENSG00000185920"
"HALLMARK_IL2_STAT5_SIGNALING","ENSG00000125384"
"HALLMARK_IL2_STAT5_SIGNALING","ENSG00000160801"
"HALLMARK_IL2_STAT5_SIGNALING","ENSG00000141378"
"HALLMARK_IL2_STAT5_SIGNALING","ENSG00000177192"
"HALLMARK_IL2_STAT5_SIGNALING","ENSG00000152061"
"HALLMARK_IL2_STAT5_SIGNALING","ENSG00000143333"
"HALLMARK_IL2_STAT5_SIGNALING","ENSG00000143878"
"HALLMARK_IL2_STAT5_SIGNALING","ENSG00000168421"
"HALLMARK_IL2_STAT5_SIGNALING","ENSG00000023191"
"HALLMARK_IL2_STAT5_SIGNALING","ENSG00000069667"
"HALLMARK_IL2_STAT5_SIGNALING","ENSG00000025039"
"HALLMARK_IL2_STAT5_SIGNALING","ENSG00000160678"
"HALLMARK_IL2_STAT5_SIGNALING","ENSG00000169432"
"HALLMARK_IL2_STAT5_SIGNALING","ENSG00000188404"
"HALLMARK_IL2_STAT5_SIGNALING","ENSG00000174175"
"HALLMARK_IL2_STAT5_SIGNALING","ENSG00000124570"
"HALLMARK_IL2_STAT5_SIGNALING","ENSG00000117601"
"HALLMARK_IL2_STAT5_SIGNALING","ENSG00000198478"
"HALLMARK_IL2_STAT5_SIGNALING","ENSG00000169291"
"HALLMARK_IL2_STAT5_SIGNALING","ENSG00000105281"
"HALLMARK_IL2_STAT5_SIGNALING","ENSG00000174669"
"HALLMARK_IL2_STAT5_SIGNALING","ENSG00000059804"
"HALLMARK_IL2_STAT5_SIGNALING","ENSG00000138821"
"HALLMARK_IL2_STAT5_SIGNALING","ENSG00000172594"
"HALLMARK_IL2_STAT5_SIGNALING","ENSG00000135317"
"HALLMARK_IL2_STAT5_SIGNALING","ENSG00000130340"
"HALLMARK_IL2_STAT5_SIGNALING","ENSG00000185338"
"HALLMARK_IL2_STAT5_SIGNALING","ENSG00000120833"
"HALLMARK_IL2_STAT5_SIGNALING","ENSG00000118785"
"HALLMARK_IL2_STAT5_SIGNALING","ENSG00000198369"
"HALLMARK_IL2_STAT5_SIGNALING","ENSG00000187678"
"HALLMARK_IL2_STAT5_SIGNALING","ENSG00000110080"
"HALLMARK_IL2_STAT5_SIGNALING","ENSG00000133789"
"HALLMARK_IL2_STAT5_SIGNALING","ENSG00000108639"
"HALLMARK_IL2_STAT5_SIGNALING","ENSG00000132718"
"HALLMARK_IL2_STAT5_SIGNALING","ENSG00000198959"
"HALLMARK_IL2_STAT5_SIGNALING","ENSG00000156299"
"HALLMARK_IL2_STAT5_SIGNALING","ENSG00000196664"
"HALLMARK_IL2_STAT5_SIGNALING","ENSG00000186891"
"HALLMARK_IL2_STAT5_SIGNALING","ENSG00000028137"
"HALLMARK_IL2_STAT5_SIGNALING","ENSG00000146072"
"HALLMARK_IL2_STAT5_SIGNALING","ENSG00000186827"
"HALLMARK_IL2_STAT5_SIGNALING","ENSG00000120949"
"HALLMARK_IL2_STAT5_SIGNALING","ENSG00000049249"
"HALLMARK_IL2_STAT5_SIGNALING","ENSG00000121858"
"HALLMARK_IL2_STAT5_SIGNALING","ENSG00000120659"
"HALLMARK_IL2_STAT5_SIGNALING","ENSG00000056558"
"HALLMARK_IL2_STAT5_SIGNALING","ENSG00000155158"
"HALLMARK_IL2_STAT5_SIGNALING","ENSG00000128791"
"HALLMARK_IL2_STAT5_SIGNALING","ENSG00000143179"
"HALLMARK_IL2_STAT5_SIGNALING","ENSG00000114491"
"HALLMARK_IL2_STAT5_SIGNALING","ENSG00000116729"
"HALLMARK_IL2_STAT5_SIGNALING","ENSG00000100219"
"HALLMARK_IL6_JAK_STAT3_SIGNALING","ENSG00000175899"
"HALLMARK_IL6_JAK_STAT3_SIGNALING","ENSG00000135503"
"HALLMARK_IL6_JAK_STAT3_SIGNALING","ENSG00000139567"
"HALLMARK_IL6_JAK_STAT3_SIGNALING","ENSG00000030110"
"HALLMARK_IL6_JAK_STAT3_SIGNALING","ENSG00000110395"
"HALLMARK_IL6_JAK_STAT3_SIGNALING","ENSG00000108688"
"HALLMARK_IL6_JAK_STAT3_SIGNALING","ENSG00000163823"
"HALLMARK_IL6_JAK_STAT3_SIGNALING","ENSG00000170458"
"HALLMARK_IL6_JAK_STAT3_SIGNALING","ENSG00000135218"
"HALLMARK_IL6_JAK_STAT3_SIGNALING","ENSG00000004468"
"HALLMARK_IL6_JAK_STAT3_SIGNALING","ENSG00000026508"
"HALLMARK_IL6_JAK_STAT3_SIGNALING","ENSG00000010278"
"HALLMARK_IL6_JAK_STAT3_SIGNALING","ENSG00000122756"
"HALLMARK_IL6_JAK_STAT3_SIGNALING","ENSG00000205755"
"HALLMARK_IL6_JAK_STAT3_SIGNALING","ENSG00000292363"
"HALLMARK_IL6_JAK_STAT3_SIGNALING","ENSG00000184371"
"HALLMARK_IL6_JAK_STAT3_SIGNALING","ENSG00000164400"
"HALLMARK_IL6_JAK_STAT3_SIGNALING","ENSG00000198223"
"HALLMARK_IL6_JAK_STAT3_SIGNALING","ENSG00000292357"
"HALLMARK_IL6_JAK_STAT3_SIGNALING","ENSG00000100368"
"HALLMARK_IL6_JAK_STAT3_SIGNALING","ENSG00000119535"
"HALLMARK_IL6_JAK_STAT3_SIGNALING","ENSG00000163739"
"HALLMARK_IL6_JAK_STAT3_SIGNALING","ENSG00000169245"
"HALLMARK_IL6_JAK_STAT3_SIGNALING","ENSG00000169248"
"HALLMARK_IL6_JAK_STAT3_SIGNALING","ENSG00000156234"
"HALLMARK_IL6_JAK_STAT3_SIGNALING","ENSG00000163734"
"HALLMARK_IL6_JAK_STAT3_SIGNALING","ENSG00000138755"
"HALLMARK_IL6_JAK_STAT3_SIGNALING","ENSG00000107447"
"HALLMARK_IL6_JAK_STAT3_SIGNALING","ENSG00000105246"
"HALLMARK_IL6_JAK_STAT3_SIGNALING","ENSG00000026103"
"HALLMARK_IL6_JAK_STAT3_SIGNALING","ENSG00000177885"
"HALLMARK_IL6_JAK_STAT3_SIGNALING","ENSG00000143575"
"HALLMARK_IL6_JAK_STAT3_SIGNALING","ENSG00000100292"
"HALLMARK_IL6_JAK_STAT3_SIGNALING","ENSG00000142166"
"HALLMARK_IL6_JAK_STAT3_SIGNALING","ENSG00000027697"
"HALLMARK_IL6_JAK_STAT3_SIGNALING","ENSG00000159128"
"HALLMARK_IL6_JAK_STAT3_SIGNALING","ENSG00000243646"
"HALLMARK_IL6_JAK_STAT3_SIGNALING","ENSG00000096996"
"HALLMARK_IL6_JAK_STAT3_SIGNALING","ENSG00000131724"
"HALLMARK_IL6_JAK_STAT3_SIGNALING","ENSG00000134470"
"HALLMARK_IL6_JAK_STAT3_SIGNALING","ENSG00000177663"
"HALLMARK_IL6_JAK_STAT3_SIGNALING","ENSG00000056736"
"HALLMARK_IL6_JAK_STAT3_SIGNALING","ENSG00000115604"
"HALLMARK_IL6_JAK_STAT3_SIGNALING","ENSG00000125538"
"HALLMARK_IL6_JAK_STAT3_SIGNALING","ENSG00000115594"
"HALLMARK_IL6_JAK_STAT3_SIGNALING","ENSG00000115590"
"HALLMARK_IL6_JAK_STAT3_SIGNALING","ENSG00000134460"
"HALLMARK_IL6_JAK_STAT3_SIGNALING","ENSG00000147168"
"HALLMARK_IL6_JAK_STAT3_SIGNALING","ENSG00000185291"
"HALLMARK_IL6_JAK_STAT3_SIGNALING","ENSG00000292332"
"HALLMARK_IL6_JAK_STAT3_SIGNALING","ENSG00000077238"
"HALLMARK_IL6_JAK_STAT3_SIGNALING","ENSG00000136244"
"HALLMARK_IL6_JAK_STAT3_SIGNALING","ENSG00000134352"
"HALLMARK_IL6_JAK_STAT3_SIGNALING","ENSG00000104432"
"HALLMARK_IL6_JAK_STAT3_SIGNALING","ENSG00000124334"
"HALLMARK_IL6_JAK_STAT3_SIGNALING","ENSG00000139269"
"HALLMARK_IL6_JAK_STAT3_SIGNALING","ENSG00000125347"
"HALLMARK_IL6_JAK_STAT3_SIGNALING","ENSG00000213928"
"HALLMARK_IL6_JAK_STAT3_SIGNALING","ENSG00000115232"
"HALLMARK_IL6_JAK_STAT3_SIGNALING","ENSG00000259207"
"HALLMARK_IL6_JAK_STAT3_SIGNALING","ENSG00000177606"
"HALLMARK_IL6_JAK_STAT3_SIGNALING","ENSG00000116678"
"HALLMARK_IL6_JAK_STAT3_SIGNALING","ENSG00000227507"
"HALLMARK_IL6_JAK_STAT3_SIGNALING","ENSG00000111321"
"HALLMARK_IL6_JAK_STAT3_SIGNALING","ENSG00000107968"
"HALLMARK_IL6_JAK_STAT3_SIGNALING","ENSG00000172936"
"HALLMARK_IL6_JAK_STAT3_SIGNALING","ENSG00000145623"
"HALLMARK_IL6_JAK_STAT3_SIGNALING","ENSG00000145431"
"HALLMARK_IL6_JAK_STAT3_SIGNALING","ENSG00000163737"
"HALLMARK_IL6_JAK_STAT3_SIGNALING","ENSG00000141506"
"HALLMARK_IL6_JAK_STAT3_SIGNALING","ENSG00000137193"
"HALLMARK_IL6_JAK_STAT3_SIGNALING","ENSG00000188257"
"HALLMARK_IL6_JAK_STAT3_SIGNALING","ENSG00000196396"
"HALLMARK_IL6_JAK_STAT3_SIGNALING","ENSG00000179295"
"HALLMARK_IL6_JAK_STAT3_SIGNALING","ENSG00000175354"
"HALLMARK_IL6_JAK_STAT3_SIGNALING","ENSG00000115386"
"HALLMARK_IL6_JAK_STAT3_SIGNALING","ENSG00000185338"
"HALLMARK_IL6_JAK_STAT3_SIGNALING","ENSG00000184557"
"HALLMARK_IL6_JAK_STAT3_SIGNALING","ENSG00000115145"
"HALLMARK_IL6_JAK_STAT3_SIGNALING","ENSG00000115415"
"HALLMARK_IL6_JAK_STAT3_SIGNALING","ENSG00000170581"
"HALLMARK_IL6_JAK_STAT3_SIGNALING","ENSG00000168610"
"HALLMARK_IL6_JAK_STAT3_SIGNALING","ENSG00000105329"
"HALLMARK_IL6_JAK_STAT3_SIGNALING","ENSG00000137462"
"HALLMARK_IL6_JAK_STAT3_SIGNALING","ENSG00000232810"
"HALLMARK_IL6_JAK_STAT3_SIGNALING","ENSG00000006327"
"HALLMARK_IL6_JAK_STAT3_SIGNALING","ENSG00000067182"
"HALLMARK_IL6_JAK_STAT3_SIGNALING","ENSG00000028137"
"HALLMARK_IL6_JAK_STAT3_SIGNALING","ENSG00000146072"
"HALLMARK_IL6_JAK_STAT3_SIGNALING","ENSG00000105397"
"HALLMARK_INFLAMMATORY_RESPONSE","ENSG00000165029"
"HALLMARK_INFLAMMATORY_RESPONSE","ENSG00000136754"
"HALLMARK_INFLAMMATORY_RESPONSE","ENSG00000135503"
"HALLMARK_INFLAMMATORY_RESPONSE","ENSG00000121989"
"HALLMARK_INFLAMMATORY_RESPONSE","ENSG00000174837"
"HALLMARK_INFLAMMATORY_RESPONSE","ENSG00000148926"
"HALLMARK_INFLAMMATORY_RESPONSE","ENSG00000170425"
"HALLMARK_INFLAMMATORY_RESPONSE","ENSG00000130706"
"HALLMARK_INFLAMMATORY_RESPONSE","ENSG00000106546"
"HALLMARK_INFLAMMATORY_RESPONSE","ENSG00000134817"
"HALLMARK_INFLAMMATORY_RESPONSE","ENSG00000103569"
"HALLMARK_INFLAMMATORY_RESPONSE","ENSG00000174437"
"HALLMARK_INFLAMMATORY_RESPONSE","ENSG00000070961"
"HALLMARK_INFLAMMATORY_RESPONSE","ENSG00000017260"
"HALLMARK_INFLAMMATORY_RESPONSE","ENSG00000167601"
"HALLMARK_INFLAMMATORY_RESPONSE","ENSG00000100739"
"HALLMARK_INFLAMMATORY_RESPONSE","ENSG00000167995"
"HALLMARK_INFLAMMATORY_RESPONSE","ENSG00000130303"
"HALLMARK_INFLAMMATORY_RESPONSE","ENSG00000159388"
"HALLMARK_INFLAMMATORY_RESPONSE","ENSG00000171860"
"HALLMARK_INFLAMMATORY_RESPONSE","ENSG00000197405"
"HALLMARK_INFLAMMATORY_RESPONSE","ENSG00000064989"
"HALLMARK_INFLAMMATORY_RESPONSE","ENSG00000102970"
"HALLMARK_INFLAMMATORY_RESPONSE","ENSG00000108691"
"HALLMARK_INFLAMMATORY_RESPONSE","ENSG00000115009"
"HALLMARK_INFLAMMATORY_RESPONSE","ENSG00000102962"
"HALLMARK_INFLAMMATORY_RESPONSE","ENSG00000106178"
"HALLMARK_INFLAMMATORY_RESPONSE","ENSG00000271503"
"HALLMARK_INFLAMMATORY_RESPONSE","ENSG00000108688"
"HALLMARK_INFLAMMATORY_RESPONSE","ENSG00000126353"
"HALLMARK_INFLAMMATORY_RESPONSE","ENSG00000121797"
"HALLMARK_INFLAMMATORY_RESPONSE","ENSG00000170458"
"HALLMARK_INFLAMMATORY_RESPONSE","ENSG00000101017"
"HALLMARK_INFLAMMATORY_RESPONSE","ENSG00000117091"
"HALLMARK_INFLAMMATORY_RESPONSE","ENSG00000196352"
"HALLMARK_INFLAMMATORY_RESPONSE","ENSG00000110848"
"HALLMARK_INFLAMMATORY_RESPONSE","ENSG00000125726"
"HALLMARK_INFLAMMATORY_RESPONSE","ENSG00000085117"
"HALLMARK_INFLAMMATORY_RESPONSE","ENSG00000124762"
"HALLMARK_INFLAMMATORY_RESPONSE","ENSG00000175040"
"HALLMARK_INFLAMMATORY_RESPONSE","ENSG00000258227"
"HALLMARK_INFLAMMATORY_RESPONSE","ENSG00000174600"
"HALLMARK_INFLAMMATORY_RESPONSE","ENSG00000184371"
"HALLMARK_INFLAMMATORY_RESPONSE","ENSG00000108342"
"HALLMARK_INFLAMMATORY_RESPONSE","ENSG00000119535"
"HALLMARK_INFLAMMATORY_RESPONSE","ENSG00000006210"
"HALLMARK_INFLAMMATORY_RESPONSE","ENSG00000169245"
"HALLMARK_INFLAMMATORY_RESPONSE","ENSG00000169248"
"HALLMARK_INFLAMMATORY_RESPONSE","ENSG00000124875"
"HALLMARK_INFLAMMATORY_RESPONSE","ENSG00000169429"
"HALLMARK_INFLAMMATORY_RESPONSE","ENSG00000138755"
"HALLMARK_INFLAMMATORY_RESPONSE","ENSG00000172215"
"HALLMARK_INFLAMMATORY_RESPONSE","ENSG00000165168"
"HALLMARK_INFLAMMATORY_RESPONSE","ENSG00000057019"
"HALLMARK_INFLAMMATORY_RESPONSE","ENSG00000105246"
"HALLMARK_INFLAMMATORY_RESPONSE","ENSG00000078401"
"HALLMARK_INFLAMMATORY_RESPONSE","ENSG00000055332"
"HALLMARK_INFLAMMATORY_RESPONSE","ENSG00000142227"
"HALLMARK_INFLAMMATORY_RESPONSE","ENSG00000124882"
"HALLMARK_INFLAMMATORY_RESPONSE","ENSG00000117525"
"HALLMARK_INFLAMMATORY_RESPONSE","ENSG00000126262"
"HALLMARK_INFLAMMATORY_RESPONSE","ENSG00000171051"
"HALLMARK_INFLAMMATORY_RESPONSE","ENSG00000163251"
"HALLMARK_INFLAMMATORY_RESPONSE","ENSG00000204681"
"HALLMARK_INFLAMMATORY_RESPONSE","ENSG00000131979"
"HALLMARK_INFLAMMATORY_RESPONSE","ENSG00000060558"
"HALLMARK_INFLAMMATORY_RESPONSE","ENSG00000065135"
"HALLMARK_INFLAMMATORY_RESPONSE","ENSG00000185245"
"HALLMARK_INFLAMMATORY_RESPONSE","ENSG00000147257"
"HALLMARK_INFLAMMATORY_RESPONSE","ENSG00000183484"
"HALLMARK_INFLAMMATORY_RESPONSE","ENSG00000169508"
"HALLMARK_INFLAMMATORY_RESPONSE","ENSG00000170961"
"HALLMARK_INFLAMMATORY_RESPONSE","ENSG00000113070"
"HALLMARK_INFLAMMATORY_RESPONSE","ENSG00000100644"
"HALLMARK_INFLAMMATORY_RESPONSE","ENSG00000105707"
"HALLMARK_INFLAMMATORY_RESPONSE","ENSG00000196639"
"HALLMARK_INFLAMMATORY_RESPONSE","ENSG00000090339"
"HALLMARK_INFLAMMATORY_RESPONSE","ENSG00000105371"
"HALLMARK_INFLAMMATORY_RESPONSE","ENSG00000160223"
"HALLMARK_INFLAMMATORY_RESPONSE","ENSG00000185885"
"HALLMARK_INFLAMMATORY_RESPONSE","ENSG00000142166"
"HALLMARK_INFLAMMATORY_RESPONSE","ENSG00000159128"
"HALLMARK_INFLAMMATORY_RESPONSE","ENSG00000136634"
"HALLMARK_INFLAMMATORY_RESPONSE","ENSG00000110324"
"HALLMARK_INFLAMMATORY_RESPONSE","ENSG00000113302"
"HALLMARK_INFLAMMATORY_RESPONSE","ENSG00000164136"
"HALLMARK_INFLAMMATORY_RESPONSE","ENSG00000134470"
"HALLMARK_INFLAMMATORY_RESPONSE","ENSG00000150782"
"HALLMARK_INFLAMMATORY_RESPONSE","ENSG00000115604"
"HALLMARK_INFLAMMATORY_RESPONSE","ENSG00000115607"
"HALLMARK_INFLAMMATORY_RESPONSE","ENSG00000115008"
"HALLMARK_INFLAMMATORY_RESPONSE","ENSG00000125538"
"HALLMARK_INFLAMMATORY_RESPONSE","ENSG00000115594"
"HALLMARK_INFLAMMATORY_RESPONSE","ENSG00000100385"
"HALLMARK_INFLAMMATORY_RESPONSE","ENSG00000077238"
"HALLMARK_INFLAMMATORY_RESPONSE","ENSG00000136244"
"HALLMARK_INFLAMMATORY_RESPONSE","ENSG00000168685"
"HALLMARK_INFLAMMATORY_RESPONSE","ENSG00000122641"
"HALLMARK_INFLAMMATORY_RESPONSE","ENSG00000134070"
"HALLMARK_INFLAMMATORY_RESPONSE","ENSG00000125347"
"HALLMARK_INFLAMMATORY_RESPONSE","ENSG00000185507"
"HALLMARK_INFLAMMATORY_RESPONSE","ENSG00000161638"
"HALLMARK_INFLAMMATORY_RESPONSE","ENSG00000259207"
"HALLMARK_INFLAMMATORY_RESPONSE","ENSG00000105855"
"HALLMARK_INFLAMMATORY_RESPONSE","ENSG00000177272"
"HALLMARK_INFLAMMATORY_RESPONSE","ENSG00000123700"
"HALLMARK_INFLAMMATORY_RESPONSE","ENSG00000197584"
"HALLMARK_INFLAMMATORY_RESPONSE","ENSG00000275163"
"HALLMARK_INFLAMMATORY_RESPONSE","ENSG00000054523"
"HALLMARK_INFLAMMATORY_RESPONSE","ENSG00000067082"
"HALLMARK_INFLAMMATORY_RESPONSE","ENSG00000078081"
"HALLMARK_INFLAMMATORY_RESPONSE","ENSG00000182866"
"HALLMARK_INFLAMMATORY_RESPONSE","ENSG00000043462"
"HALLMARK_INFLAMMATORY_RESPONSE","ENSG00000130164"
"HALLMARK_INFLAMMATORY_RESPONSE","ENSG00000128342"
"HALLMARK_INFLAMMATORY_RESPONSE","ENSG00000198121"
"HALLMARK_INFLAMMATORY_RESPONSE","ENSG00000226979"
"HALLMARK_INFLAMMATORY_RESPONSE","ENSG00000160932"
"HALLMARK_INFLAMMATORY_RESPONSE","ENSG00000254087"
"HALLMARK_INFLAMMATORY_RESPONSE","ENSG00000019169"
"HALLMARK_INFLAMMATORY_RESPONSE","ENSG00000103313"
"HALLMARK_INFLAMMATORY_RESPONSE","ENSG00000112818"
"HALLMARK_INFLAMMATORY_RESPONSE","ENSG00000105976"
"HALLMARK_INFLAMMATORY_RESPONSE","ENSG00000157227"
"HALLMARK_INFLAMMATORY_RESPONSE","ENSG00000038945"
"HALLMARK_INFLAMMATORY_RESPONSE","ENSG00000059728"
"HALLMARK_INFLAMMATORY_RESPONSE","ENSG00000136997"
"HALLMARK_INFLAMMATORY_RESPONSE","ENSG00000105835"
"HALLMARK_INFLAMMATORY_RESPONSE","ENSG00000124479"
"HALLMARK_INFLAMMATORY_RESPONSE","ENSG00000109320"
"HALLMARK_INFLAMMATORY_RESPONSE","ENSG00000100906"
"HALLMARK_INFLAMMATORY_RESPONSE","ENSG00000162711"
"HALLMARK_INFLAMMATORY_RESPONSE","ENSG00000123609"
"HALLMARK_INFLAMMATORY_RESPONSE","ENSG00000171596"
"HALLMARK_INFLAMMATORY_RESPONSE","ENSG00000167207"
"HALLMARK_INFLAMMATORY_RESPONSE","ENSG00000056291"
"HALLMARK_INFLAMMATORY_RESPONSE","ENSG00000173391"
"HALLMARK_INFLAMMATORY_RESPONSE","ENSG00000082556"
"HALLMARK_INFLAMMATORY_RESPONSE","ENSG00000099985"
"HALLMARK_INFLAMMATORY_RESPONSE","ENSG00000145623"
"HALLMARK_INFLAMMATORY_RESPONSE","ENSG00000135124"
"HALLMARK_INFLAMMATORY_RESPONSE","ENSG00000089041"
"HALLMARK_INFLAMMATORY_RESPONSE","ENSG00000175591"
"HALLMARK_INFLAMMATORY_RESPONSE","ENSG00000169851"
"HALLMARK_INFLAMMATORY_RESPONSE","ENSG00000184588"
"HALLMARK_INFLAMMATORY_RESPONSE","ENSG00000162493"
"HALLMARK_INFLAMMATORY_RESPONSE","ENSG00000141506"
"HALLMARK_INFLAMMATORY_RESPONSE","ENSG00000011422"
"HALLMARK_INFLAMMATORY_RESPONSE","ENSG00000163421"
"HALLMARK_INFLAMMATORY_RESPONSE","ENSG00000080815"
"HALLMARK_INFLAMMATORY_RESPONSE","ENSG00000169403"
"HALLMARK_INFLAMMATORY_RESPONSE","ENSG00000125384"
"HALLMARK_INFLAMMATORY_RESPONSE","ENSG00000171522"
"HALLMARK_INFLAMMATORY_RESPONSE","ENSG00000160013"
"HALLMARK_INFLAMMATORY_RESPONSE","ENSG00000132334"
"HALLMARK_INFLAMMATORY_RESPONSE","ENSG00000073008"
"HALLMARK_INFLAMMATORY_RESPONSE","ENSG00000132155"
"HALLMARK_INFLAMMATORY_RESPONSE","ENSG00000172575"
"HALLMARK_INFLAMMATORY_RESPONSE","ENSG00000173039"
"HALLMARK_INFLAMMATORY_RESPONSE","ENSG00000090104"
"HALLMARK_INFLAMMATORY_RESPONSE","ENSG00000143333"
"HALLMARK_INFLAMMATORY_RESPONSE","ENSG00000177105"
"HALLMARK_INFLAMMATORY_RESPONSE","ENSG00000104312"
"HALLMARK_INFLAMMATORY_RESPONSE","ENSG00000137393"
"HALLMARK_INFLAMMATORY_RESPONSE","ENSG00000047936"
"HALLMARK_INFLAMMATORY_RESPONSE","ENSG00000136514"
"HALLMARK_INFLAMMATORY_RESPONSE","ENSG00000074660"
"HALLMARK_INFLAMMATORY_RESPONSE","ENSG00000105711"
"HALLMARK_INFLAMMATORY_RESPONSE","ENSG00000007908"
"HALLMARK_INFLAMMATORY_RESPONSE","ENSG00000131871"
"HALLMARK_INFLAMMATORY_RESPONSE","ENSG00000188404"
"HALLMARK_INFLAMMATORY_RESPONSE","ENSG00000187764"
"HALLMARK_INFLAMMATORY_RESPONSE","ENSG00000106366"
"HALLMARK_INFLAMMATORY_RESPONSE","ENSG00000164023"
"HALLMARK_INFLAMMATORY_RESPONSE","ENSG00000117090"
"HALLMARK_INFLAMMATORY_RESPONSE","ENSG00000110911"
"HALLMARK_INFLAMMATORY_RESPONSE","ENSG00000110436"
"HALLMARK_INFLAMMATORY_RESPONSE","ENSG00000137860"
"HALLMARK_INFLAMMATORY_RESPONSE","ENSG00000136868"
"HALLMARK_INFLAMMATORY_RESPONSE","ENSG00000136867"
"HALLMARK_INFLAMMATORY_RESPONSE","ENSG00000080493"
"HALLMARK_INFLAMMATORY_RESPONSE","ENSG00000139514"
"HALLMARK_INFLAMMATORY_RESPONSE","ENSG00000003989"
"HALLMARK_INFLAMMATORY_RESPONSE","ENSG00000176170"
"HALLMARK_INFLAMMATORY_RESPONSE","ENSG00000075142"
"HALLMARK_INFLAMMATORY_RESPONSE","ENSG00000010327"
"HALLMARK_INFLAMMATORY_RESPONSE","ENSG00000115353"
"HALLMARK_INFLAMMATORY_RESPONSE","ENSG00000169836"
"HALLMARK_INFLAMMATORY_RESPONSE","ENSG00000231925"
"HALLMARK_INFLAMMATORY_RESPONSE","ENSG00000102265"
"HALLMARK_INFLAMMATORY_RESPONSE","ENSG00000174125"
"HALLMARK_INFLAMMATORY_RESPONSE","ENSG00000137462"
"HALLMARK_INFLAMMATORY_RESPONSE","ENSG00000164342"
"HALLMARK_INFLAMMATORY_RESPONSE","ENSG00000123610"
"HALLMARK_INFLAMMATORY_RESPONSE","ENSG00000028137"
"HALLMARK_INFLAMMATORY_RESPONSE","ENSG00000049249"
"HALLMARK_INFLAMMATORY_RESPONSE","ENSG00000121858"
"HALLMARK_INFLAMMATORY_RESPONSE","ENSG00000181634"
"HALLMARK_INFLAMMATORY_RESPONSE","ENSG00000125657"
"HALLMARK_INFLAMMATORY_RESPONSE","ENSG00000146242"
"HALLMARK_INFLAMMATORY_RESPONSE","ENSG00000146469"
"HALLMARK_INTERFERON_ALPHA_RESPONSE","ENSG00000160710"
"HALLMARK_INTERFERON_ALPHA_RESPONSE","ENSG00000166710"
"HALLMARK_INTERFERON_ALPHA_RESPONSE","ENSG00000168062"
"HALLMARK_INTERFERON_ALPHA_RESPONSE","ENSG00000130303"
"HALLMARK_INTERFERON_ALPHA_RESPONSE","ENSG00000182326"
"HALLMARK_INTERFERON_ALPHA_RESPONSE","ENSG00000137752"
"HALLMARK_INTERFERON_ALPHA_RESPONSE","ENSG00000064012"
"HALLMARK_INTERFERON_ALPHA_RESPONSE","ENSG00000121797"
"HALLMARK_INTERFERON_ALPHA_RESPONSE","ENSG00000196776"
"HALLMARK_INTERFERON_ALPHA_RESPONSE","ENSG00000019582"
"HALLMARK_INTERFERON_ALPHA_RESPONSE","ENSG00000134326"
"HALLMARK_INTERFERON_ALPHA_RESPONSE","ENSG00000137200"
"HALLMARK_INTERFERON_ALPHA_RESPONSE","ENSG00000173786"
"HALLMARK_INTERFERON_ALPHA_RESPONSE","ENSG00000184371"
"HALLMARK_INTERFERON_ALPHA_RESPONSE","ENSG00000169245"
"HALLMARK_INTERFERON_ALPHA_RESPONSE","ENSG00000169248"
"HALLMARK_INTERFERON_ALPHA_RESPONSE","ENSG00000137628"
"HALLMARK_INTERFERON_ALPHA_RESPONSE","ENSG00000108771"
"HALLMARK_INTERFERON_ALPHA_RESPONSE","ENSG00000055332"
"HALLMARK_INTERFERON_ALPHA_RESPONSE","ENSG00000120690"
"HALLMARK_INTERFERON_ALPHA_RESPONSE","ENSG00000133106"
"HALLMARK_INTERFERON_ALPHA_RESPONSE","ENSG00000162645"
"HALLMARK_INTERFERON_ALPHA_RESPONSE","ENSG00000162654"
"HALLMARK_INTERFERON_ALPHA_RESPONSE","ENSG00000137198"
"HALLMARK_INTERFERON_ALPHA_RESPONSE","ENSG00000130589"
"HALLMARK_INTERFERON_ALPHA_RESPONSE","ENSG00000138642"
"HALLMARK_INTERFERON_ALPHA_RESPONSE","ENSG00000204525"
"HALLMARK_INTERFERON_ALPHA_RESPONSE","ENSG00000165949"
"HALLMARK_INTERFERON_ALPHA_RESPONSE","ENSG00000216490"
"HALLMARK_INTERFERON_ALPHA_RESPONSE","ENSG00000068079"
"HALLMARK_INTERFERON_ALPHA_RESPONSE","ENSG00000137965"
"HALLMARK_INTERFERON_ALPHA_RESPONSE","ENSG00000137959"
"HALLMARK_INTERFERON_ALPHA_RESPONSE","ENSG00000115267"
"HALLMARK_INTERFERON_ALPHA_RESPONSE","ENSG00000119922"
"HALLMARK_INTERFERON_ALPHA_RESPONSE","ENSG00000119917"
"HALLMARK_INTERFERON_ALPHA_RESPONSE","ENSG00000185885"
"HALLMARK_INTERFERON_ALPHA_RESPONSE","ENSG00000185201"
"HALLMARK_INTERFERON_ALPHA_RESPONSE","ENSG00000142089"
"HALLMARK_INTERFERON_ALPHA_RESPONSE","ENSG00000164136"
"HALLMARK_INTERFERON_ALPHA_RESPONSE","ENSG00000077238"
"HALLMARK_INTERFERON_ALPHA_RESPONSE","ENSG00000104432"
"HALLMARK_INTERFERON_ALPHA_RESPONSE","ENSG00000125347"
"HALLMARK_INTERFERON_ALPHA_RESPONSE","ENSG00000168310"
"HALLMARK_INTERFERON_ALPHA_RESPONSE","ENSG00000185507"
"HALLMARK_INTERFERON_ALPHA_RESPONSE","ENSG00000213928"
"HALLMARK_INTERFERON_ALPHA_RESPONSE","ENSG00000187608"
"HALLMARK_INTERFERON_ALPHA_RESPONSE","ENSG00000172183"
"HALLMARK_INTERFERON_ALPHA_RESPONSE","ENSG00000078081"
"HALLMARK_INTERFERON_ALPHA_RESPONSE","ENSG00000002549"
"HALLMARK_INTERFERON_ALPHA_RESPONSE","ENSG00000108679"
"HALLMARK_INTERFERON_ALPHA_RESPONSE","ENSG00000139679"
"HALLMARK_INTERFERON_ALPHA_RESPONSE","ENSG00000160932"
"HALLMARK_INTERFERON_ALPHA_RESPONSE","ENSG00000155363"
"HALLMARK_INTERFERON_ALPHA_RESPONSE","ENSG00000141971"
"HALLMARK_INTERFERON_ALPHA_RESPONSE","ENSG00000157601"
"HALLMARK_INTERFERON_ALPHA_RESPONSE","ENSG00000111912"
"HALLMARK_INTERFERON_ALPHA_RESPONSE","ENSG00000123609"
"HALLMARK_INTERFERON_ALPHA_RESPONSE","ENSG00000013374"
"HALLMARK_INTERFERON_ALPHA_RESPONSE","ENSG00000089127"
"HALLMARK_INTERFERON_ALPHA_RESPONSE","ENSG00000135114"
"HALLMARK_INTERFERON_ALPHA_RESPONSE","ENSG00000060491"
"HALLMARK_INTERFERON_ALPHA_RESPONSE","ENSG00000059378"
"HALLMARK_INTERFERON_ALPHA_RESPONSE","ENSG00000173193"
"HALLMARK_INTERFERON_ALPHA_RESPONSE","ENSG00000138496"
"HALLMARK_INTERFERON_ALPHA_RESPONSE","ENSG00000188313"
"HALLMARK_INTERFERON_ALPHA_RESPONSE","ENSG00000138035"
"HALLMARK_INTERFERON_ALPHA_RESPONSE","ENSG00000101000"
"HALLMARK_INTERFERON_ALPHA_RESPONSE","ENSG00000100567"
"HALLMARK_INTERFERON_ALPHA_RESPONSE","ENSG00000204264"
"HALLMARK_INTERFERON_ALPHA_RESPONSE","ENSG00000240065"
"HALLMARK_INTERFERON_ALPHA_RESPONSE","ENSG00000092010"
"HALLMARK_INTERFERON_ALPHA_RESPONSE","ENSG00000100911"
"HALLMARK_INTERFERON_ALPHA_RESPONSE","ENSG00000104312"
"HALLMARK_INTERFERON_ALPHA_RESPONSE","ENSG00000092098"
"HALLMARK_INTERFERON_ALPHA_RESPONSE","ENSG00000134321"
"HALLMARK_INTERFERON_ALPHA_RESPONSE","ENSG00000136514"
"HALLMARK_INTERFERON_ALPHA_RESPONSE","ENSG00000205413"
"HALLMARK_INTERFERON_ALPHA_RESPONSE","ENSG00000177409"
"HALLMARK_INTERFERON_ALPHA_RESPONSE","ENSG00000188404"
"HALLMARK_INTERFERON_ALPHA_RESPONSE","ENSG00000155287"
"HALLMARK_INTERFERON_ALPHA_RESPONSE","ENSG00000135899"
"HALLMARK_INTERFERON_ALPHA_RESPONSE","ENSG00000170581"
"HALLMARK_INTERFERON_ALPHA_RESPONSE","ENSG00000168394"
"HALLMARK_INTERFERON_ALPHA_RESPONSE","ENSG00000196116"
"HALLMARK_INTERFERON_ALPHA_RESPONSE","ENSG00000112773"
"HALLMARK_INTERFERON_ALPHA_RESPONSE","ENSG00000146859"
"HALLMARK_INTERFERON_ALPHA_RESPONSE","ENSG00000135148"
"HALLMARK_INTERFERON_ALPHA_RESPONSE","ENSG00000106785"
"HALLMARK_INTERFERON_ALPHA_RESPONSE","ENSG00000132109"
"HALLMARK_INTERFERON_ALPHA_RESPONSE","ENSG00000121060"
"HALLMARK_INTERFERON_ALPHA_RESPONSE","ENSG00000234127"
"HALLMARK_INTERFERON_ALPHA_RESPONSE","ENSG00000132256"
"HALLMARK_INTERFERON_ALPHA_RESPONSE","ENSG00000265972"
"HALLMARK_INTERFERON_ALPHA_RESPONSE","ENSG00000182179"
"HALLMARK_INTERFERON_ALPHA_RESPONSE","ENSG00000156587"
"HALLMARK_INTERFERON_ALPHA_RESPONSE","ENSG00000184979"
"HALLMARK_INTERFERON_ALPHA_RESPONSE","ENSG00000140105"
"HALLMARK_INTERFERON_GAMMA_RESPONSE","ENSG00000160710"
"HALLMARK_INTERFERON_GAMMA_RESPONSE","ENSG00000221963"
"HALLMARK_INTERFERON_GAMMA_RESPONSE","ENSG00000150347"
"HALLMARK_INTERFERON_GAMMA_RESPONSE","ENSG00000122644"
"HALLMARK_INTERFERON_GAMMA_RESPONSE","ENSG00000158321"
"HALLMARK_INTERFERON_GAMMA_RESPONSE","ENSG00000166710"
"HALLMARK_INTERFERON_GAMMA_RESPONSE","ENSG00000153064"
"HALLMARK_INTERFERON_GAMMA_RESPONSE","ENSG00000168062"
"HALLMARK_INTERFERON_GAMMA_RESPONSE","ENSG00000172331"
"HALLMARK_INTERFERON_GAMMA_RESPONSE","ENSG00000130303"
"HALLMARK_INTERFERON_GAMMA_RESPONSE","ENSG00000133639"
"HALLMARK_INTERFERON_GAMMA_RESPONSE","ENSG00000159403"
"HALLMARK_INTERFERON_GAMMA_RESPONSE","ENSG00000182326"
"HALLMARK_INTERFERON_GAMMA_RESPONSE","ENSG00000137752"
"HALLMARK_INTERFERON_GAMMA_RESPONSE","ENSG00000164305"
"HALLMARK_INTERFERON_GAMMA_RESPONSE","ENSG00000196954"
"HALLMARK_INTERFERON_GAMMA_RESPONSE","ENSG00000165806"
"HALLMARK_INTERFERON_GAMMA_RESPONSE","ENSG00000064012"
"HALLMARK_INTERFERON_GAMMA_RESPONSE","ENSG00000108691"
"HALLMARK_INTERFERON_GAMMA_RESPONSE","ENSG00000271503"
"HALLMARK_INTERFERON_GAMMA_RESPONSE","ENSG00000108688"
"HALLMARK_INTERFERON_GAMMA_RESPONSE","ENSG00000120217"
"HALLMARK_INTERFERON_GAMMA_RESPONSE","ENSG00000004468"
"HALLMARK_INTERFERON_GAMMA_RESPONSE","ENSG00000101017"
"HALLMARK_INTERFERON_GAMMA_RESPONSE","ENSG00000110848"
"HALLMARK_INTERFERON_GAMMA_RESPONSE","ENSG00000019582"
"HALLMARK_INTERFERON_GAMMA_RESPONSE","ENSG00000114013"
"HALLMARK_INTERFERON_GAMMA_RESPONSE","ENSG00000124762"
"HALLMARK_INTERFERON_GAMMA_RESPONSE","ENSG00000243649"
"HALLMARK_INTERFERON_GAMMA_RESPONSE","ENSG00000000971"
"HALLMARK_INTERFERON_GAMMA_RESPONSE","ENSG00000179583"
"HALLMARK_INTERFERON_GAMMA_RESPONSE","ENSG00000174600"
"HALLMARK_INTERFERON_GAMMA_RESPONSE","ENSG00000134326"
"HALLMARK_INTERFERON_GAMMA_RESPONSE","ENSG00000137200"
"HALLMARK_INTERFERON_GAMMA_RESPONSE","ENSG00000100368"
"HALLMARK_INTERFERON_GAMMA_RESPONSE","ENSG00000169245"
"HALLMARK_INTERFERON_GAMMA_RESPONSE","ENSG00000169248"
"HALLMARK_INTERFERON_GAMMA_RESPONSE","ENSG00000138755"
"HALLMARK_INTERFERON_GAMMA_RESPONSE","ENSG00000137628"
"HALLMARK_INTERFERON_GAMMA_RESPONSE","ENSG00000108771"
"HALLMARK_INTERFERON_GAMMA_RESPONSE","ENSG00000055332"
"HALLMARK_INTERFERON_GAMMA_RESPONSE","ENSG00000163412"
"HALLMARK_INTERFERON_GAMMA_RESPONSE","ENSG00000133106"
"HALLMARK_INTERFERON_GAMMA_RESPONSE","ENSG00000026103"
"HALLMARK_INTERFERON_GAMMA_RESPONSE","ENSG00000150337"
"HALLMARK_INTERFERON_GAMMA_RESPONSE","ENSG00000127951"
"HALLMARK_INTERFERON_GAMMA_RESPONSE","ENSG00000171051"
"HALLMARK_INTERFERON_GAMMA_RESPONSE","ENSG00000162654"
"HALLMARK_INTERFERON_GAMMA_RESPONSE","ENSG00000183347"
"HALLMARK_INTERFERON_GAMMA_RESPONSE","ENSG00000131979"
"HALLMARK_INTERFERON_GAMMA_RESPONSE","ENSG00000125245"
"HALLMARK_INTERFERON_GAMMA_RESPONSE","ENSG00000145649"
"HALLMARK_INTERFERON_GAMMA_RESPONSE","ENSG00000130589"
"HALLMARK_INTERFERON_GAMMA_RESPONSE","ENSG00000138642"
"HALLMARK_INTERFERON_GAMMA_RESPONSE","ENSG00000100644"
"HALLMARK_INTERFERON_GAMMA_RESPONSE","ENSG00000206503"
"HALLMARK_INTERFERON_GAMMA_RESPONSE","ENSG00000234745"
"HALLMARK_INTERFERON_GAMMA_RESPONSE","ENSG00000204257"
"HALLMARK_INTERFERON_GAMMA_RESPONSE","ENSG00000196735"
"HALLMARK_INTERFERON_GAMMA_RESPONSE","ENSG00000196126"
"HALLMARK_INTERFERON_GAMMA_RESPONSE","ENSG00000204632"
"HALLMARK_INTERFERON_GAMMA_RESPONSE","ENSG00000090339"
"HALLMARK_INTERFERON_GAMMA_RESPONSE","ENSG00000131203"
"HALLMARK_INTERFERON_GAMMA_RESPONSE","ENSG00000165949"
"HALLMARK_INTERFERON_GAMMA_RESPONSE","ENSG00000216490"
"HALLMARK_INTERFERON_GAMMA_RESPONSE","ENSG00000068079"
"HALLMARK_INTERFERON_GAMMA_RESPONSE","ENSG00000137965"
"HALLMARK_INTERFERON_GAMMA_RESPONSE","ENSG00000137959"
"HALLMARK_INTERFERON_GAMMA_RESPONSE","ENSG00000115267"
"HALLMARK_INTERFERON_GAMMA_RESPONSE","ENSG00000185745"
"HALLMARK_INTERFERON_GAMMA_RESPONSE","ENSG00000119922"
"HALLMARK_INTERFERON_GAMMA_RESPONSE","ENSG00000119917"
"HALLMARK_INTERFERON_GAMMA_RESPONSE","ENSG00000185201"
"HALLMARK_INTERFERON_GAMMA_RESPONSE","ENSG00000142089"
"HALLMARK_INTERFERON_GAMMA_RESPONSE","ENSG00000159110"
"HALLMARK_INTERFERON_GAMMA_RESPONSE","ENSG00000110324"
"HALLMARK_INTERFERON_GAMMA_RESPONSE","ENSG00000164136"
"HALLMARK_INTERFERON_GAMMA_RESPONSE","ENSG00000134470"
"HALLMARK_INTERFERON_GAMMA_RESPONSE","ENSG00000137496"
"HALLMARK_INTERFERON_GAMMA_RESPONSE","ENSG00000100385"
"HALLMARK_INTERFERON_GAMMA_RESPONSE","ENSG00000077238"
"HALLMARK_INTERFERON_GAMMA_RESPONSE","ENSG00000136244"
"HALLMARK_INTERFERON_GAMMA_RESPONSE","ENSG00000104432"
"HALLMARK_INTERFERON_GAMMA_RESPONSE","ENSG00000125347"
"HALLMARK_INTERFERON_GAMMA_RESPONSE","ENSG00000168310"
"HALLMARK_INTERFERON_GAMMA_RESPONSE","ENSG00000137265"
"HALLMARK_INTERFERON_GAMMA_RESPONSE","ENSG00000128604"
"HALLMARK_INTERFERON_GAMMA_RESPONSE","ENSG00000185507"
"HALLMARK_INTERFERON_GAMMA_RESPONSE","ENSG00000140968"
"HALLMARK_INTERFERON_GAMMA_RESPONSE","ENSG00000213928"
"HALLMARK_INTERFERON_GAMMA_RESPONSE","ENSG00000187608"
"HALLMARK_INTERFERON_GAMMA_RESPONSE","ENSG00000172183"
"HALLMARK_INTERFERON_GAMMA_RESPONSE","ENSG00000066583"
"HALLMARK_INTERFERON_GAMMA_RESPONSE","ENSG00000139626"
"HALLMARK_INTERFERON_GAMMA_RESPONSE","ENSG00000096968"
"HALLMARK_INTERFERON_GAMMA_RESPONSE","ENSG00000213809"
"HALLMARK_INTERFERON_GAMMA_RESPONSE","ENSG00000002549"
"HALLMARK_INTERFERON_GAMMA_RESPONSE","ENSG00000150457"
"HALLMARK_INTERFERON_GAMMA_RESPONSE","ENSG00000043462"
"HALLMARK_INTERFERON_GAMMA_RESPONSE","ENSG00000108679"
"HALLMARK_INTERFERON_GAMMA_RESPONSE","ENSG00000160932"
"HALLMARK_INTERFERON_GAMMA_RESPONSE","ENSG00000140280"
"HALLMARK_INTERFERON_GAMMA_RESPONSE","ENSG00000145416"
"HALLMARK_INTERFERON_GAMMA_RESPONSE","ENSG00000125148"
"HALLMARK_INTERFERON_GAMMA_RESPONSE","ENSG00000065911"
"HALLMARK_INTERFERON_GAMMA_RESPONSE","ENSG00000013364"
"HALLMARK_INTERFERON_GAMMA_RESPONSE","ENSG00000157601"
"HALLMARK_INTERFERON_GAMMA_RESPONSE","ENSG00000183486"
"HALLMARK_INTERFERON_GAMMA_RESPONSE","ENSG00000172936"
"HALLMARK_INTERFERON_GAMMA_RESPONSE","ENSG00000105835"
"HALLMARK_INTERFERON_GAMMA_RESPONSE","ENSG00000124151"
"HALLMARK_INTERFERON_GAMMA_RESPONSE","ENSG00000109320"
"HALLMARK_INTERFERON_GAMMA_RESPONSE","ENSG00000100906"
"HALLMARK_INTERFERON_GAMMA_RESPONSE","ENSG00000140853"
"HALLMARK_INTERFERON_GAMMA_RESPONSE","ENSG00000123609"
"HALLMARK_INTERFERON_GAMMA_RESPONSE","ENSG00000106100"
"HALLMARK_INTERFERON_GAMMA_RESPONSE","ENSG00000102900"
"HALLMARK_INTERFERON_GAMMA_RESPONSE","ENSG00000111335"
"HALLMARK_INTERFERON_GAMMA_RESPONSE","ENSG00000111331"
"HALLMARK_INTERFERON_GAMMA_RESPONSE","ENSG00000135114"
"HALLMARK_INTERFERON_GAMMA_RESPONSE","ENSG00000060491"
"HALLMARK_INTERFERON_GAMMA_RESPONSE","ENSG00000174944"
"HALLMARK_INTERFERON_GAMMA_RESPONSE","ENSG00000059378"
"HALLMARK_INTERFERON_GAMMA_RESPONSE","ENSG00000173193"
"HALLMARK_INTERFERON_GAMMA_RESPONSE","ENSG00000184588"
"HALLMARK_INTERFERON_GAMMA_RESPONSE","ENSG00000197329"
"HALLMARK_INTERFERON_GAMMA_RESPONSE","ENSG00000067057"
"HALLMARK_INTERFERON_GAMMA_RESPONSE","ENSG00000137193"
"HALLMARK_INTERFERON_GAMMA_RESPONSE","ENSG00000116711"
"HALLMARK_INTERFERON_GAMMA_RESPONSE","ENSG00000188313"
"HALLMARK_INTERFERON_GAMMA_RESPONSE","ENSG00000140464"
"HALLMARK_INTERFERON_GAMMA_RESPONSE","ENSG00000198805"
"HALLMARK_INTERFERON_GAMMA_RESPONSE","ENSG00000138035"
"HALLMARK_INTERFERON_GAMMA_RESPONSE","ENSG00000106588"
"HALLMARK_INTERFERON_GAMMA_RESPONSE","ENSG00000100567"
"HALLMARK_INTERFERON_GAMMA_RESPONSE","ENSG00000205220"
"HALLMARK_INTERFERON_GAMMA_RESPONSE","ENSG00000126067"
"HALLMARK_INTERFERON_GAMMA_RESPONSE","ENSG00000204264"
"HALLMARK_INTERFERON_GAMMA_RESPONSE","ENSG00000240065"
"HALLMARK_INTERFERON_GAMMA_RESPONSE","ENSG00000092010"
"HALLMARK_INTERFERON_GAMMA_RESPONSE","ENSG00000100911"
"HALLMARK_INTERFERON_GAMMA_RESPONSE","ENSG00000073756"
"HALLMARK_INTERFERON_GAMMA_RESPONSE","ENSG00000196396"
"HALLMARK_INTERFERON_GAMMA_RESPONSE","ENSG00000175354"
"HALLMARK_INTERFERON_GAMMA_RESPONSE","ENSG00000111679"
"HALLMARK_INTERFERON_GAMMA_RESPONSE","ENSG00000158987"
"HALLMARK_INTERFERON_GAMMA_RESPONSE","ENSG00000125826"
"HALLMARK_INTERFERON_GAMMA_RESPONSE","ENSG00000107201"
"HALLMARK_INTERFERON_GAMMA_RESPONSE","ENSG00000137275"
"HALLMARK_INTERFERON_GAMMA_RESPONSE","ENSG00000104312"
"HALLMARK_INTERFERON_GAMMA_RESPONSE","ENSG00000173821"
"HALLMARK_INTERFERON_GAMMA_RESPONSE","ENSG00000092098"
"HALLMARK_INTERFERON_GAMMA_RESPONSE","ENSG00000134321"
"HALLMARK_INTERFERON_GAMMA_RESPONSE","ENSG00000136514"
"HALLMARK_INTERFERON_GAMMA_RESPONSE","ENSG00000177409"
"HALLMARK_INTERFERON_GAMMA_RESPONSE","ENSG00000101347"
"HALLMARK_INTERFERON_GAMMA_RESPONSE","ENSG00000141574"
"HALLMARK_INTERFERON_GAMMA_RESPONSE","ENSG00000174175"
"HALLMARK_INTERFERON_GAMMA_RESPONSE","ENSG00000149131"
"HALLMARK_INTERFERON_GAMMA_RESPONSE","ENSG00000026751"
"HALLMARK_INTERFERON_GAMMA_RESPONSE","ENSG00000155287"
"HALLMARK_INTERFERON_GAMMA_RESPONSE","ENSG00000185338"
"HALLMARK_INTERFERON_GAMMA_RESPONSE","ENSG00000184557"
"HALLMARK_INTERFERON_GAMMA_RESPONSE","ENSG00000291237"
"HALLMARK_INTERFERON_GAMMA_RESPONSE","ENSG00000135899"
"HALLMARK_INTERFERON_GAMMA_RESPONSE","ENSG00000138600"
"HALLMARK_INTERFERON_GAMMA_RESPONSE","ENSG00000075142"
"HALLMARK_INTERFERON_GAMMA_RESPONSE","ENSG00000123096"
"HALLMARK_INTERFERON_GAMMA_RESPONSE","ENSG00000115525"
"HALLMARK_INTERFERON_GAMMA_RESPONSE","ENSG00000113532"
"HALLMARK_INTERFERON_GAMMA_RESPONSE","ENSG00000115415"
"HALLMARK_INTERFERON_GAMMA_RESPONSE","ENSG00000170581"
"HALLMARK_INTERFERON_GAMMA_RESPONSE","ENSG00000168610"
"HALLMARK_INTERFERON_GAMMA_RESPONSE","ENSG00000138378"
"HALLMARK_INTERFERON_GAMMA_RESPONSE","ENSG00000168394"
"HALLMARK_INTERFERON_GAMMA_RESPONSE","ENSG00000231925"
"HALLMARK_INTERFERON_GAMMA_RESPONSE","ENSG00000196116"
"HALLMARK_INTERFERON_GAMMA_RESPONSE","ENSG00000170439"
"HALLMARK_INTERFERON_GAMMA_RESPONSE","ENSG00000185215"
"HALLMARK_INTERFERON_GAMMA_RESPONSE","ENSG00000118503"
"HALLMARK_INTERFERON_GAMMA_RESPONSE","ENSG00000123610"
"HALLMARK_INTERFERON_GAMMA_RESPONSE","ENSG00000121858"
"HALLMARK_INTERFERON_GAMMA_RESPONSE","ENSG00000136816"
"HALLMARK_INTERFERON_GAMMA_RESPONSE","ENSG00000135148"
"HALLMARK_INTERFERON_GAMMA_RESPONSE","ENSG00000106785"
"HALLMARK_INTERFERON_GAMMA_RESPONSE","ENSG00000132109"
"HALLMARK_INTERFERON_GAMMA_RESPONSE","ENSG00000121060"
"HALLMARK_INTERFERON_GAMMA_RESPONSE","ENSG00000234127"
"HALLMARK_INTERFERON_GAMMA_RESPONSE","ENSG00000265972"
"HALLMARK_INTERFERON_GAMMA_RESPONSE","ENSG00000156587"
"HALLMARK_INTERFERON_GAMMA_RESPONSE","ENSG00000183696"
"HALLMARK_INTERFERON_GAMMA_RESPONSE","ENSG00000184979"
"HALLMARK_INTERFERON_GAMMA_RESPONSE","ENSG00000168899"
"HALLMARK_INTERFERON_GAMMA_RESPONSE","ENSG00000118640"
"HALLMARK_INTERFERON_GAMMA_RESPONSE","ENSG00000162692"
"HALLMARK_INTERFERON_GAMMA_RESPONSE","ENSG00000140105"
"HALLMARK_INTERFERON_GAMMA_RESPONSE","ENSG00000132530"
"HALLMARK_INTERFERON_GAMMA_RESPONSE","ENSG00000143184"
"HALLMARK_INTERFERON_GAMMA_RESPONSE","ENSG00000124256"
"HALLMARK_INTERFERON_GAMMA_RESPONSE","ENSG00000124201"
"HALLMARK_KRAS_SIGNALING_DN","ENSG00000073734"
"HALLMARK_KRAS_SIGNALING_DN","ENSG00000172350"
"HALLMARK_KRAS_SIGNALING_DN","ENSG00000159251"
"HALLMARK_KRAS_SIGNALING_DN","ENSG00000184160"
"HALLMARK_KRAS_SIGNALING_DN","ENSG00000198074"
"HALLMARK_KRAS_SIGNALING_DN","ENSG00000179477"
"HALLMARK_KRAS_SIGNALING_DN","ENSG00000178522"
"HALLMARK_KRAS_SIGNALING_DN","ENSG00000242173"
"HALLMARK_KRAS_SIGNALING_DN","ENSG00000172995"
"HALLMARK_KRAS_SIGNALING_DN","ENSG00000183475"
"HALLMARK_KRAS_SIGNALING_DN","ENSG00000105675"
"HALLMARK_KRAS_SIGNALING_DN","ENSG00000116039"
"HALLMARK_KRAS_SIGNALING_DN","ENSG00000138376"
"HALLMARK_KRAS_SIGNALING_DN","ENSG00000138696"
"HALLMARK_KRAS_SIGNALING_DN","ENSG00000137948"
"HALLMARK_KRAS_SIGNALING_DN","ENSG00000159388"
"HALLMARK_KRAS_SIGNALING_DN","ENSG00000106804"
"HALLMARK_KRAS_SIGNALING_DN","ENSG00000102001"
"HALLMARK_KRAS_SIGNALING_DN","ENSG00000108878"
"HALLMARK_KRAS_SIGNALING_DN","ENSG00000175868"
"HALLMARK_KRAS_SIGNALING_DN","ENSG00000178372"
"HALLMARK_KRAS_SIGNALING_DN","ENSG00000183049"
"HALLMARK_KRAS_SIGNALING_DN","ENSG00000135773"
"HALLMARK_KRAS_SIGNALING_DN","ENSG00000173581"
"HALLMARK_KRAS_SIGNALING_DN","ENSG00000133101"
"HALLMARK_KRAS_SIGNALING_DN","ENSG00000179934"
"HALLMARK_KRAS_SIGNALING_DN","ENSG00000116031"
"HALLMARK_KRAS_SIGNALING_DN","ENSG00000102245"
"HALLMARK_KRAS_SIGNALING_DN","ENSG00000121594"
"HALLMARK_KRAS_SIGNALING_DN","ENSG00000166589"
"HALLMARK_KRAS_SIGNALING_DN","ENSG00000145996"
"HALLMARK_KRAS_SIGNALING_DN","ENSG00000143126"
"HALLMARK_KRAS_SIGNALING_DN","ENSG00000196811"
"HALLMARK_KRAS_SIGNALING_DN","ENSG00000175040"
"HALLMARK_KRAS_SIGNALING_DN","ENSG00000104879"
"HALLMARK_KRAS_SIGNALING_DN","ENSG00000113946"
"HALLMARK_KRAS_SIGNALING_DN","ENSG00000156284"
"HALLMARK_KRAS_SIGNALING_DN","ENSG00000137392"
"HALLMARK_KRAS_SIGNALING_DN","ENSG00000139182"
"HALLMARK_KRAS_SIGNALING_DN","ENSG00000122756"
"HALLMARK_KRAS_SIGNALING_DN","ENSG00000139219"
"HALLMARK_KRAS_SIGNALING_DN","ENSG00000005243"
"HALLMARK_KRAS_SIGNALING_DN","ENSG00000163050"
"HALLMARK_KRAS_SIGNALING_DN","ENSG00000158516"
"HALLMARK_KRAS_SIGNALING_DN","ENSG00000153002"
"HALLMARK_KRAS_SIGNALING_DN","ENSG00000107864"
"HALLMARK_KRAS_SIGNALING_DN","ENSG00000179142"
"HALLMARK_KRAS_SIGNALING_DN","ENSG00000146233"
"HALLMARK_KRAS_SIGNALING_DN","ENSG00000187323"
"HALLMARK_KRAS_SIGNALING_DN","ENSG00000171462"
"HALLMARK_KRAS_SIGNALING_DN","ENSG00000138101"
"HALLMARK_KRAS_SIGNALING_DN","ENSG00000135960"
"HALLMARK_KRAS_SIGNALING_DN","ENSG00000078401"
"HALLMARK_KRAS_SIGNALING_DN","ENSG00000127129"
"HALLMARK_KRAS_SIGNALING_DN","ENSG00000115468"
"HALLMARK_KRAS_SIGNALING_DN","ENSG00000138798"
"HALLMARK_KRAS_SIGNALING_DN","ENSG00000198018"
"HALLMARK_KRAS_SIGNALING_DN","ENSG00000145242"
"HALLMARK_KRAS_SIGNALING_DN","ENSG00000196468"
"HALLMARK_KRAS_SIGNALING_DN","ENSG00000070388"
"HALLMARK_KRAS_SIGNALING_DN","ENSG00000068078"
"HALLMARK_KRAS_SIGNALING_DN","ENSG00000172456"
"HALLMARK_KRAS_SIGNALING_DN","ENSG00000131808"
"HALLMARK_KRAS_SIGNALING_DN","ENSG00000130005"
"HALLMARK_KRAS_SIGNALING_DN","ENSG00000168621"
"HALLMARK_KRAS_SIGNALING_DN","ENSG00000185245"
"HALLMARK_KRAS_SIGNALING_DN","ENSG00000169347"
"HALLMARK_KRAS_SIGNALING_DN","ENSG00000183150"
"HALLMARK_KRAS_SIGNALING_DN","ENSG00000181773"
"HALLMARK_KRAS_SIGNALING_DN","ENSG00000170412"
"HALLMARK_KRAS_SIGNALING_DN","ENSG00000152208"
"HALLMARK_KRAS_SIGNALING_DN","ENSG00000148308"
"HALLMARK_KRAS_SIGNALING_DN","ENSG00000135100"
"HALLMARK_KRAS_SIGNALING_DN","ENSG00000176387"
"HALLMARK_KRAS_SIGNALING_DN","ENSG00000135312"
"HALLMARK_KRAS_SIGNALING_DN","ENSG00000179546"
"HALLMARK_KRAS_SIGNALING_DN","ENSG00000127415"
"HALLMARK_KRAS_SIGNALING_DN","ENSG00000137959"
"HALLMARK_KRAS_SIGNALING_DN","ENSG00000111537"
"HALLMARK_KRAS_SIGNALING_DN","ENSG00000115457"
"HALLMARK_KRAS_SIGNALING_DN","ENSG00000113302"
"HALLMARK_KRAS_SIGNALING_DN","ENSG00000113525"
"HALLMARK_KRAS_SIGNALING_DN","ENSG00000172410"
"HALLMARK_KRAS_SIGNALING_DN","ENSG00000133124"
"HALLMARK_KRAS_SIGNALING_DN","ENSG00000147166"
"HALLMARK_KRAS_SIGNALING_DN","ENSG00000162267"
"HALLMARK_KRAS_SIGNALING_DN","ENSG00000102057"
"HALLMARK_KRAS_SIGNALING_DN","ENSG00000159197"
"HALLMARK_KRAS_SIGNALING_DN","ENSG00000145936"
"HALLMARK_KRAS_SIGNALING_DN","ENSG00000105642"
"HALLMARK_KRAS_SIGNALING_DN","ENSG00000075043"
"HALLMARK_KRAS_SIGNALING_DN","ENSG00000162873"
"HALLMARK_KRAS_SIGNALING_DN","ENSG00000169035"
"HALLMARK_KRAS_SIGNALING_DN","ENSG00000129455"
"HALLMARK_KRAS_SIGNALING_DN","ENSG00000167548"
"HALLMARK_KRAS_SIGNALING_DN","ENSG00000167768"
"HALLMARK_KRAS_SIGNALING_DN","ENSG00000171401"
"HALLMARK_KRAS_SIGNALING_DN","ENSG00000171346"
"HALLMARK_KRAS_SIGNALING_DN","ENSG00000170477"
"HALLMARK_KRAS_SIGNALING_DN","ENSG00000186081"
"HALLMARK_KRAS_SIGNALING_DN","ENSG00000106003"
"HALLMARK_KRAS_SIGNALING_DN","ENSG00000205076"
"HALLMARK_KRAS_SIGNALING_DN","ENSG00000124466"
"HALLMARK_KRAS_SIGNALING_DN","ENSG00000099284"
"HALLMARK_KRAS_SIGNALING_DN","ENSG00000269313"
"HALLMARK_KRAS_SIGNALING_DN","ENSG00000099308"
"HALLMARK_KRAS_SIGNALING_DN","ENSG00000103313"
"HALLMARK_KRAS_SIGNALING_DN","ENSG00000151690"
"HALLMARK_KRAS_SIGNALING_DN","ENSG00000204410"
"HALLMARK_KRAS_SIGNALING_DN","ENSG00000177000"
"HALLMARK_KRAS_SIGNALING_DN","ENSG00000157601"
"HALLMARK_KRAS_SIGNALING_DN","ENSG00000092054"
"HALLMARK_KRAS_SIGNALING_DN","ENSG00000091536"
"HALLMARK_KRAS_SIGNALING_DN","ENSG00000120729"
"HALLMARK_KRAS_SIGNALING_DN","ENSG00000165553"
"HALLMARK_KRAS_SIGNALING_DN","ENSG00000089250"
"HALLMARK_KRAS_SIGNALING_DN","ENSG00000161270"
"HALLMARK_KRAS_SIGNALING_DN","ENSG00000204174"
"HALLMARK_KRAS_SIGNALING_DN","ENSG00000153234"
"HALLMARK_KRAS_SIGNALING_DN","ENSG00000148200"
"HALLMARK_KRAS_SIGNALING_DN","ENSG00000053702"
"HALLMARK_KRAS_SIGNALING_DN","ENSG00000185652"
"HALLMARK_KRAS_SIGNALING_DN","ENSG00000196368"
"HALLMARK_KRAS_SIGNALING_DN","ENSG00000101405"
"HALLMARK_KRAS_SIGNALING_DN","ENSG00000099957"
"HALLMARK_KRAS_SIGNALING_DN","ENSG00000186912"
"HALLMARK_KRAS_SIGNALING_DN","ENSG00000135903"
"HALLMARK_KRAS_SIGNALING_DN","ENSG00000106331"
"HALLMARK_KRAS_SIGNALING_DN","ENSG00000171815"
"HALLMARK_KRAS_SIGNALING_DN","ENSG00000188389"
"HALLMARK_KRAS_SIGNALING_DN","ENSG00000133256"
"HALLMARK_KRAS_SIGNALING_DN","ENSG00000005882"
"HALLMARK_KRAS_SIGNALING_DN","ENSG00000081277"
"HALLMARK_KRAS_SIGNALING_DN","ENSG00000181690"
"HALLMARK_KRAS_SIGNALING_DN","ENSG00000141744"
"HALLMARK_KRAS_SIGNALING_DN","ENSG00000185345"
"HALLMARK_KRAS_SIGNALING_DN","ENSG00000100033"
"HALLMARK_KRAS_SIGNALING_DN","ENSG00000175325"
"HALLMARK_KRAS_SIGNALING_DN","ENSG00000122420"
"HALLMARK_KRAS_SIGNALING_DN","ENSG00000149177"
"HALLMARK_KRAS_SIGNALING_DN","ENSG00000076344"
"HALLMARK_KRAS_SIGNALING_DN","ENSG00000128408"
"HALLMARK_KRAS_SIGNALING_DN","ENSG00000134321"
"HALLMARK_KRAS_SIGNALING_DN","ENSG00000196218"
"HALLMARK_KRAS_SIGNALING_DN","ENSG00000198626"
"HALLMARK_KRAS_SIGNALING_DN","ENSG00000149021"
"HALLMARK_KRAS_SIGNALING_DN","ENSG00000185313"
"HALLMARK_KRAS_SIGNALING_DN","ENSG00000250722"
"HALLMARK_KRAS_SIGNALING_DN","ENSG00000140093"
"HALLMARK_KRAS_SIGNALING_DN","ENSG00000197632"
"HALLMARK_KRAS_SIGNALING_DN","ENSG00000118515"
"HALLMARK_KRAS_SIGNALING_DN","ENSG00000168779"
"HALLMARK_KRAS_SIGNALING_DN","ENSG00000072858"
"HALLMARK_KRAS_SIGNALING_DN","ENSG00000136603"
"HALLMARK_KRAS_SIGNALING_DN","ENSG00000070915"
"HALLMARK_KRAS_SIGNALING_DN","ENSG00000118596"
"HALLMARK_KRAS_SIGNALING_DN","ENSG00000125648"
"HALLMARK_KRAS_SIGNALING_DN","ENSG00000198246"
"HALLMARK_KRAS_SIGNALING_DN","ENSG00000115194"
"HALLMARK_KRAS_SIGNALING_DN","ENSG00000188338"
"HALLMARK_KRAS_SIGNALING_DN","ENSG00000105641"
"HALLMARK_KRAS_SIGNALING_DN","ENSG00000268104"
"HALLMARK_KRAS_SIGNALING_DN","ENSG00000142319"
"HALLMARK_KRAS_SIGNALING_DN","ENSG00000091482"
"HALLMARK_KRAS_SIGNALING_DN","ENSG00000074317"
"HALLMARK_KRAS_SIGNALING_DN","ENSG00000184602"
"HALLMARK_KRAS_SIGNALING_DN","ENSG00000100146"
"HALLMARK_KRAS_SIGNALING_DN","ENSG00000063176"
"HALLMARK_KRAS_SIGNALING_DN","ENSG00000163209"
"HALLMARK_KRAS_SIGNALING_DN","ENSG00000173898"
"HALLMARK_KRAS_SIGNALING_DN","ENSG00000132671"
"HALLMARK_KRAS_SIGNALING_DN","ENSG00000066923"
"HALLMARK_KRAS_SIGNALING_DN","ENSG00000171992"
"HALLMARK_KRAS_SIGNALING_DN","ENSG00000127364"
"HALLMARK_KRAS_SIGNALING_DN","ENSG00000152284"
"HALLMARK_KRAS_SIGNALING_DN","ENSG00000100721"
"HALLMARK_KRAS_SIGNALING_DN","ENSG00000145934"
"HALLMARK_KRAS_SIGNALING_DN","ENSG00000183508"
"HALLMARK_KRAS_SIGNALING_DN","ENSG00000133863"
"HALLMARK_KRAS_SIGNALING_DN","ENSG00000008196"
"HALLMARK_KRAS_SIGNALING_DN","ENSG00000115112"
"HALLMARK_KRAS_SIGNALING_DN","ENSG00000160181"
"HALLMARK_KRAS_SIGNALING_DN","ENSG00000042832"
"HALLMARK_KRAS_SIGNALING_DN","ENSG00000092969"
"HALLMARK_KRAS_SIGNALING_DN","ENSG00000092295"
"HALLMARK_KRAS_SIGNALING_DN","ENSG00000144115"
"HALLMARK_KRAS_SIGNALING_DN","ENSG00000151090"
"HALLMARK_KRAS_SIGNALING_DN","ENSG00000107807"
"HALLMARK_KRAS_SIGNALING_DN","ENSG00000129991"
"HALLMARK_KRAS_SIGNALING_DN","ENSG00000134200"
"HALLMARK_KRAS_SIGNALING_DN","ENSG00000197888"
"HALLMARK_KRAS_SIGNALING_DN","ENSG00000243566"
"HALLMARK_KRAS_SIGNALING_DN","ENSG00000169575"
"HALLMARK_KRAS_SIGNALING_DN","ENSG00000004766"
"HALLMARK_KRAS_SIGNALING_DN","ENSG00000002745"
"HALLMARK_KRAS_SIGNALING_DN","ENSG00000006047"
"HALLMARK_KRAS_SIGNALING_DN","ENSG00000100027"
"HALLMARK_KRAS_SIGNALING_DN","ENSG00000109906"
"HALLMARK_KRAS_SIGNALING_DN","ENSG00000119703"
"HALLMARK_KRAS_SIGNALING_DN","ENSG00000062370"
"HALLMARK_KRAS_SIGNALING_UP","ENSG00000085563"
"HALLMARK_KRAS_SIGNALING_UP","ENSG00000159640"
"HALLMARK_KRAS_SIGNALING_UP","ENSG00000151694"
"HALLMARK_KRAS_SIGNALING_UP","ENSG00000151651"
"HALLMARK_KRAS_SIGNALING_UP","ENSG00000134028"
"HALLMARK_KRAS_SIGNALING_UP","ENSG00000020181"
"HALLMARK_KRAS_SIGNALING_UP","ENSG00000162618"
"HALLMARK_KRAS_SIGNALING_UP","ENSG00000131016"
"HALLMARK_KRAS_SIGNALING_UP","ENSG00000105221"
"HALLMARK_KRAS_SIGNALING_UP","ENSG00000128918"
"HALLMARK_KRAS_SIGNALING_UP","ENSG00000184254"
"HALLMARK_KRAS_SIGNALING_UP","ENSG00000101935"
"HALLMARK_KRAS_SIGNALING_UP","ENSG00000167772"
"HALLMARK_KRAS_SIGNALING_UP","ENSG00000154122"
"HALLMARK_KRAS_SIGNALING_UP","ENSG00000131620"
"HALLMARK_KRAS_SIGNALING_UP","ENSG00000109511"
"HALLMARK_KRAS_SIGNALING_UP","ENSG00000189058"
"HALLMARK_KRAS_SIGNALING_UP","ENSG00000118520"
"HALLMARK_KRAS_SIGNALING_UP","ENSG00000152348"
"HALLMARK_KRAS_SIGNALING_UP","ENSG00000105778"
"HALLMARK_KRAS_SIGNALING_UP","ENSG00000023445"
"HALLMARK_KRAS_SIGNALING_UP","ENSG00000125845"
"HALLMARK_KRAS_SIGNALING_UP","ENSG00000172331"
"HALLMARK_KRAS_SIGNALING_UP","ENSG00000132640"
"HALLMARK_KRAS_SIGNALING_UP","ENSG00000174808"
"HALLMARK_KRAS_SIGNALING_UP","ENSG00000171860"
"HALLMARK_KRAS_SIGNALING_UP","ENSG00000104267"
"HALLMARK_KRAS_SIGNALING_UP","ENSG00000102547"
"HALLMARK_KRAS_SIGNALING_UP","ENSG00000110395"
"HALLMARK_KRAS_SIGNALING_UP","ENSG00000145439"
"HALLMARK_KRAS_SIGNALING_UP","ENSG00000141570"
"HALLMARK_KRAS_SIGNALING_UP","ENSG00000115009"
"HALLMARK_KRAS_SIGNALING_UP","ENSG00000118971"
"HALLMARK_KRAS_SIGNALING_UP","ENSG00000107771"
"HALLMARK_KRAS_SIGNALING_UP","ENSG00000104894"
"HALLMARK_KRAS_SIGNALING_UP","ENSG00000102543"
"HALLMARK_KRAS_SIGNALING_UP","ENSG00000243649"
"HALLMARK_KRAS_SIGNALING_UP","ENSG00000000971"
"HALLMARK_KRAS_SIGNALING_UP","ENSG00000080910"
"HALLMARK_KRAS_SIGNALING_UP","ENSG00000176194"
"HALLMARK_KRAS_SIGNALING_UP","ENSG00000111729"
"HALLMARK_KRAS_SIGNALING_UP","ENSG00000174600"
"HALLMARK_KRAS_SIGNALING_UP","ENSG00000109472"
"HALLMARK_KRAS_SIGNALING_UP","ENSG00000005469"
"HALLMARK_KRAS_SIGNALING_UP","ENSG00000164400"
"HALLMARK_KRAS_SIGNALING_UP","ENSG00000198223"
"HALLMARK_KRAS_SIGNALING_UP","ENSG00000292357"
"HALLMARK_KRAS_SIGNALING_UP","ENSG00000163131"
"HALLMARK_KRAS_SIGNALING_UP","ENSG00000169245"
"HALLMARK_KRAS_SIGNALING_UP","ENSG00000121966"
"HALLMARK_KRAS_SIGNALING_UP","ENSG00000057019"
"HALLMARK_KRAS_SIGNALING_UP","ENSG00000107554"
"HALLMARK_KRAS_SIGNALING_UP","ENSG00000134516"
"HALLMARK_KRAS_SIGNALING_UP","ENSG00000139318"
"HALLMARK_KRAS_SIGNALING_UP","ENSG00000134531"
"HALLMARK_KRAS_SIGNALING_UP","ENSG00000106991"
"HALLMARK_KRAS_SIGNALING_UP","ENSG00000082397"
"HALLMARK_KRAS_SIGNALING_UP","ENSG00000133216"
"HALLMARK_KRAS_SIGNALING_UP","ENSG00000124882"
"HALLMARK_KRAS_SIGNALING_UP","ENSG00000197930"
"HALLMARK_KRAS_SIGNALING_UP","ENSG00000134954"
"HALLMARK_KRAS_SIGNALING_UP","ENSG00000006468"
"HALLMARK_KRAS_SIGNALING_UP","ENSG00000175832"
"HALLMARK_KRAS_SIGNALING_UP","ENSG00000244405"
"HALLMARK_KRAS_SIGNALING_UP","ENSG00000067208"
"HALLMARK_KRAS_SIGNALING_UP","ENSG00000124491"
"HALLMARK_KRAS_SIGNALING_UP","ENSG00000164251"
"HALLMARK_KRAS_SIGNALING_UP","ENSG00000151876"
"HALLMARK_KRAS_SIGNALING_UP","ENSG00000158869"
"HALLMARK_KRAS_SIGNALING_UP","ENSG00000102678"
"HALLMARK_KRAS_SIGNALING_UP","ENSG00000037280"
"HALLMARK_KRAS_SIGNALING_UP","ENSG00000179163"
"HALLMARK_KRAS_SIGNALING_UP","ENSG00000123689"
"HALLMARK_KRAS_SIGNALING_UP","ENSG00000011677"
"HALLMARK_KRAS_SIGNALING_UP","ENSG00000130222"
"HALLMARK_KRAS_SIGNALING_UP","ENSG00000115339"
"HALLMARK_KRAS_SIGNALING_UP","ENSG00000131459"
"HALLMARK_KRAS_SIGNALING_UP","ENSG00000173221"
"HALLMARK_KRAS_SIGNALING_UP","ENSG00000127920"
"HALLMARK_KRAS_SIGNALING_UP","ENSG00000136235"
"HALLMARK_KRAS_SIGNALING_UP","ENSG00000167191"
"HALLMARK_KRAS_SIGNALING_UP","ENSG00000164116"
"HALLMARK_KRAS_SIGNALING_UP","ENSG00000136732"
"HALLMARK_KRAS_SIGNALING_UP","ENSG00000276410"
"HALLMARK_KRAS_SIGNALING_UP","ENSG00000113070"
"HALLMARK_KRAS_SIGNALING_UP","ENSG00000048052"
"HALLMARK_KRAS_SIGNALING_UP","ENSG00000156510"
"HALLMARK_KRAS_SIGNALING_UP","ENSG00000128713"
"HALLMARK_KRAS_SIGNALING_UP","ENSG00000117594"
"HALLMARK_KRAS_SIGNALING_UP","ENSG00000115738"
"HALLMARK_KRAS_SIGNALING_UP","ENSG00000167244"
"HALLMARK_KRAS_SIGNALING_UP","ENSG00000146674"
"HALLMARK_KRAS_SIGNALING_UP","ENSG00000185811"
"HALLMARK_KRAS_SIGNALING_UP","ENSG00000110324"
"HALLMARK_KRAS_SIGNALING_UP","ENSG00000125538"
"HALLMARK_KRAS_SIGNALING_UP","ENSG00000115598"
"HALLMARK_KRAS_SIGNALING_UP","ENSG00000147168"
"HALLMARK_KRAS_SIGNALING_UP","ENSG00000137033"
"HALLMARK_KRAS_SIGNALING_UP","ENSG00000168685"
"HALLMARK_KRAS_SIGNALING_UP","ENSG00000122641"
"HALLMARK_KRAS_SIGNALING_UP","ENSG00000140968"
"HALLMARK_KRAS_SIGNALING_UP","ENSG00000164171"
"HALLMARK_KRAS_SIGNALING_UP","ENSG00000160255"
"HALLMARK_KRAS_SIGNALING_UP","ENSG00000198542"
"HALLMARK_KRAS_SIGNALING_UP","ENSG00000173801"
"HALLMARK_KRAS_SIGNALING_UP","ENSG00000104783"
"HALLMARK_KRAS_SIGNALING_UP","ENSG00000168280"
"HALLMARK_KRAS_SIGNALING_UP","ENSG00000136826"
"HALLMARK_KRAS_SIGNALING_UP","ENSG00000162511"
"HALLMARK_KRAS_SIGNALING_UP","ENSG00000086730"
"HALLMARK_KRAS_SIGNALING_UP","ENSG00000136167"
"HALLMARK_KRAS_SIGNALING_UP","ENSG00000128342"
"HALLMARK_KRAS_SIGNALING_UP","ENSG00000154589"
"HALLMARK_KRAS_SIGNALING_UP","ENSG00000204103"
"HALLMARK_KRAS_SIGNALING_UP","ENSG00000144063"
"HALLMARK_KRAS_SIGNALING_UP","ENSG00000095015"
"HALLMARK_KRAS_SIGNALING_UP","ENSG00000104814"
"HALLMARK_KRAS_SIGNALING_UP","ENSG00000135525"
"HALLMARK_KRAS_SIGNALING_UP","ENSG00000108960"
"HALLMARK_KRAS_SIGNALING_UP","ENSG00000166670"
"HALLMARK_KRAS_SIGNALING_UP","ENSG00000099953"
"HALLMARK_KRAS_SIGNALING_UP","ENSG00000100985"
"HALLMARK_KRAS_SIGNALING_UP","ENSG00000149573"
"HALLMARK_KRAS_SIGNALING_UP","ENSG00000166912"
"HALLMARK_KRAS_SIGNALING_UP","ENSG00000134323"
"HALLMARK_KRAS_SIGNALING_UP","ENSG00000186462"
"HALLMARK_KRAS_SIGNALING_UP","ENSG00000134259"
"HALLMARK_KRAS_SIGNALING_UP","ENSG00000100503"
"HALLMARK_KRAS_SIGNALING_UP","ENSG00000131910"
"HALLMARK_KRAS_SIGNALING_UP","ENSG00000012504"
"HALLMARK_KRAS_SIGNALING_UP","ENSG00000099250"
"HALLMARK_KRAS_SIGNALING_UP","ENSG00000183036"
"HALLMARK_KRAS_SIGNALING_UP","ENSG00000102109"
"HALLMARK_KRAS_SIGNALING_UP","ENSG00000197646"
"HALLMARK_KRAS_SIGNALING_UP","ENSG00000261371"
"HALLMARK_KRAS_SIGNALING_UP","ENSG00000198300"
"HALLMARK_KRAS_SIGNALING_UP","ENSG00000162896"
"HALLMARK_KRAS_SIGNALING_UP","ENSG00000104368"
"HALLMARK_KRAS_SIGNALING_UP","ENSG00000122861"
"HALLMARK_KRAS_SIGNALING_UP","ENSG00000011422"
"HALLMARK_KRAS_SIGNALING_UP","ENSG00000100558"
"HALLMARK_KRAS_SIGNALING_UP","ENSG00000130300"
"HALLMARK_KRAS_SIGNALING_UP","ENSG00000163736"
"HALLMARK_KRAS_SIGNALING_UP","ENSG00000087074"
"HALLMARK_KRAS_SIGNALING_UP","ENSG00000057657"
"HALLMARK_KRAS_SIGNALING_UP","ENSG00000101166"
"HALLMARK_KRAS_SIGNALING_UP","ENSG00000138669"
"HALLMARK_KRAS_SIGNALING_UP","ENSG00000116132"
"HALLMARK_KRAS_SIGNALING_UP","ENSG00000204264"
"HALLMARK_KRAS_SIGNALING_UP","ENSG00000117569"
"HALLMARK_KRAS_SIGNALING_UP","ENSG00000049883"
"HALLMARK_KRAS_SIGNALING_UP","ENSG00000073756"
"HALLMARK_KRAS_SIGNALING_UP","ENSG00000153233"
"HALLMARK_KRAS_SIGNALING_UP","ENSG00000152061"
"HALLMARK_KRAS_SIGNALING_UP","ENSG00000173933"
"HALLMARK_KRAS_SIGNALING_UP","ENSG00000138207"
"HALLMARK_KRAS_SIGNALING_UP","ENSG00000189056"
"HALLMARK_KRAS_SIGNALING_UP","ENSG00000104918"
"HALLMARK_KRAS_SIGNALING_UP","ENSG00000143333"
"HALLMARK_KRAS_SIGNALING_UP","ENSG00000182568"
"HALLMARK_KRAS_SIGNALING_UP","ENSG00000104112"
"HALLMARK_KRAS_SIGNALING_UP","ENSG00000166922"
"HALLMARK_KRAS_SIGNALING_UP","ENSG00000105711"
"HALLMARK_KRAS_SIGNALING_UP","ENSG00000054282"
"HALLMARK_KRAS_SIGNALING_UP","ENSG00000012171"
"HALLMARK_KRAS_SIGNALING_UP","ENSG00000196136"
"HALLMARK_KRAS_SIGNALING_UP","ENSG00000124107"
"HALLMARK_KRAS_SIGNALING_UP","ENSG00000132639"
"HALLMARK_KRAS_SIGNALING_UP","ENSG00000065609"
"HALLMARK_KRAS_SIGNALING_UP","ENSG00000125398"
"HALLMARK_KRAS_SIGNALING_UP","ENSG00000152583"
"HALLMARK_KRAS_SIGNALING_UP","ENSG00000262655"
"HALLMARK_KRAS_SIGNALING_UP","ENSG00000118785"
"HALLMARK_KRAS_SIGNALING_UP","ENSG00000136158"
"HALLMARK_KRAS_SIGNALING_UP","ENSG00000073849"
"HALLMARK_KRAS_SIGNALING_UP","ENSG00000115808"
"HALLMARK_KRAS_SIGNALING_UP","ENSG00000003436"
"HALLMARK_KRAS_SIGNALING_UP","ENSG00000101916"
"HALLMARK_KRAS_SIGNALING_UP","ENSG00000166292"
"HALLMARK_KRAS_SIGNALING_UP","ENSG00000249992"
"HALLMARK_KRAS_SIGNALING_UP","ENSG00000002933"
"HALLMARK_KRAS_SIGNALING_UP","ENSG00000106565"
"HALLMARK_KRAS_SIGNALING_UP","ENSG00000118503"
"HALLMARK_KRAS_SIGNALING_UP","ENSG00000028137"
"HALLMARK_KRAS_SIGNALING_UP","ENSG00000118194"
"HALLMARK_KRAS_SIGNALING_UP","ENSG00000169905"
"HALLMARK_KRAS_SIGNALING_UP","ENSG00000129167"
"HALLMARK_KRAS_SIGNALING_UP","ENSG00000056558"
"HALLMARK_KRAS_SIGNALING_UP","ENSG00000173334"
"HALLMARK_KRAS_SIGNALING_UP","ENSG00000071575"
"HALLMARK_KRAS_SIGNALING_UP","ENSG00000117472"
"HALLMARK_KRAS_SIGNALING_UP","ENSG00000106537"
"HALLMARK_KRAS_SIGNALING_UP","ENSG00000156298"
"HALLMARK_KRAS_SIGNALING_UP","ENSG00000006611"
"HALLMARK_KRAS_SIGNALING_UP","ENSG00000152484"
"HALLMARK_KRAS_SIGNALING_UP","ENSG00000110002"
"HALLMARK_KRAS_SIGNALING_UP","ENSG00000136709"
"HALLMARK_KRAS_SIGNALING_UP","ENSG00000154764"
"HALLMARK_KRAS_SIGNALING_UP","ENSG00000196449"
"HALLMARK_KRAS_SIGNALING_UP","ENSG00000198839"
"HALLMARK_KRAS_SIGNALING_UP","ENSG00000121864"
"HALLMARK_MITOTIC_SPINDLE","ENSG00000136754"
"HALLMARK_MITOTIC_SPINDLE","ENSG00000097007"
"HALLMARK_MITOTIC_SPINDLE","ENSG00000159842"
"HALLMARK_MITOTIC_SPINDLE","ENSG00000130402"
"HALLMARK_MITOTIC_SPINDLE","ENSG00000170776"
"HALLMARK_MITOTIC_SPINDLE","ENSG00000116127"
"HALLMARK_MITOTIC_SPINDLE","ENSG00000003393"
"HALLMARK_MITOTIC_SPINDLE","ENSG00000011426"
"HALLMARK_MITOTIC_SPINDLE","ENSG00000134982"
"HALLMARK_MITOTIC_SPINDLE","ENSG00000120318"
"HALLMARK_MITOTIC_SPINDLE","ENSG00000165527"
"HALLMARK_MITOTIC_SPINDLE","ENSG00000066777"
"HALLMARK_MITOTIC_SPINDLE","ENSG00000132254"
"HALLMARK_MITOTIC_SPINDLE","ENSG00000071205"
"HALLMARK_MITOTIC_SPINDLE","ENSG00000159314"
"HALLMARK_MITOTIC_SPINDLE","ENSG00000137962"
"HALLMARK_MITOTIC_SPINDLE","ENSG00000089820"
"HALLMARK_MITOTIC_SPINDLE","ENSG00000100852"
"HALLMARK_MITOTIC_SPINDLE","ENSG00000141522"
"HALLMARK_MITOTIC_SPINDLE","ENSG00000132694"
"HALLMARK_MITOTIC_SPINDLE","ENSG00000196914"
"HALLMARK_MITOTIC_SPINDLE","ENSG00000116584"
"HALLMARK_MITOTIC_SPINDLE","ENSG00000163947"
"HALLMARK_MITOTIC_SPINDLE","ENSG00000102606"
"HALLMARK_MITOTIC_SPINDLE","ENSG00000143862"
"HALLMARK_MITOTIC_SPINDLE","ENSG00000168397"
"HALLMARK_MITOTIC_SPINDLE","ENSG00000087586"
"HALLMARK_MITOTIC_SPINDLE","ENSG00000050820"
"HALLMARK_MITOTIC_SPINDLE","ENSG00000153094"
"HALLMARK_MITOTIC_SPINDLE","ENSG00000186716"
"HALLMARK_MITOTIC_SPINDLE","ENSG00000136717"
"HALLMARK_MITOTIC_SPINDLE","ENSG00000089685"
"HALLMARK_MITOTIC_SPINDLE","ENSG00000139618"
"HALLMARK_MITOTIC_SPINDLE","ENSG00000169679"
"HALLMARK_MITOTIC_SPINDLE","ENSG00000077549"
"HALLMARK_MITOTIC_SPINDLE","ENSG00000115355"
"HALLMARK_MITOTIC_SPINDLE","ENSG00000157456"
"HALLMARK_MITOTIC_SPINDLE","ENSG00000198087"
"HALLMARK_MITOTIC_SPINDLE","ENSG00000004897"
"HALLMARK_MITOTIC_SPINDLE","ENSG00000070831"
"HALLMARK_MITOTIC_SPINDLE","ENSG00000143776"
"HALLMARK_MITOTIC_SPINDLE","ENSG00000128283"
"HALLMARK_MITOTIC_SPINDLE","ENSG00000149798"
"HALLMARK_MITOTIC_SPINDLE","ENSG00000179604"
"HALLMARK_MITOTIC_SPINDLE","ENSG00000170312"
"HALLMARK_MITOTIC_SPINDLE","ENSG00000136861"
"HALLMARK_MITOTIC_SPINDLE","ENSG00000138778"
"HALLMARK_MITOTIC_SPINDLE","ENSG00000117724"
"HALLMARK_MITOTIC_SPINDLE","ENSG00000141577"
"HALLMARK_MITOTIC_SPINDLE","ENSG00000101639"
"HALLMARK_MITOTIC_SPINDLE","ENSG00000126001"
"HALLMARK_MITOTIC_SPINDLE","ENSG00000166037"
"HALLMARK_MITOTIC_SPINDLE","ENSG00000112877"
"HALLMARK_MITOTIC_SPINDLE","ENSG00000175216"
"HALLMARK_MITOTIC_SPINDLE","ENSG00000074054"
"HALLMARK_MITOTIC_SPINDLE","ENSG00000130779"
"HALLMARK_MITOTIC_SPINDLE","ENSG00000106665"
"HALLMARK_MITOTIC_SPINDLE","ENSG00000119397"
"HALLMARK_MITOTIC_SPINDLE","ENSG00000170037"
"HALLMARK_MITOTIC_SPINDLE","ENSG00000151849"
"HALLMARK_MITOTIC_SPINDLE","ENSG00000141551"
"HALLMARK_MITOTIC_SPINDLE","ENSG00000085733"
"HALLMARK_MITOTIC_SPINDLE","ENSG00000105443"
"HALLMARK_MITOTIC_SPINDLE","ENSG00000075711"
"HALLMARK_MITOTIC_SPINDLE","ENSG00000126787"
"HALLMARK_MITOTIC_SPINDLE","ENSG00000134516"
"HALLMARK_MITOTIC_SPINDLE","ENSG00000128512"
"HALLMARK_MITOTIC_SPINDLE","ENSG00000151914"
"HALLMARK_MITOTIC_SPINDLE","ENSG00000197102"
"HALLMARK_MITOTIC_SPINDLE","ENSG00000264364"
"HALLMARK_MITOTIC_SPINDLE","ENSG00000114346"
"HALLMARK_MITOTIC_SPINDLE","ENSG00000159023"
"HALLMARK_MITOTIC_SPINDLE","ENSG00000079819"
"HALLMARK_MITOTIC_SPINDLE","ENSG00000135476"
"HALLMARK_MITOTIC_SPINDLE","ENSG00000092820"
"HALLMARK_MITOTIC_SPINDLE","ENSG00000152767"
"HALLMARK_MITOTIC_SPINDLE","ENSG00000112029"
"HALLMARK_MITOTIC_SPINDLE","ENSG00000139132"
"HALLMARK_MITOTIC_SPINDLE","ENSG00000180263"
"HALLMARK_MITOTIC_SPINDLE","ENSG00000196924"
"HALLMARK_MITOTIC_SPINDLE","ENSG00000136068"
"HALLMARK_MITOTIC_SPINDLE","ENSG00000075618"
"HALLMARK_MITOTIC_SPINDLE","ENSG00000179409"
"HALLMARK_MITOTIC_SPINDLE","ENSG00000148180"
"HALLMARK_MITOTIC_SPINDLE","ENSG00000094631"
"HALLMARK_MITOTIC_SPINDLE","ENSG00000168172"
"HALLMARK_MITOTIC_SPINDLE","ENSG00000149503"
"HALLMARK_MITOTIC_SPINDLE","ENSG00000205726"
"HALLMARK_MITOTIC_SPINDLE","ENSG00000186625"
"HALLMARK_MITOTIC_SPINDLE","ENSG00000140854"
"HALLMARK_MITOTIC_SPINDLE","ENSG00000138160"
"HALLMARK_MITOTIC_SPINDLE","ENSG00000163808"
"HALLMARK_MITOTIC_SPINDLE","ENSG00000054523"
"HALLMARK_MITOTIC_SPINDLE","ENSG00000138182"
"HALLMARK_MITOTIC_SPINDLE","ENSG00000079616"
"HALLMARK_MITOTIC_SPINDLE","ENSG00000137807"
"HALLMARK_MITOTIC_SPINDLE","ENSG00000142945"
"HALLMARK_MITOTIC_SPINDLE","ENSG00000101350"
"HALLMARK_MITOTIC_SPINDLE","ENSG00000084731"
"HALLMARK_MITOTIC_SPINDLE","ENSG00000090889"
"HALLMARK_MITOTIC_SPINDLE","ENSG00000170759"
"HALLMARK_MITOTIC_SPINDLE","ENSG00000075945"
"HALLMARK_MITOTIC_SPINDLE","ENSG00000126214"
"HALLMARK_MITOTIC_SPINDLE","ENSG00000184445"
"HALLMARK_MITOTIC_SPINDLE","ENSG00000118162"
"HALLMARK_MITOTIC_SPINDLE","ENSG00000131023"
"HALLMARK_MITOTIC_SPINDLE","ENSG00000131899"
"HALLMARK_MITOTIC_SPINDLE","ENSG00000113368"
"HALLMARK_MITOTIC_SPINDLE","ENSG00000138095"
"HALLMARK_MITOTIC_SPINDLE","ENSG00000130479"
"HALLMARK_MITOTIC_SPINDLE","ENSG00000173327"
"HALLMARK_MITOTIC_SPINDLE","ENSG00000101367"
"HALLMARK_MITOTIC_SPINDLE","ENSG00000277443"
"HALLMARK_MITOTIC_SPINDLE","ENSG00000007047"
"HALLMARK_MITOTIC_SPINDLE","ENSG00000101871"
"HALLMARK_MITOTIC_SPINDLE","ENSG00000165175"
"HALLMARK_MITOTIC_SPINDLE","ENSG00000133026"
"HALLMARK_MITOTIC_SPINDLE","ENSG00000100345"
"HALLMARK_MITOTIC_SPINDLE","ENSG00000157483"
"HALLMARK_MITOTIC_SPINDLE","ENSG00000099331"
"HALLMARK_MITOTIC_SPINDLE","ENSG00000158092"
"HALLMARK_MITOTIC_SPINDLE","ENSG00000071051"
"HALLMARK_MITOTIC_SPINDLE","ENSG00000080986"
"HALLMARK_MITOTIC_SPINDLE","ENSG00000111859"
"HALLMARK_MITOTIC_SPINDLE","ENSG00000117650"
"HALLMARK_MITOTIC_SPINDLE","ENSG00000173848"
"HALLMARK_MITOTIC_SPINDLE","ENSG00000196712"
"HALLMARK_MITOTIC_SPINDLE","ENSG00000100503"
"HALLMARK_MITOTIC_SPINDLE","ENSG00000134250"
"HALLMARK_MITOTIC_SPINDLE","ENSG00000137497"
"HALLMARK_MITOTIC_SPINDLE","ENSG00000137804"
"HALLMARK_MITOTIC_SPINDLE","ENSG00000079482"
"HALLMARK_MITOTIC_SPINDLE","ENSG00000007168"
"HALLMARK_MITOTIC_SPINDLE","ENSG00000129116"
"HALLMARK_MITOTIC_SPINDLE","ENSG00000180628"
"HALLMARK_MITOTIC_SPINDLE","ENSG00000078674"
"HALLMARK_MITOTIC_SPINDLE","ENSG00000160299"
"HALLMARK_MITOTIC_SPINDLE","ENSG00000163110"
"HALLMARK_MITOTIC_SPINDLE","ENSG00000140451"
"HALLMARK_MITOTIC_SPINDLE","ENSG00000118762"
"HALLMARK_MITOTIC_SPINDLE","ENSG00000090924"
"HALLMARK_MITOTIC_SPINDLE","ENSG00000166851"
"HALLMARK_MITOTIC_SPINDLE","ENSG00000163605"
"HALLMARK_MITOTIC_SPINDLE","ENSG00000198901"
"HALLMARK_MITOTIC_SPINDLE","ENSG00000124126"
"HALLMARK_MITOTIC_SPINDLE","ENSG00000089159"
"HALLMARK_MITOTIC_SPINDLE","ENSG00000115839"
"HALLMARK_MITOTIC_SPINDLE","ENSG00000011454"
"HALLMARK_MITOTIC_SPINDLE","ENSG00000161800"
"HALLMARK_MITOTIC_SPINDLE","ENSG00000017797"
"HALLMARK_MITOTIC_SPINDLE","ENSG00000010017"
"HALLMARK_MITOTIC_SPINDLE","ENSG00000136237"
"HALLMARK_MITOTIC_SPINDLE","ENSG00000158987"
"HALLMARK_MITOTIC_SPINDLE","ENSG00000145715"
"HALLMARK_MITOTIC_SPINDLE","ENSG00000155903"
"HALLMARK_MITOTIC_SPINDLE","ENSG00000075391"
"HALLMARK_MITOTIC_SPINDLE","ENSG00000035928"
"HALLMARK_MITOTIC_SPINDLE","ENSG00000139725"
"HALLMARK_MITOTIC_SPINDLE","ENSG00000140983"
"HALLMARK_MITOTIC_SPINDLE","ENSG00000164327"
"HALLMARK_MITOTIC_SPINDLE","ENSG00000067900"
"HALLMARK_MITOTIC_SPINDLE","ENSG00000168061"
"HALLMARK_MITOTIC_SPINDLE","ENSG00000156876"
"HALLMARK_MITOTIC_SPINDLE","ENSG00000184640"
"HALLMARK_MITOTIC_SPINDLE","ENSG00000164403"
"HALLMARK_MITOTIC_SPINDLE","ENSG00000146950"
"HALLMARK_MITOTIC_SPINDLE","ENSG00000072501"
"HALLMARK_MITOTIC_SPINDLE","ENSG00000108055"
"HALLMARK_MITOTIC_SPINDLE","ENSG00000113810"
"HALLMARK_MITOTIC_SPINDLE","ENSG00000154556"
"HALLMARK_MITOTIC_SPINDLE","ENSG00000115904"
"HALLMARK_MITOTIC_SPINDLE","ENSG00000197694"
"HALLMARK_MITOTIC_SPINDLE","ENSG00000115306"
"HALLMARK_MITOTIC_SPINDLE","ENSG00000141298"
"HALLMARK_MITOTIC_SPINDLE","ENSG00000124214"
"HALLMARK_MITOTIC_SPINDLE","ENSG00000211455"
"HALLMARK_MITOTIC_SPINDLE","ENSG00000100242"
"HALLMARK_MITOTIC_SPINDLE","ENSG00000171992"
"HALLMARK_MITOTIC_SPINDLE","ENSG00000149930"
"HALLMARK_MITOTIC_SPINDLE","ENSG00000141556"
"HALLMARK_MITOTIC_SPINDLE","ENSG00000156299"
"HALLMARK_MITOTIC_SPINDLE","ENSG00000198586"
"HALLMARK_MITOTIC_SPINDLE","ENSG00000131747"
"HALLMARK_MITOTIC_SPINDLE","ENSG00000088325"
"HALLMARK_MITOTIC_SPINDLE","ENSG00000038382"
"HALLMARK_MITOTIC_SPINDLE","ENSG00000165699"
"HALLMARK_MITOTIC_SPINDLE","ENSG00000112742"
"HALLMARK_MITOTIC_SPINDLE","ENSG00000127824"
"HALLMARK_MITOTIC_SPINDLE","ENSG00000108423"
"HALLMARK_MITOTIC_SPINDLE","ENSG00000130640"
"HALLMARK_MITOTIC_SPINDLE","ENSG00000126216"
"HALLMARK_MITOTIC_SPINDLE","ENSG00000275835"
"HALLMARK_MITOTIC_SPINDLE","ENSG00000128159"
"HALLMARK_MITOTIC_SPINDLE","ENSG00000126756"
"HALLMARK_MITOTIC_SPINDLE","ENSG00000035403"
"HALLMARK_MITOTIC_SPINDLE","ENSG00000112290"
"HALLMARK_MITOTIC_SPINDLE","ENSG00000158195"
"HALLMARK_MITOTIC_SPINDLE","ENSG00000106299"
"HALLMARK_MITOTIC_SPINDLE","ENSG00000108953"
"HALLMARK_MTORC1_SIGNALING","ENSG00000033050"
"HALLMARK_MTORC1_SIGNALING","ENSG00000278540"
"HALLMARK_MTORC1_SIGNALING","ENSG00000131473"
"HALLMARK_MTORC1_SIGNALING","ENSG00000123983"
"HALLMARK_MTORC1_SIGNALING","ENSG00000138071"
"HALLMARK_MTORC1_SIGNALING","ENSG00000115091"
"HALLMARK_MTORC1_SIGNALING","ENSG00000148700"
"HALLMARK_MTORC1_SIGNALING","ENSG00000006831"
"HALLMARK_MTORC1_SIGNALING","ENSG00000162433"
"HALLMARK_MTORC1_SIGNALING","ENSG00000149925"
"HALLMARK_MTORC1_SIGNALING","ENSG00000136950"
"HALLMARK_MTORC1_SIGNALING","ENSG00000070669"
"HALLMARK_MTORC1_SIGNALING","ENSG00000174437"
"HALLMARK_MTORC1_SIGNALING","ENSG00000159199"
"HALLMARK_MTORC1_SIGNALING","ENSG00000100554"
"HALLMARK_MTORC1_SIGNALING","ENSG00000087586"
"HALLMARK_MTORC1_SIGNALING","ENSG00000060982"
"HALLMARK_MTORC1_SIGNALING","ENSG00000134107"
"HALLMARK_MTORC1_SIGNALING","ENSG00000159388"
"HALLMARK_MTORC1_SIGNALING","ENSG00000169679"
"HALLMARK_MTORC1_SIGNALING","ENSG00000116161"
"HALLMARK_MTORC1_SIGNALING","ENSG00000179218"
"HALLMARK_MTORC1_SIGNALING","ENSG00000127022"
"HALLMARK_MTORC1_SIGNALING","ENSG00000162063"
"HALLMARK_MTORC1_SIGNALING","ENSG00000113328"
"HALLMARK_MTORC1_SIGNALING","ENSG00000146731"
"HALLMARK_MTORC1_SIGNALING","ENSG00000010278"
"HALLMARK_MTORC1_SIGNALING","ENSG00000164045"
"HALLMARK_MTORC1_SIGNALING","ENSG00000124762"
"HALLMARK_MTORC1_SIGNALING","ENSG00000126759"
"HALLMARK_MTORC1_SIGNALING","ENSG00000121022"
"HALLMARK_MTORC1_SIGNALING","ENSG00000102879"
"HALLMARK_MTORC1_SIGNALING","ENSG00000116761"
"HALLMARK_MTORC1_SIGNALING","ENSG00000109861"
"HALLMARK_MTORC1_SIGNALING","ENSG00000121966"
"HALLMARK_MTORC1_SIGNALING","ENSG00000103018"
"HALLMARK_MTORC1_SIGNALING","ENSG00000001630"
"HALLMARK_MTORC1_SIGNALING","ENSG00000070190"
"HALLMARK_MTORC1_SIGNALING","ENSG00000175197"
"HALLMARK_MTORC1_SIGNALING","ENSG00000168209"
"HALLMARK_MTORC1_SIGNALING","ENSG00000123136"
"HALLMARK_MTORC1_SIGNALING","ENSG00000116133"
"HALLMARK_MTORC1_SIGNALING","ENSG00000172893"
"HALLMARK_MTORC1_SIGNALING","ENSG00000228716"
"HALLMARK_MTORC1_SIGNALING","ENSG00000147155"
"HALLMARK_MTORC1_SIGNALING","ENSG00000134109"
"HALLMARK_MTORC1_SIGNALING","ENSG00000124802"
"HALLMARK_MTORC1_SIGNALING","ENSG00000129521"
"HALLMARK_MTORC1_SIGNALING","ENSG00000125977"
"HALLMARK_MTORC1_SIGNALING","ENSG00000012660"
"HALLMARK_MTORC1_SIGNALING","ENSG00000170522"
"HALLMARK_MTORC1_SIGNALING","ENSG00000074800"
"HALLMARK_MTORC1_SIGNALING","ENSG00000136628"
"HALLMARK_MTORC1_SIGNALING","ENSG00000197930"
"HALLMARK_MTORC1_SIGNALING","ENSG00000120705"
"HALLMARK_MTORC1_SIGNALING","ENSG00000149485"
"HALLMARK_MTORC1_SIGNALING","ENSG00000134824"
"HALLMARK_MTORC1_SIGNALING","ENSG00000161513"
"HALLMARK_MTORC1_SIGNALING","ENSG00000127951"
"HALLMARK_MTORC1_SIGNALING","ENSG00000173486"
"HALLMARK_MTORC1_SIGNALING","ENSG00000160211"
"HALLMARK_MTORC1_SIGNALING","ENSG00000111640"
"HALLMARK_MTORC1_SIGNALING","ENSG00000114480"
"HALLMARK_MTORC1_SIGNALING","ENSG00000001084"
"HALLMARK_MTORC1_SIGNALING","ENSG00000103365"
"HALLMARK_MTORC1_SIGNALING","ENSG00000102393"
"HALLMARK_MTORC1_SIGNALING","ENSG00000173221"
"HALLMARK_MTORC1_SIGNALING","ENSG00000163655"
"HALLMARK_MTORC1_SIGNALING","ENSG00000120053"
"HALLMARK_MTORC1_SIGNALING","ENSG00000105220"
"HALLMARK_MTORC1_SIGNALING","ENSG00000082701"
"HALLMARK_MTORC1_SIGNALING","ENSG00000104687"
"HALLMARK_MTORC1_SIGNALING","ENSG00000110768"
"HALLMARK_MTORC1_SIGNALING","ENSG00000159399"
"HALLMARK_MTORC1_SIGNALING","ENSG00000256269"
"HALLMARK_MTORC1_SIGNALING","ENSG00000113161"
"HALLMARK_MTORC1_SIGNALING","ENSG00000112972"
"HALLMARK_MTORC1_SIGNALING","ENSG00000165704"
"HALLMARK_MTORC1_SIGNALING","ENSG00000166598"
"HALLMARK_MTORC1_SIGNALING","ENSG00000170606"
"HALLMARK_MTORC1_SIGNALING","ENSG00000044574"
"HALLMARK_MTORC1_SIGNALING","ENSG00000113013"
"HALLMARK_MTORC1_SIGNALING","ENSG00000144381"
"HALLMARK_MTORC1_SIGNALING","ENSG00000115541"
"HALLMARK_MTORC1_SIGNALING","ENSG00000138413"
"HALLMARK_MTORC1_SIGNALING","ENSG00000067064"
"HALLMARK_MTORC1_SIGNALING","ENSG00000216490"
"HALLMARK_MTORC1_SIGNALING","ENSG00000006652"
"HALLMARK_MTORC1_SIGNALING","ENSG00000115461"
"HALLMARK_MTORC1_SIGNALING","ENSG00000132305"
"HALLMARK_MTORC1_SIGNALING","ENSG00000186480"
"HALLMARK_MTORC1_SIGNALING","ENSG00000160255"
"HALLMARK_MTORC1_SIGNALING","ENSG00000134333"
"HALLMARK_MTORC1_SIGNALING","ENSG00000130164"
"HALLMARK_MTORC1_SIGNALING","ENSG00000100600"
"HALLMARK_MTORC1_SIGNALING","ENSG00000111144"
"HALLMARK_MTORC1_SIGNALING","ENSG00000003056"
"HALLMARK_MTORC1_SIGNALING","ENSG00000034152"
"HALLMARK_MTORC1_SIGNALING","ENSG00000073111"
"HALLMARK_MTORC1_SIGNALING","ENSG00000104738"
"HALLMARK_MTORC1_SIGNALING","ENSG00000065833"
"HALLMARK_MTORC1_SIGNALING","ENSG00000213190"
"HALLMARK_MTORC1_SIGNALING","ENSG00000065911"
"HALLMARK_MTORC1_SIGNALING","ENSG00000163738"
"HALLMARK_MTORC1_SIGNALING","ENSG00000105835"
"HALLMARK_MTORC1_SIGNALING","ENSG00000165030"
"HALLMARK_MTORC1_SIGNALING","ENSG00000104825"
"HALLMARK_MTORC1_SIGNALING","ENSG00000066136"
"HALLMARK_MTORC1_SIGNALING","ENSG00000109062"
"HALLMARK_MTORC1_SIGNALING","ENSG00000135842"
"HALLMARK_MTORC1_SIGNALING","ENSG00000136448"
"HALLMARK_MTORC1_SIGNALING","ENSG00000083635"
"HALLMARK_MTORC1_SIGNALING","ENSG00000155561"
"HALLMARK_MTORC1_SIGNALING","ENSG00000176046"
"HALLMARK_MTORC1_SIGNALING","ENSG00000122884"
"HALLMARK_MTORC1_SIGNALING","ENSG00000106244"
"HALLMARK_MTORC1_SIGNALING","ENSG00000152256"
"HALLMARK_MTORC1_SIGNALING","ENSG00000141959"
"HALLMARK_MTORC1_SIGNALING","ENSG00000102144"
"HALLMARK_MTORC1_SIGNALING","ENSG00000079739"
"HALLMARK_MTORC1_SIGNALING","ENSG00000092621"
"HALLMARK_MTORC1_SIGNALING","ENSG00000117461"
"HALLMARK_MTORC1_SIGNALING","ENSG00000180957"
"HALLMARK_MTORC1_SIGNALING","ENSG00000166851"
"HALLMARK_MTORC1_SIGNALING","ENSG00000152952"
"HALLMARK_MTORC1_SIGNALING","ENSG00000115946"
"HALLMARK_MTORC1_SIGNALING","ENSG00000198805"
"HALLMARK_MTORC1_SIGNALING","ENSG00000113356"
"HALLMARK_MTORC1_SIGNALING","ENSG00000180817"
"HALLMARK_MTORC1_SIGNALING","ENSG00000196262"
"HALLMARK_MTORC1_SIGNALING","ENSG00000087074"
"HALLMARK_MTORC1_SIGNALING","ENSG00000117450"
"HALLMARK_MTORC1_SIGNALING","ENSG00000135069"
"HALLMARK_MTORC1_SIGNALING","ENSG00000100567"
"HALLMARK_MTORC1_SIGNALING","ENSG00000041357"
"HALLMARK_MTORC1_SIGNALING","ENSG00000100804"
"HALLMARK_MTORC1_SIGNALING","ENSG00000161057"
"HALLMARK_MTORC1_SIGNALING","ENSG00000013275"
"HALLMARK_MTORC1_SIGNALING","ENSG00000100519"
"HALLMARK_MTORC1_SIGNALING","ENSG00000197170"
"HALLMARK_MTORC1_SIGNALING","ENSG00000185627"
"HALLMARK_MTORC1_SIGNALING","ENSG00000115233"
"HALLMARK_MTORC1_SIGNALING","ENSG00000131467"
"HALLMARK_MTORC1_SIGNALING","ENSG00000183527"
"HALLMARK_MTORC1_SIGNALING","ENSG00000146733"
"HALLMARK_MTORC1_SIGNALING","ENSG00000151552"
"HALLMARK_MTORC1_SIGNALING","ENSG00000138069"
"HALLMARK_MTORC1_SIGNALING","ENSG00000072042"
"HALLMARK_MTORC1_SIGNALING","ENSG00000143622"
"HALLMARK_MTORC1_SIGNALING","ENSG00000132383"
"HALLMARK_MTORC1_SIGNALING","ENSG00000163902"
"HALLMARK_MTORC1_SIGNALING","ENSG00000171848"
"HALLMARK_MTORC1_SIGNALING","ENSG00000114767"
"HALLMARK_MTORC1_SIGNALING","ENSG00000109929"
"HALLMARK_MTORC1_SIGNALING","ENSG00000099194"
"HALLMARK_MTORC1_SIGNALING","ENSG00000128228"
"HALLMARK_MTORC1_SIGNALING","ENSG00000140612"
"HALLMARK_MTORC1_SIGNALING","ENSG00000120742"
"HALLMARK_MTORC1_SIGNALING","ENSG00000149257"
"HALLMARK_MTORC1_SIGNALING","ENSG00000182199"
"HALLMARK_MTORC1_SIGNALING","ENSG00000005020"
"HALLMARK_MTORC1_SIGNALING","ENSG00000155926"
"HALLMARK_MTORC1_SIGNALING","ENSG00000115902"
"HALLMARK_MTORC1_SIGNALING","ENSG00000105281"
"HALLMARK_MTORC1_SIGNALING","ENSG00000117394"
"HALLMARK_MTORC1_SIGNALING","ENSG00000059804"
"HALLMARK_MTORC1_SIGNALING","ENSG00000137700"
"HALLMARK_MTORC1_SIGNALING","ENSG00000131389"
"HALLMARK_MTORC1_SIGNALING","ENSG00000151012"
"HALLMARK_MTORC1_SIGNALING","ENSG00000103257"
"HALLMARK_MTORC1_SIGNALING","ENSG00000140263"
"HALLMARK_MTORC1_SIGNALING","ENSG00000104549"
"HALLMARK_MTORC1_SIGNALING","ENSG00000161011"
"HALLMARK_MTORC1_SIGNALING","ENSG00000145545"
"HALLMARK_MTORC1_SIGNALING","ENSG00000124783"
"HALLMARK_MTORC1_SIGNALING","ENSG00000164211"
"HALLMARK_MTORC1_SIGNALING","ENSG00000159167"
"HALLMARK_MTORC1_SIGNALING","ENSG00000168439"
"HALLMARK_MTORC1_SIGNALING","ENSG00000137501"
"HALLMARK_MTORC1_SIGNALING","ENSG00000183735"
"HALLMARK_MTORC1_SIGNALING","ENSG00000187735"
"HALLMARK_MTORC1_SIGNALING","ENSG00000135269"
"HALLMARK_MTORC1_SIGNALING","ENSG00000072274"
"HALLMARK_MTORC1_SIGNALING","ENSG00000149809"
"HALLMARK_MTORC1_SIGNALING","ENSG00000109084"
"HALLMARK_MTORC1_SIGNALING","ENSG00000130204"
"HALLMARK_MTORC1_SIGNALING","ENSG00000111669"
"HALLMARK_MTORC1_SIGNALING","ENSG00000101255"
"HALLMARK_MTORC1_SIGNALING","ENSG00000127824"
"HALLMARK_MTORC1_SIGNALING","ENSG00000131462"
"HALLMARK_MTORC1_SIGNALING","ENSG00000198431"
"HALLMARK_MTORC1_SIGNALING","ENSG00000109332"
"HALLMARK_MTORC1_SIGNALING","ENSG00000116750"
"HALLMARK_MTORC1_SIGNALING","ENSG00000120686"
"HALLMARK_MTORC1_SIGNALING","ENSG00000076248"
"HALLMARK_MTORC1_SIGNALING","ENSG00000138768"
"HALLMARK_MTORC1_SIGNALING","ENSG00000147852"
"HALLMARK_MTORC1_SIGNALING","ENSG00000140105"
"HALLMARK_MTORC1_SIGNALING","ENSG00000100219"
"HALLMARK_MTORC1_SIGNALING","ENSG00000106636"
"HALLMARK_MYC_TARGETS_V1","ENSG00000164163"
"HALLMARK_MYC_TARGETS_V1","ENSG00000143727"
"HALLMARK_MYC_TARGETS_V1","ENSG00000106305"
"HALLMARK_MYC_TARGETS_V1","ENSG00000177879"
"HALLMARK_MYC_TARGETS_V1","ENSG00000100823"
"HALLMARK_MYC_TARGETS_V1","ENSG00000154473"
"HALLMARK_MYC_TARGETS_V1","ENSG00000108561"
"HALLMARK_MYC_TARGETS_V1","ENSG00000084774"
"HALLMARK_MYC_TARGETS_V1","ENSG00000127022"
"HALLMARK_MYC_TARGETS_V1","ENSG00000122565"
"HALLMARK_MYC_TARGETS_V1","ENSG00000145386"
"HALLMARK_MYC_TARGETS_V1","ENSG00000166226"
"HALLMARK_MYC_TARGETS_V1","ENSG00000163468"
"HALLMARK_MYC_TARGETS_V1","ENSG00000115484"
"HALLMARK_MYC_TARGETS_V1","ENSG00000150753"
"HALLMARK_MYC_TARGETS_V1","ENSG00000135624"
"HALLMARK_MYC_TARGETS_V1","ENSG00000117399"
"HALLMARK_MYC_TARGETS_V1","ENSG00000093009"
"HALLMARK_MYC_TARGETS_V1","ENSG00000123374"
"HALLMARK_MYC_TARGETS_V1","ENSG00000135446"
"HALLMARK_MYC_TARGETS_V1","ENSG00000074201"
"HALLMARK_MYC_TARGETS_V1","ENSG00000169714"
"HALLMARK_MYC_TARGETS_V1","ENSG00000121022"
"HALLMARK_MYC_TARGETS_V1","ENSG00000178741"
"HALLMARK_MYC_TARGETS_V1","ENSG00000101811"
"HALLMARK_MYC_TARGETS_V1","ENSG00000171793"
"HALLMARK_MYC_TARGETS_V1","ENSG00000055130"
"HALLMARK_MYC_TARGETS_V1","ENSG00000179091"
"HALLMARK_MYC_TARGETS_V1","ENSG00000088205"
"HALLMARK_MYC_TARGETS_V1","ENSG00000165732"
"HALLMARK_MYC_TARGETS_V1","ENSG00000124795"
"HALLMARK_MYC_TARGETS_V1","ENSG00000109606"
"HALLMARK_MYC_TARGETS_V1","ENSG00000128951"
"HALLMARK_MYC_TARGETS_V1","ENSG00000114942"
"HALLMARK_MYC_TARGETS_V1","ENSG00000173674"
"HALLMARK_MYC_TARGETS_V1","ENSG00000134001"
"HALLMARK_MYC_TARGETS_V1","ENSG00000125977"
"HALLMARK_MYC_TARGETS_V1","ENSG00000106263"
"HALLMARK_MYC_TARGETS_V1","ENSG00000100353"
"HALLMARK_MYC_TARGETS_V1","ENSG00000104131"
"HALLMARK_MYC_TARGETS_V1","ENSG00000161960"
"HALLMARK_MYC_TARGETS_V1","ENSG00000151247"
"HALLMARK_MYC_TARGETS_V1","ENSG00000110321"
"HALLMARK_MYC_TARGETS_V1","ENSG00000106682"
"HALLMARK_MYC_TARGETS_V1","ENSG00000136628"
"HALLMARK_MYC_TARGETS_V1","ENSG00000100632"
"HALLMARK_MYC_TARGETS_V1","ENSG00000120705"
"HALLMARK_MYC_TARGETS_V1","ENSG00000075914"
"HALLMARK_MYC_TARGETS_V1","ENSG00000048828"
"HALLMARK_MYC_TARGETS_V1","ENSG00000105202"
"HALLMARK_MYC_TARGETS_V1","ENSG00000145907"
"HALLMARK_MYC_TARGETS_V1","ENSG00000124767"
"HALLMARK_MYC_TARGETS_V1","ENSG00000163938"
"HALLMARK_MYC_TARGETS_V1","ENSG00000125166"
"HALLMARK_MYC_TARGETS_V1","ENSG00000103342"
"HALLMARK_MYC_TARGETS_V1","ENSG00000164032"
"HALLMARK_MYC_TARGETS_V1","ENSG00000196591"
"HALLMARK_MYC_TARGETS_V1","ENSG00000111906"
"HALLMARK_MYC_TARGETS_V1","ENSG00000143321"
"HALLMARK_MYC_TARGETS_V1","ENSG00000135486"
"HALLMARK_MYC_TARGETS_V1","ENSG00000122566"
"HALLMARK_MYC_TARGETS_V1","ENSG00000170144"
"HALLMARK_MYC_TARGETS_V1","ENSG00000092199"
"HALLMARK_MYC_TARGETS_V1","ENSG00000138668"
"HALLMARK_MYC_TARGETS_V1","ENSG00000125944"
"HALLMARK_MYC_TARGETS_V1","ENSG00000153187"
"HALLMARK_MYC_TARGETS_V1","ENSG00000165704"
"HALLMARK_MYC_TARGETS_V1","ENSG00000096384"
"HALLMARK_MYC_TARGETS_V1","ENSG00000144381"
"HALLMARK_MYC_TARGETS_V1","ENSG00000115541"
"HALLMARK_MYC_TARGETS_V1","ENSG00000196305"
"HALLMARK_MYC_TARGETS_V1","ENSG00000006652"
"HALLMARK_MYC_TARGETS_V1","ENSG00000143621"
"HALLMARK_MYC_TARGETS_V1","ENSG00000178035"
"HALLMARK_MYC_TARGETS_V1","ENSG00000065427"
"HALLMARK_MYC_TARGETS_V1","ENSG00000182481"
"HALLMARK_MYC_TARGETS_V1","ENSG00000108424"
"HALLMARK_MYC_TARGETS_V1","ENSG00000134333"
"HALLMARK_MYC_TARGETS_V1","ENSG00000204392"
"HALLMARK_MYC_TARGETS_V1","ENSG00000130332"
"HALLMARK_MYC_TARGETS_V1","ENSG00000164109"
"HALLMARK_MYC_TARGETS_V1","ENSG00000073111"
"HALLMARK_MYC_TARGETS_V1","ENSG00000104738"
"HALLMARK_MYC_TARGETS_V1","ENSG00000100297"
"HALLMARK_MYC_TARGETS_V1","ENSG00000076003"
"HALLMARK_MYC_TARGETS_V1","ENSG00000166508"
"HALLMARK_MYC_TARGETS_V1","ENSG00000214026"
"HALLMARK_MYC_TARGETS_V1","ENSG00000143436"
"HALLMARK_MYC_TARGETS_V1","ENSG00000204568"
"HALLMARK_MYC_TARGETS_V1","ENSG00000136997"
"HALLMARK_MYC_TARGETS_V1","ENSG00000187109"
"HALLMARK_MYC_TARGETS_V1","ENSG00000136937"
"HALLMARK_MYC_TARGETS_V1","ENSG00000114503"
"HALLMARK_MYC_TARGETS_V1","ENSG00000004779"
"HALLMARK_MYC_TARGETS_V1","ENSG00000145912"
"HALLMARK_MYC_TARGETS_V1","ENSG00000239672"
"HALLMARK_MYC_TARGETS_V1","ENSG00000166197"
"HALLMARK_MYC_TARGETS_V1","ENSG00000048162"
"HALLMARK_MYC_TARGETS_V1","ENSG00000101361"
"HALLMARK_MYC_TARGETS_V1","ENSG00000181163"
"HALLMARK_MYC_TARGETS_V1","ENSG00000115758"
"HALLMARK_MYC_TARGETS_V1","ENSG00000115942"
"HALLMARK_MYC_TARGETS_V1","ENSG00000170515"
"HALLMARK_MYC_TARGETS_V1","ENSG00000070756"
"HALLMARK_MYC_TARGETS_V1","ENSG00000090621"
"HALLMARK_MYC_TARGETS_V1","ENSG00000169564"
"HALLMARK_MYC_TARGETS_V1","ENSG00000132646"
"HALLMARK_MYC_TARGETS_V1","ENSG00000102144"
"HALLMARK_MYC_TARGETS_V1","ENSG00000167085"
"HALLMARK_MYC_TARGETS_V1","ENSG00000215021"
"HALLMARK_MYC_TARGETS_V1","ENSG00000106628"
"HALLMARK_MYC_TARGETS_V1","ENSG00000148229"
"HALLMARK_MYC_TARGETS_V1","ENSG00000196262"
"HALLMARK_MYC_TARGETS_V1","ENSG00000115241"
"HALLMARK_MYC_TARGETS_V1","ENSG00000165672"
"HALLMARK_MYC_TARGETS_V1","ENSG00000123131"
"HALLMARK_MYC_TARGETS_V1","ENSG00000105618"
"HALLMARK_MYC_TARGETS_V1","ENSG00000101911"
"HALLMARK_MYC_TARGETS_V1","ENSG00000129084"
"HALLMARK_MYC_TARGETS_V1","ENSG00000106588"
"HALLMARK_MYC_TARGETS_V1","ENSG00000041357"
"HALLMARK_MYC_TARGETS_V1","ENSG00000100902"
"HALLMARK_MYC_TARGETS_V1","ENSG00000101182"
"HALLMARK_MYC_TARGETS_V1","ENSG00000126067"
"HALLMARK_MYC_TARGETS_V1","ENSG00000277791"
"HALLMARK_MYC_TARGETS_V1","ENSG00000013275"
"HALLMARK_MYC_TARGETS_V1","ENSG00000100519"
"HALLMARK_MYC_TARGETS_V1","ENSG00000173692"
"HALLMARK_MYC_TARGETS_V1","ENSG00000115233"
"HALLMARK_MYC_TARGETS_V1","ENSG00000108344"
"HALLMARK_MYC_TARGETS_V1","ENSG00000103035"
"HALLMARK_MYC_TARGETS_V1","ENSG00000099341"
"HALLMARK_MYC_TARGETS_V1","ENSG00000110958"
"HALLMARK_MYC_TARGETS_V1","ENSG00000136045"
"HALLMARK_MYC_TARGETS_V1","ENSG00000204628"
"HALLMARK_MYC_TARGETS_V1","ENSG00000119318"
"HALLMARK_MYC_TARGETS_V1","ENSG00000132341"
"HALLMARK_MYC_TARGETS_V1","ENSG00000099901"
"HALLMARK_MYC_TARGETS_V1","ENSG00000163918"
"HALLMARK_MYC_TARGETS_V1","ENSG00000205937"
"HALLMARK_MYC_TARGETS_V1","ENSG00000188846"
"HALLMARK_MYC_TARGETS_V1","ENSG00000063177"
"HALLMARK_MYC_TARGETS_V1","ENSG00000116251"
"HALLMARK_MYC_TARGETS_V1","ENSG00000109475"
"HALLMARK_MYC_TARGETS_V1","ENSG00000089009"
"HALLMARK_MYC_TARGETS_V1","ENSG00000089157"
"HALLMARK_MYC_TARGETS_V1","ENSG00000124614"
"HALLMARK_MYC_TARGETS_V1","ENSG00000140988"
"HALLMARK_MYC_TARGETS_V1","ENSG00000149273"
"HALLMARK_MYC_TARGETS_V1","ENSG00000083845"
"HALLMARK_MYC_TARGETS_V1","ENSG00000137154"
"HALLMARK_MYC_TARGETS_V1","ENSG00000167325"
"HALLMARK_MYC_TARGETS_V1","ENSG00000114767"
"HALLMARK_MYC_TARGETS_V1","ENSG00000171490"
"HALLMARK_MYC_TARGETS_V1","ENSG00000183207"
"HALLMARK_MYC_TARGETS_V1","ENSG00000142864"
"HALLMARK_MYC_TARGETS_V1","ENSG00000119335"
"HALLMARK_MYC_TARGETS_V1","ENSG00000099995"
"HALLMARK_MYC_TARGETS_V1","ENSG00000189091"
"HALLMARK_MYC_TARGETS_V1","ENSG00000075415"
"HALLMARK_MYC_TARGETS_V1","ENSG00000173473"
"HALLMARK_MYC_TARGETS_V1","ENSG00000077312"
"HALLMARK_MYC_TARGETS_V1","ENSG00000131876"
"HALLMARK_MYC_TARGETS_V1","ENSG00000125870"
"HALLMARK_MYC_TARGETS_V1","ENSG00000167088"
"HALLMARK_MYC_TARGETS_V1","ENSG00000125743"
"HALLMARK_MYC_TARGETS_V1","ENSG00000100028"
"HALLMARK_MYC_TARGETS_V1","ENSG00000143977"
"HALLMARK_MYC_TARGETS_V1","ENSG00000116649"
"HALLMARK_MYC_TARGETS_V1","ENSG00000096063"
"HALLMARK_MYC_TARGETS_V1","ENSG00000136450"
"HALLMARK_MYC_TARGETS_V1","ENSG00000161547"
"HALLMARK_MYC_TARGETS_V1","ENSG00000112081"
"HALLMARK_MYC_TARGETS_V1","ENSG00000115875"
"HALLMARK_MYC_TARGETS_V1","ENSG00000138385"
"HALLMARK_MYC_TARGETS_V1","ENSG00000106028"
"HALLMARK_MYC_TARGETS_V1","ENSG00000084090"
"HALLMARK_MYC_TARGETS_V1","ENSG00000135316"
"HALLMARK_MYC_TARGETS_V1","ENSG00000120948"
"HALLMARK_MYC_TARGETS_V1","ENSG00000120438"
"HALLMARK_MYC_TARGETS_V1","ENSG00000198176"
"HALLMARK_MYC_TARGETS_V1","ENSG00000154174"
"HALLMARK_MYC_TARGETS_V1","ENSG00000136527"
"HALLMARK_MYC_TARGETS_V1","ENSG00000130726"
"HALLMARK_MYC_TARGETS_V1","ENSG00000178952"
"HALLMARK_MYC_TARGETS_V1","ENSG00000141759"
"HALLMARK_MYC_TARGETS_V1","ENSG00000176890"
"HALLMARK_MYC_TARGETS_V1","ENSG00000160201"
"HALLMARK_MYC_TARGETS_V1","ENSG00000126261"
"HALLMARK_MYC_TARGETS_V1","ENSG00000170142"
"HALLMARK_MYC_TARGETS_V1","ENSG00000185651"
"HALLMARK_MYC_TARGETS_V1","ENSG00000162607"
"HALLMARK_MYC_TARGETS_V1","ENSG00000155959"
"HALLMARK_MYC_TARGETS_V1","ENSG00000213585"
"HALLMARK_MYC_TARGETS_V1","ENSG00000078668"
"HALLMARK_MYC_TARGETS_V1","ENSG00000082898"
"HALLMARK_MYC_TARGETS_V1","ENSG00000184575"
"HALLMARK_MYC_TARGETS_V1","ENSG00000196419"
"HALLMARK_MYC_TARGETS_V1","ENSG00000108953"
"HALLMARK_MYC_TARGETS_V1","ENSG00000134308"
"HALLMARK_MYC_TARGETS_V2","ENSG00000106305"
"HALLMARK_MYC_TARGETS_V2","ENSG00000112578"
"HALLMARK_MYC_TARGETS_V2","ENSG00000122565"
"HALLMARK_MYC_TARGETS_V2","ENSG00000135446"
"HALLMARK_MYC_TARGETS_V2","ENSG00000179958"
"HALLMARK_MYC_TARGETS_V2","ENSG00000088205"
"HALLMARK_MYC_TARGETS_V2","ENSG00000158050"
"HALLMARK_MYC_TARGETS_V2","ENSG00000077348"
"HALLMARK_MYC_TARGETS_V2","ENSG00000179115"
"HALLMARK_MYC_TARGETS_V2","ENSG00000163938"
"HALLMARK_MYC_TARGETS_V2","ENSG00000105447"
"HALLMARK_MYC_TARGETS_V2","ENSG00000159399"
"HALLMARK_MYC_TARGETS_V2","ENSG00000144381"
"HALLMARK_MYC_TARGETS_V2","ENSG00000115541"
"HALLMARK_MYC_TARGETS_V2","ENSG00000136718"
"HALLMARK_MYC_TARGETS_V2","ENSG00000196497"
"HALLMARK_MYC_TARGETS_V2","ENSG00000001497"
"HALLMARK_MYC_TARGETS_V2","ENSG00000142733"
"HALLMARK_MYC_TARGETS_V2","ENSG00000104738"
"HALLMARK_MYC_TARGETS_V2","ENSG00000100297"
"HALLMARK_MYC_TARGETS_V2","ENSG00000124383"
"HALLMARK_MYC_TARGETS_V2","ENSG00000053372"
"HALLMARK_MYC_TARGETS_V2","ENSG00000132382"
"HALLMARK_MYC_TARGETS_V2","ENSG00000136997"
"HALLMARK_MYC_TARGETS_V2","ENSG00000123545"
"HALLMARK_MYC_TARGETS_V2","ENSG00000132603"
"HALLMARK_MYC_TARGETS_V2","ENSG00000184967"
"HALLMARK_MYC_TARGETS_V2","ENSG00000166197"
"HALLMARK_MYC_TARGETS_V2","ENSG00000048162"
"HALLMARK_MYC_TARGETS_V2","ENSG00000111641"
"HALLMARK_MYC_TARGETS_V2","ENSG00000101361"
"HALLMARK_MYC_TARGETS_V2","ENSG00000181163"
"HALLMARK_MYC_TARGETS_V2","ENSG00000170515"
"HALLMARK_MYC_TARGETS_V2","ENSG00000100029"
"HALLMARK_MYC_TARGETS_V2","ENSG00000167085"
"HALLMARK_MYC_TARGETS_V2","ENSG00000166851"
"HALLMARK_MYC_TARGETS_V2","ENSG00000142731"
"HALLMARK_MYC_TARGETS_V2","ENSG00000130810"
"HALLMARK_MYC_TARGETS_V2","ENSG00000148840"
"HALLMARK_MYC_TARGETS_V2","ENSG00000185238"
"HALLMARK_MYC_TARGETS_V2","ENSG00000177192"
"HALLMARK_MYC_TARGETS_V2","ENSG00000136933"
"HALLMARK_MYC_TARGETS_V2","ENSG00000120158"
"HALLMARK_MYC_TARGETS_V2","ENSG00000052749"
"HALLMARK_MYC_TARGETS_V2","ENSG00000114767"
"HALLMARK_MYC_TARGETS_V2","ENSG00000173638"
"HALLMARK_MYC_TARGETS_V2","ENSG00000174669"
"HALLMARK_MYC_TARGETS_V2","ENSG00000140263"
"HALLMARK_MYC_TARGETS_V2","ENSG00000116649"
"HALLMARK_MYC_TARGETS_V2","ENSG00000156502"
"HALLMARK_MYC_TARGETS_V2","ENSG00000136270"
"HALLMARK_MYC_TARGETS_V2","ENSG00000070814"
"HALLMARK_MYC_TARGETS_V2","ENSG00000162851"
"HALLMARK_MYC_TARGETS_V2","ENSG00000109084"
"HALLMARK_MYC_TARGETS_V2","ENSG00000076248"
"HALLMARK_MYC_TARGETS_V2","ENSG00000120800"
"HALLMARK_MYC_TARGETS_V2","ENSG00000163811"
"HALLMARK_MYC_TARGETS_V2","ENSG00000133316"
"HALLMARK_MYOGENESIS","ENSG00000099204"
"HALLMARK_MYOGENESIS","ENSG00000087085"
"HALLMARK_MYOGENESIS","ENSG00000151726"
"HALLMARK_MYOGENESIS","ENSG00000143632"
"HALLMARK_MYOGENESIS","ENSG00000159251"
"HALLMARK_MYOGENESIS","ENSG00000077522"
"HALLMARK_MYOGENESIS","ENSG00000248746"
"HALLMARK_MYOGENESIS","ENSG00000148848"
"HALLMARK_MYOGENESIS","ENSG00000162104"
"HALLMARK_MYOGENESIS","ENSG00000106624"
"HALLMARK_MYOGENESIS","ENSG00000162688"
"HALLMARK_MYOGENESIS","ENSG00000188157"
"HALLMARK_MYOGENESIS","ENSG00000106992"
"HALLMARK_MYOGENESIS","ENSG00000105221"
"HALLMARK_MYOGENESIS","ENSG00000165887"
"HALLMARK_MYOGENESIS","ENSG00000134817"
"HALLMARK_MYOGENESIS","ENSG00000189058"
"HALLMARK_MYOGENESIS","ENSG00000142192"
"HALLMARK_MYOGENESIS","ENSG00000196296"
"HALLMARK_MYOGENESIS","ENSG00000071553"
"HALLMARK_MYOGENESIS","ENSG00000107262"
"HALLMARK_MYOGENESIS","ENSG00000168398"
"HALLMARK_MYOGENESIS","ENSG00000134107"
"HALLMARK_MYOGENESIS","ENSG00000136717"
"HALLMARK_MYOGENESIS","ENSG00000196557"
"HALLMARK_MYOGENESIS","ENSG00000108878"
"HALLMARK_MYOGENESIS","ENSG00000058404"
"HALLMARK_MYOGENESIS","ENSG00000143318"
"HALLMARK_MYOGENESIS","ENSG00000118729"
"HALLMARK_MYOGENESIS","ENSG00000182533"
"HALLMARK_MYOGENESIS","ENSG00000135218"
"HALLMARK_MYOGENESIS","ENSG00000140945"
"HALLMARK_MYOGENESIS","ENSG00000124762"
"HALLMARK_MYOGENESIS","ENSG00000197766"
"HALLMARK_MYOGENESIS","ENSG00000138435"
"HALLMARK_MYOGENESIS","ENSG00000170175"
"HALLMARK_MYOGENESIS","ENSG00000196811"
"HALLMARK_MYOGENESIS","ENSG00000166165"
"HALLMARK_MYOGENESIS","ENSG00000104879"
"HALLMARK_MYOGENESIS","ENSG00000131730"
"HALLMARK_MYOGENESIS","ENSG00000120885"
"HALLMARK_MYOGENESIS","ENSG00000117519"
"HALLMARK_MYOGENESIS","ENSG00000204291"
"HALLMARK_MYOGENESIS","ENSG00000108821"
"HALLMARK_MYOGENESIS","ENSG00000168542"
"HALLMARK_MYOGENESIS","ENSG00000134871"
"HALLMARK_MYOGENESIS","ENSG00000142173"
"HALLMARK_MYOGENESIS","ENSG00000163359"
"HALLMARK_MYOGENESIS","ENSG00000156885"
"HALLMARK_MYOGENESIS","ENSG00000161281"
"HALLMARK_MYOGENESIS","ENSG00000095321"
"HALLMARK_MYOGENESIS","ENSG00000109846"
"HALLMARK_MYOGENESIS","ENSG00000129170"
"HALLMARK_MYOGENESIS","ENSG00000150281"
"HALLMARK_MYOGENESIS","ENSG00000035664"
"HALLMARK_MYOGENESIS","ENSG00000166444"
"HALLMARK_MYOGENESIS","ENSG00000175084"
"HALLMARK_MYOGENESIS","ENSG00000198947"
"HALLMARK_MYOGENESIS","ENSG00000104936"
"HALLMARK_MYOGENESIS","ENSG00000134769"
"HALLMARK_MYOGENESIS","ENSG00000100842"
"HALLMARK_MYOGENESIS","ENSG00000156976"
"HALLMARK_MYOGENESIS","ENSG00000108515"
"HALLMARK_MYOGENESIS","ENSG00000182580"
"HALLMARK_MYOGENESIS","ENSG00000065361"
"HALLMARK_MYOGENESIS","ENSG00000121769"
"HALLMARK_MYOGENESIS","ENSG00000160752"
"HALLMARK_MYOGENESIS","ENSG00000138685"
"HALLMARK_MYOGENESIS","ENSG00000022267"
"HALLMARK_MYOGENESIS","ENSG00000119782"
"HALLMARK_MYOGENESIS","ENSG00000177731"
"HALLMARK_MYOGENESIS","ENSG00000184481"
"HALLMARK_MYOGENESIS","ENSG00000134363"
"HALLMARK_MYOGENESIS","ENSG00000266964"
"HALLMARK_MYOGENESIS","ENSG00000171298"
"HALLMARK_MYOGENESIS","ENSG00000034713"
"HALLMARK_MYOGENESIS","ENSG00000099860"
"HALLMARK_MYOGENESIS","ENSG00000265107"
"HALLMARK_MYOGENESIS","ENSG00000087258"
"HALLMARK_MYOGENESIS","ENSG00000211445"
"HALLMARK_MYOGENESIS","ENSG00000148180"
"HALLMARK_MYOGENESIS","ENSG00000113070"
"HALLMARK_MYOGENESIS","ENSG00000108840"
"HALLMARK_MYOGENESIS","ENSG00000130528"
"HALLMARK_MYOGENESIS","ENSG00000170276"
"HALLMARK_MYOGENESIS","ENSG00000152137"
"HALLMARK_MYOGENESIS","ENSG00000006652"
"HALLMARK_MYOGENESIS","ENSG00000017427"
"HALLMARK_MYOGENESIS","ENSG00000146674"
"HALLMARK_MYOGENESIS","ENSG00000163453"
"HALLMARK_MYOGENESIS","ENSG00000135424"
"HALLMARK_MYOGENESIS","ENSG00000150093"
"HALLMARK_MYOGENESIS","ENSG00000132470"
"HALLMARK_MYOGENESIS","ENSG00000082781"
"HALLMARK_MYOGENESIS","ENSG00000143473"
"HALLMARK_MYOGENESIS","ENSG00000055118"
"HALLMARK_MYOGENESIS","ENSG00000140859"
"HALLMARK_MYOGENESIS","ENSG00000102554"
"HALLMARK_MYOGENESIS","ENSG00000196569"
"HALLMARK_MYOGENESIS","ENSG00000133424"
"HALLMARK_MYOGENESIS","ENSG00000122367"
"HALLMARK_MYOGENESIS","ENSG00000134324"
"HALLMARK_MYOGENESIS","ENSG00000130592"
"HALLMARK_MYOGENESIS","ENSG00000188130"
"HALLMARK_MYOGENESIS","ENSG00000084764"
"HALLMARK_MYOGENESIS","ENSG00000198125"
"HALLMARK_MYOGENESIS","ENSG00000068305"
"HALLMARK_MYOGENESIS","ENSG00000081189"
"HALLMARK_MYOGENESIS","ENSG00000116604"
"HALLMARK_MYOGENESIS","ENSG00000158186"
"HALLMARK_MYOGENESIS","ENSG00000134571"
"HALLMARK_MYOGENESIS","ENSG00000133055"
"HALLMARK_MYOGENESIS","ENSG00000111046"
"HALLMARK_MYOGENESIS","ENSG00000109061"
"HALLMARK_MYOGENESIS","ENSG00000133392"
"HALLMARK_MYOGENESIS","ENSG00000125414"
"HALLMARK_MYOGENESIS","ENSG00000109063"
"HALLMARK_MYOGENESIS","ENSG00000264424"
"HALLMARK_MYOGENESIS","ENSG00000092054"
"HALLMARK_MYOGENESIS","ENSG00000133020"
"HALLMARK_MYOGENESIS","ENSG00000100345"
"HALLMARK_MYOGENESIS","ENSG00000168530"
"HALLMARK_MYOGENESIS","ENSG00000180209"
"HALLMARK_MYOGENESIS","ENSG00000111245"
"HALLMARK_MYOGENESIS","ENSG00000160808"
"HALLMARK_MYOGENESIS","ENSG00000198336"
"HALLMARK_MYOGENESIS","ENSG00000196465"
"HALLMARK_MYOGENESIS","ENSG00000106631"
"HALLMARK_MYOGENESIS","ENSG00000065534"
"HALLMARK_MYOGENESIS","ENSG00000197879"
"HALLMARK_MYOGENESIS","ENSG00000122180"
"HALLMARK_MYOGENESIS","ENSG00000101605"
"HALLMARK_MYOGENESIS","ENSG00000036448"
"HALLMARK_MYOGENESIS","ENSG00000177791"
"HALLMARK_MYOGENESIS","ENSG00000166833"
"HALLMARK_MYOGENESIS","ENSG00000149294"
"HALLMARK_MYOGENESIS","ENSG00000089250"
"HALLMARK_MYOGENESIS","ENSG00000148400"
"HALLMARK_MYOGENESIS","ENSG00000181019"
"HALLMARK_MYOGENESIS","ENSG00000099330"
"HALLMARK_MYOGENESIS","ENSG00000173599"
"HALLMARK_MYOGENESIS","ENSG00000178104"
"HALLMARK_MYOGENESIS","ENSG00000196923"
"HALLMARK_MYOGENESIS","ENSG00000152556"
"HALLMARK_MYOGENESIS","ENSG00000164708"
"HALLMARK_MYOGENESIS","ENSG00000100151"
"HALLMARK_MYOGENESIS","ENSG00000171033"
"HALLMARK_MYOGENESIS","ENSG00000196576"
"HALLMARK_MYOGENESIS","ENSG00000143847"
"HALLMARK_MYOGENESIS","ENSG00000119938"
"HALLMARK_MYOGENESIS","ENSG00000171867"
"HALLMARK_MYOGENESIS","ENSG00000143801"
"HALLMARK_MYOGENESIS","ENSG00000124212"
"HALLMARK_MYOGENESIS","ENSG00000184489"
"HALLMARK_MYOGENESIS","ENSG00000100362"
"HALLMARK_MYOGENESIS","ENSG00000068976"
"HALLMARK_MYOGENESIS","ENSG00000139687"
"HALLMARK_MYOGENESIS","ENSG00000068615"
"HALLMARK_MYOGENESIS","ENSG00000143622"
"HALLMARK_MYOGENESIS","ENSG00000196218"
"HALLMARK_MYOGENESIS","ENSG00000099194"
"HALLMARK_MYOGENESIS","ENSG00000151967"
"HALLMARK_MYOGENESIS","ENSG00000108823"
"HALLMARK_MYOGENESIS","ENSG00000170624"
"HALLMARK_MYOGENESIS","ENSG00000102683"
"HALLMARK_MYOGENESIS","ENSG00000178188"
"HALLMARK_MYOGENESIS","ENSG00000185437"
"HALLMARK_MYOGENESIS","ENSG00000068903"
"HALLMARK_MYOGENESIS","ENSG00000130821"
"HALLMARK_MYOGENESIS","ENSG00000170290"
"HALLMARK_MYOGENESIS","ENSG00000183963"
"HALLMARK_MYOGENESIS","ENSG00000109610"
"HALLMARK_MYOGENESIS","ENSG00000095637"
"HALLMARK_MYOGENESIS","ENSG00000120896"
"HALLMARK_MYOGENESIS","ENSG00000113140"
"HALLMARK_MYOGENESIS","ENSG00000124664"
"HALLMARK_MYOGENESIS","ENSG00000072195"
"HALLMARK_MYOGENESIS","ENSG00000176170"
"HALLMARK_MYOGENESIS","ENSG00000197694"
"HALLMARK_MYOGENESIS","ENSG00000123096"
"HALLMARK_MYOGENESIS","ENSG00000113739"
"HALLMARK_MYOGENESIS","ENSG00000197321"
"HALLMARK_MYOGENESIS","ENSG00000108639"
"HALLMARK_MYOGENESIS","ENSG00000149591"
"HALLMARK_MYOGENESIS","ENSG00000173991"
"HALLMARK_MYOGENESIS","ENSG00000197905"
"HALLMARK_MYOGENESIS","ENSG00000105329"
"HALLMARK_MYOGENESIS","ENSG00000114854"
"HALLMARK_MYOGENESIS","ENSG00000101470"
"HALLMARK_MYOGENESIS","ENSG00000159173"
"HALLMARK_MYOGENESIS","ENSG00000130598"
"HALLMARK_MYOGENESIS","ENSG00000105048"
"HALLMARK_MYOGENESIS","ENSG00000118194"
"HALLMARK_MYOGENESIS","ENSG00000130595"
"HALLMARK_MYOGENESIS","ENSG00000111907"
"HALLMARK_MYOGENESIS","ENSG00000198467"
"HALLMARK_MYOGENESIS","ENSG00000143549"
"HALLMARK_MYOGENESIS","ENSG00000103197"
"HALLMARK_MYOGENESIS","ENSG00000114812"
"HALLMARK_MYOGENESIS","ENSG00000018408"
"HALLMARK_NOTCH_SIGNALING","ENSG00000117362"
"HALLMARK_NOTCH_SIGNALING","ENSG00000137486"
"HALLMARK_NOTCH_SIGNALING","ENSG00000110092"
"HALLMARK_NOTCH_SIGNALING","ENSG00000055130"
"HALLMARK_NOTCH_SIGNALING","ENSG00000198719"
"HALLMARK_NOTCH_SIGNALING","ENSG00000135144"
"HALLMARK_NOTCH_SIGNALING","ENSG00000091073"
"HALLMARK_NOTCH_SIGNALING","ENSG00000110042"
"HALLMARK_NOTCH_SIGNALING","ENSG00000072803"
"HALLMARK_NOTCH_SIGNALING","ENSG00000157240"
"HALLMARK_NOTCH_SIGNALING","ENSG00000163251"
"HALLMARK_NOTCH_SIGNALING","ENSG00000155760"
"HALLMARK_NOTCH_SIGNALING","ENSG00000114315"
"HALLMARK_NOTCH_SIGNALING","ENSG00000163909"
"HALLMARK_NOTCH_SIGNALING","ENSG00000101384"
"HALLMARK_NOTCH_SIGNALING","ENSG00000108773"
"HALLMARK_NOTCH_SIGNALING","ENSG00000106003"
"HALLMARK_NOTCH_SIGNALING","ENSG00000184384"
"HALLMARK_NOTCH_SIGNALING","ENSG00000148400"
"HALLMARK_NOTCH_SIGNALING","ENSG00000134250"
"HALLMARK_NOTCH_SIGNALING","ENSG00000074181"
"HALLMARK_NOTCH_SIGNALING","ENSG00000112033"
"HALLMARK_NOTCH_SIGNALING","ENSG00000154229"
"HALLMARK_NOTCH_SIGNALING","ENSG00000143801"
"HALLMARK_NOTCH_SIGNALING","ENSG00000205155"
"HALLMARK_NOTCH_SIGNALING","ENSG00000100387"
"HALLMARK_NOTCH_SIGNALING","ENSG00000164105"
"HALLMARK_NOTCH_SIGNALING","ENSG00000113558"
"HALLMARK_NOTCH_SIGNALING","ENSG00000064225"
"HALLMARK_NOTCH_SIGNALING","ENSG00000148737"
"HALLMARK_NOTCH_SIGNALING","ENSG00000105989"
"HALLMARK_NOTCH_SIGNALING","ENSG00000114251"
"HALLMARK_OXIDATIVE_PHOSPHORYLATION","ENSG00000131269"
"HALLMARK_OXIDATIVE_PHOSPHORYLATION","ENSG00000060971"
"HALLMARK_OXIDATIVE_PHOSPHORYLATION","ENSG00000167315"
"HALLMARK_OXIDATIVE_PHOSPHORYLATION","ENSG00000117054"
"HALLMARK_OXIDATIVE_PHOSPHORYLATION","ENSG00000196177"
"HALLMARK_OXIDATIVE_PHOSPHORYLATION","ENSG00000072778"
"HALLMARK_OXIDATIVE_PHOSPHORYLATION","ENSG00000075239"
"HALLMARK_OXIDATIVE_PHOSPHORYLATION","ENSG00000100412"
"HALLMARK_OXIDATIVE_PHOSPHORYLATION","ENSG00000141385"
"HALLMARK_OXIDATIVE_PHOSPHORYLATION","ENSG00000156709"
"HALLMARK_OXIDATIVE_PHOSPHORYLATION","ENSG00000023330"
"HALLMARK_OXIDATIVE_PHOSPHORYLATION","ENSG00000119711"
"HALLMARK_OXIDATIVE_PHOSPHORYLATION","ENSG00000143153"
"HALLMARK_OXIDATIVE_PHOSPHORYLATION","ENSG00000152234"
"HALLMARK_OXIDATIVE_PHOSPHORYLATION","ENSG00000110955"
"HALLMARK_OXIDATIVE_PHOSPHORYLATION","ENSG00000165629"
"HALLMARK_OXIDATIVE_PHOSPHORYLATION","ENSG00000099624"
"HALLMARK_OXIDATIVE_PHOSPHORYLATION","ENSG00000124172"
"HALLMARK_OXIDATIVE_PHOSPHORYLATION","ENSG00000159199"
"HALLMARK_OXIDATIVE_PHOSPHORYLATION","ENSG00000135390"
"HALLMARK_OXIDATIVE_PHOSPHORYLATION","ENSG00000154518"
"HALLMARK_OXIDATIVE_PHOSPHORYLATION","ENSG00000169020"
"HALLMARK_OXIDATIVE_PHOSPHORYLATION","ENSG00000241468"
"HALLMARK_OXIDATIVE_PHOSPHORYLATION","ENSG00000167283"
"HALLMARK_OXIDATIVE_PHOSPHORYLATION","ENSG00000116459"
"HALLMARK_OXIDATIVE_PHOSPHORYLATION","ENSG00000167863"
"HALLMARK_OXIDATIVE_PHOSPHORYLATION","ENSG00000154723"
"HALLMARK_OXIDATIVE_PHOSPHORYLATION","ENSG00000241837"
"HALLMARK_OXIDATIVE_PHOSPHORYLATION","ENSG00000071553"
"HALLMARK_OXIDATIVE_PHOSPHORYLATION","ENSG00000117410"
"HALLMARK_OXIDATIVE_PHOSPHORYLATION","ENSG00000185883"
"HALLMARK_OXIDATIVE_PHOSPHORYLATION","ENSG00000113732"
"HALLMARK_OXIDATIVE_PHOSPHORYLATION","ENSG00000155097"
"HALLMARK_OXIDATIVE_PHOSPHORYLATION","ENSG00000100554"
"HALLMARK_OXIDATIVE_PHOSPHORYLATION","ENSG00000131100"
"HALLMARK_OXIDATIVE_PHOSPHORYLATION","ENSG00000128524"
"HALLMARK_OXIDATIVE_PHOSPHORYLATION","ENSG00000136888"
"HALLMARK_OXIDATIVE_PHOSPHORYLATION","ENSG00000047249"
"HALLMARK_OXIDATIVE_PHOSPHORYLATION","ENSG00000087088"
"HALLMARK_OXIDATIVE_PHOSPHORYLATION","ENSG00000248098"
"HALLMARK_OXIDATIVE_PHOSPHORYLATION","ENSG00000164039"
"HALLMARK_OXIDATIVE_PHOSPHORYLATION","ENSG00000165806"
"HALLMARK_OXIDATIVE_PHOSPHORYLATION","ENSG00000006695"
"HALLMARK_OXIDATIVE_PHOSPHORYLATION","ENSG00000166260"
"HALLMARK_OXIDATIVE_PHOSPHORYLATION","ENSG00000014919"
"HALLMARK_OXIDATIVE_PHOSPHORYLATION","ENSG00000138495"
"HALLMARK_OXIDATIVE_PHOSPHORYLATION","ENSG00000131143"
"HALLMARK_OXIDATIVE_PHOSPHORYLATION","ENSG00000178741"
"HALLMARK_OXIDATIVE_PHOSPHORYLATION","ENSG00000135940"
"HALLMARK_OXIDATIVE_PHOSPHORYLATION","ENSG00000111775"
"HALLMARK_OXIDATIVE_PHOSPHORYLATION","ENSG00000126267"
"HALLMARK_OXIDATIVE_PHOSPHORYLATION","ENSG00000164919"
"HALLMARK_OXIDATIVE_PHOSPHORYLATION","ENSG00000112695"
"HALLMARK_OXIDATIVE_PHOSPHORYLATION","ENSG00000115944"
"HALLMARK_OXIDATIVE_PHOSPHORYLATION","ENSG00000131174"
"HALLMARK_OXIDATIVE_PHOSPHORYLATION","ENSG00000127184"
"HALLMARK_OXIDATIVE_PHOSPHORYLATION","ENSG00000176340"
"HALLMARK_OXIDATIVE_PHOSPHORYLATION","ENSG00000110090"
"HALLMARK_OXIDATIVE_PHOSPHORYLATION","ENSG00000062485"
"HALLMARK_OXIDATIVE_PHOSPHORYLATION","ENSG00000166347"
"HALLMARK_OXIDATIVE_PHOSPHORYLATION","ENSG00000100243"
"HALLMARK_OXIDATIVE_PHOSPHORYLATION","ENSG00000179091"
"HALLMARK_OXIDATIVE_PHOSPHORYLATION","ENSG00000172115"
"HALLMARK_OXIDATIVE_PHOSPHORYLATION","ENSG00000104325"
"HALLMARK_OXIDATIVE_PHOSPHORYLATION","ENSG00000150768"
"HALLMARK_OXIDATIVE_PHOSPHORYLATION","ENSG00000091140"
"HALLMARK_OXIDATIVE_PHOSPHORYLATION","ENSG00000119689"
"HALLMARK_OXIDATIVE_PHOSPHORYLATION","ENSG00000104823"
"HALLMARK_OXIDATIVE_PHOSPHORYLATION","ENSG00000127884"
"HALLMARK_OXIDATIVE_PHOSPHORYLATION","ENSG00000167969"
"HALLMARK_OXIDATIVE_PHOSPHORYLATION","ENSG00000140374"
"HALLMARK_OXIDATIVE_PHOSPHORYLATION","ENSG00000105379"
"HALLMARK_OXIDATIVE_PHOSPHORYLATION","ENSG00000171503"
"HALLMARK_OXIDATIVE_PHOSPHORYLATION","ENSG00000137714"
"HALLMARK_OXIDATIVE_PHOSPHORYLATION","ENSG00000091483"
"HALLMARK_OXIDATIVE_PHOSPHORYLATION","ENSG00000165060"
"HALLMARK_OXIDATIVE_PHOSPHORYLATION","ENSG00000148672"
"HALLMARK_OXIDATIVE_PHOSPHORYLATION","ENSG00000125166"
"HALLMARK_OXIDATIVE_PHOSPHORYLATION","ENSG00000105220"
"HALLMARK_OXIDATIVE_PHOSPHORYLATION","ENSG00000167468"
"HALLMARK_OXIDATIVE_PHOSPHORYLATION","ENSG00000109519"
"HALLMARK_OXIDATIVE_PHOSPHORYLATION","ENSG00000084754"
"HALLMARK_OXIDATIVE_PHOSPHORYLATION","ENSG00000138029"
"HALLMARK_OXIDATIVE_PHOSPHORYLATION","ENSG00000004961"
"HALLMARK_OXIDATIVE_PHOSPHORYLATION","ENSG00000072506"
"HALLMARK_OXIDATIVE_PHOSPHORYLATION","ENSG00000113013"
"HALLMARK_OXIDATIVE_PHOSPHORYLATION","ENSG00000115317"
"HALLMARK_OXIDATIVE_PHOSPHORYLATION","ENSG00000138413"
"HALLMARK_OXIDATIVE_PHOSPHORYLATION","ENSG00000182054"
"HALLMARK_OXIDATIVE_PHOSPHORYLATION","ENSG00000166411"
"HALLMARK_OXIDATIVE_PHOSPHORYLATION","ENSG00000101365"
"HALLMARK_OXIDATIVE_PHOSPHORYLATION","ENSG00000067829"
"HALLMARK_OXIDATIVE_PHOSPHORYLATION","ENSG00000132305"
"HALLMARK_OXIDATIVE_PHOSPHORYLATION","ENSG00000135070"
"HALLMARK_OXIDATIVE_PHOSPHORYLATION","ENSG00000136003"
"HALLMARK_OXIDATIVE_PHOSPHORYLATION","ENSG00000134333"
"HALLMARK_OXIDATIVE_PHOSPHORYLATION","ENSG00000111716"
"HALLMARK_OXIDATIVE_PHOSPHORYLATION","ENSG00000138095"
"HALLMARK_OXIDATIVE_PHOSPHORYLATION","ENSG00000069535"
"HALLMARK_OXIDATIVE_PHOSPHORYLATION","ENSG00000014641"
"HALLMARK_OXIDATIVE_PHOSPHORYLATION","ENSG00000146701"
"HALLMARK_OXIDATIVE_PHOSPHORYLATION","ENSG00000116688"
"HALLMARK_OXIDATIVE_PHOSPHORYLATION","ENSG00000143198"
"HALLMARK_OXIDATIVE_PHOSPHORYLATION","ENSG00000060762"
"HALLMARK_OXIDATIVE_PHOSPHORYLATION","ENSG00000174547"
"HALLMARK_OXIDATIVE_PHOSPHORYLATION","ENSG00000137547"
"HALLMARK_OXIDATIVE_PHOSPHORYLATION","ENSG00000130312"
"HALLMARK_OXIDATIVE_PHOSPHORYLATION","ENSG00000132313"
"HALLMARK_OXIDATIVE_PHOSPHORYLATION","ENSG00000181991"
"HALLMARK_OXIDATIVE_PHOSPHORYLATION","ENSG00000128626"
"HALLMARK_OXIDATIVE_PHOSPHORYLATION","ENSG00000116898"
"HALLMARK_OXIDATIVE_PHOSPHORYLATION","ENSG00000175110"
"HALLMARK_OXIDATIVE_PHOSPHORYLATION","ENSG00000112996"
"HALLMARK_OXIDATIVE_PHOSPHORYLATION","ENSG00000120662"
"HALLMARK_OXIDATIVE_PHOSPHORYLATION","ENSG00000124275"
"HALLMARK_OXIDATIVE_PHOSPHORYLATION","ENSG00000128654"
"HALLMARK_OXIDATIVE_PHOSPHORYLATION","ENSG00000125356"
"HALLMARK_OXIDATIVE_PHOSPHORYLATION","ENSG00000131495"
"HALLMARK_OXIDATIVE_PHOSPHORYLATION","ENSG00000170906"
"HALLMARK_OXIDATIVE_PHOSPHORYLATION","ENSG00000189043"
"HALLMARK_OXIDATIVE_PHOSPHORYLATION","ENSG00000128609"
"HALLMARK_OXIDATIVE_PHOSPHORYLATION","ENSG00000184983"
"HALLMARK_OXIDATIVE_PHOSPHORYLATION","ENSG00000267855"
"HALLMARK_OXIDATIVE_PHOSPHORYLATION","ENSG00000119421"
"HALLMARK_OXIDATIVE_PHOSPHORYLATION","ENSG00000139180"
"HALLMARK_OXIDATIVE_PHOSPHORYLATION","ENSG00000004779"
"HALLMARK_OXIDATIVE_PHOSPHORYLATION","ENSG00000183648"
"HALLMARK_OXIDATIVE_PHOSPHORYLATION","ENSG00000090266"
"HALLMARK_OXIDATIVE_PHOSPHORYLATION","ENSG00000119013"
"HALLMARK_OXIDATIVE_PHOSPHORYLATION","ENSG00000065518"
"HALLMARK_OXIDATIVE_PHOSPHORYLATION","ENSG00000136521"
"HALLMARK_OXIDATIVE_PHOSPHORYLATION","ENSG00000165264"
"HALLMARK_OXIDATIVE_PHOSPHORYLATION","ENSG00000099795"
"HALLMARK_OXIDATIVE_PHOSPHORYLATION","ENSG00000166136"
"HALLMARK_OXIDATIVE_PHOSPHORYLATION","ENSG00000109390"
"HALLMARK_OXIDATIVE_PHOSPHORYLATION","ENSG00000151366"
"HALLMARK_OXIDATIVE_PHOSPHORYLATION","ENSG00000023228"
"HALLMARK_OXIDATIVE_PHOSPHORYLATION","ENSG00000158864"
"HALLMARK_OXIDATIVE_PHOSPHORYLATION","ENSG00000213619"
"HALLMARK_OXIDATIVE_PHOSPHORYLATION","ENSG00000164258"
"HALLMARK_OXIDATIVE_PHOSPHORYLATION","ENSG00000145494"
"HALLMARK_OXIDATIVE_PHOSPHORYLATION","ENSG00000115286"
"HALLMARK_OXIDATIVE_PHOSPHORYLATION","ENSG00000110717"
"HALLMARK_OXIDATIVE_PHOSPHORYLATION","ENSG00000167792"
"HALLMARK_OXIDATIVE_PHOSPHORYLATION","ENSG00000178127"
"HALLMARK_OXIDATIVE_PHOSPHORYLATION","ENSG00000112992"
"HALLMARK_OXIDATIVE_PHOSPHORYLATION","ENSG00000124588"
"HALLMARK_OXIDATIVE_PHOSPHORYLATION","ENSG00000065154"
"HALLMARK_OXIDATIVE_PHOSPHORYLATION","ENSG00000105953"
"HALLMARK_OXIDATIVE_PHOSPHORYLATION","ENSG00000198836"
"HALLMARK_OXIDATIVE_PHOSPHORYLATION","ENSG00000155463"
"HALLMARK_OXIDATIVE_PHOSPHORYLATION","ENSG00000131828"
"HALLMARK_OXIDATIVE_PHOSPHORYLATION","ENSG00000168291"
"HALLMARK_OXIDATIVE_PHOSPHORYLATION","ENSG00000110435"
"HALLMARK_OXIDATIVE_PHOSPHORYLATION","ENSG00000004799"
"HALLMARK_OXIDATIVE_PHOSPHORYLATION","ENSG00000164951"
"HALLMARK_OXIDATIVE_PHOSPHORYLATION","ENSG00000215021"
"HALLMARK_OXIDATIVE_PHOSPHORYLATION","ENSG00000107537"
"HALLMARK_OXIDATIVE_PHOSPHORYLATION","ENSG00000165688"
"HALLMARK_OXIDATIVE_PHOSPHORYLATION","ENSG00000100142"
"HALLMARK_OXIDATIVE_PHOSPHORYLATION","ENSG00000127948"
"HALLMARK_OXIDATIVE_PHOSPHORYLATION","ENSG00000165672"
"HALLMARK_OXIDATIVE_PHOSPHORYLATION","ENSG00000042445"
"HALLMARK_OXIDATIVE_PHOSPHORYLATION","ENSG00000126858"
"HALLMARK_OXIDATIVE_PHOSPHORYLATION","ENSG00000140983"
"HALLMARK_OXIDATIVE_PHOSPHORYLATION","ENSG00000073578"
"HALLMARK_OXIDATIVE_PHOSPHORYLATION","ENSG00000117118"
"HALLMARK_OXIDATIVE_PHOSPHORYLATION","ENSG00000143252"
"HALLMARK_OXIDATIVE_PHOSPHORYLATION","ENSG00000204370"
"HALLMARK_OXIDATIVE_PHOSPHORYLATION","ENSG00000108528"
"HALLMARK_OXIDATIVE_PHOSPHORYLATION","ENSG00000115840"
"HALLMARK_OXIDATIVE_PHOSPHORYLATION","ENSG00000178537"
"HALLMARK_OXIDATIVE_PHOSPHORYLATION","ENSG00000075415"
"HALLMARK_OXIDATIVE_PHOSPHORYLATION","ENSG00000151729"
"HALLMARK_OXIDATIVE_PHOSPHORYLATION","ENSG00000005022"
"HALLMARK_OXIDATIVE_PHOSPHORYLATION","ENSG00000169100"
"HALLMARK_OXIDATIVE_PHOSPHORYLATION","ENSG00000292334"
"HALLMARK_OXIDATIVE_PHOSPHORYLATION","ENSG00000136143"
"HALLMARK_OXIDATIVE_PHOSPHORYLATION","ENSG00000163541"
"HALLMARK_OXIDATIVE_PHOSPHORYLATION","ENSG00000156502"
"HALLMARK_OXIDATIVE_PHOSPHORYLATION","ENSG00000148290"
"HALLMARK_OXIDATIVE_PHOSPHORYLATION","ENSG00000110719"
"HALLMARK_OXIDATIVE_PHOSPHORYLATION","ENSG00000134809"
"HALLMARK_OXIDATIVE_PHOSPHORYLATION","ENSG00000099800"
"HALLMARK_OXIDATIVE_PHOSPHORYLATION","ENSG00000134375"
"HALLMARK_OXIDATIVE_PHOSPHORYLATION","ENSG00000105197"
"HALLMARK_OXIDATIVE_PHOSPHORYLATION","ENSG00000150779"
"HALLMARK_OXIDATIVE_PHOSPHORYLATION","ENSG00000100575"
"HALLMARK_OXIDATIVE_PHOSPHORYLATION","ENSG00000100216"
"HALLMARK_OXIDATIVE_PHOSPHORYLATION","ENSG00000154174"
"HALLMARK_OXIDATIVE_PHOSPHORYLATION","ENSG00000184076"
"HALLMARK_OXIDATIVE_PHOSPHORYLATION","ENSG00000127540"
"HALLMARK_OXIDATIVE_PHOSPHORYLATION","ENSG00000156467"
"HALLMARK_OXIDATIVE_PHOSPHORYLATION","ENSG00000010256"
"HALLMARK_OXIDATIVE_PHOSPHORYLATION","ENSG00000140740"
"HALLMARK_OXIDATIVE_PHOSPHORYLATION","ENSG00000169021"
"HALLMARK_OXIDATIVE_PHOSPHORYLATION","ENSG00000173660"
"HALLMARK_OXIDATIVE_PHOSPHORYLATION","ENSG00000164405"
"HALLMARK_OXIDATIVE_PHOSPHORYLATION","ENSG00000213585"
"HALLMARK_OXIDATIVE_PHOSPHORYLATION","ENSG00000165637"
"HALLMARK_OXIDATIVE_PHOSPHORYLATION","ENSG00000078668"
"HALLMARK_P53_PATHWAY","ENSG00000183044"
"HALLMARK_P53_PATHWAY","ENSG00000114770"
"HALLMARK_P53_PATHWAY","ENSG00000100439"
"HALLMARK_P53_PATHWAY","ENSG00000135503"
"HALLMARK_P53_PATHWAY","ENSG00000196839"
"HALLMARK_P53_PATHWAY","ENSG00000181026"
"HALLMARK_P53_PATHWAY","ENSG00000106992"
"HALLMARK_P53_PATHWAY","ENSG00000179593"
"HALLMARK_P53_PATHWAY","ENSG00000164331"
"HALLMARK_P53_PATHWAY","ENSG00000120868"
"HALLMARK_P53_PATHWAY","ENSG00000142192"
"HALLMARK_P53_PATHWAY","ENSG00000162772"
"HALLMARK_P53_PATHWAY","ENSG00000175866"
"HALLMARK_P53_PATHWAY","ENSG00000030110"
"HALLMARK_P53_PATHWAY","ENSG00000087088"
"HALLMARK_P53_PATHWAY","ENSG00000166619"
"HALLMARK_P53_PATHWAY","ENSG00000125845"
"HALLMARK_P53_PATHWAY","ENSG00000133639"
"HALLMARK_P53_PATHWAY","ENSG00000159388"
"HALLMARK_P53_PATHWAY","ENSG00000137752"
"HALLMARK_P53_PATHWAY","ENSG00000118971"
"HALLMARK_P53_PATHWAY","ENSG00000112576"
"HALLMARK_P53_PATHWAY","ENSG00000113328"
"HALLMARK_P53_PATHWAY","ENSG00000090061"
"HALLMARK_P53_PATHWAY","ENSG00000103540"
"HALLMARK_P53_PATHWAY","ENSG00000110651"
"HALLMARK_P53_PATHWAY","ENSG00000085117"
"HALLMARK_P53_PATHWAY","ENSG00000140945"
"HALLMARK_P53_PATHWAY","ENSG00000176749"
"HALLMARK_P53_PATHWAY","ENSG00000124762"
"HALLMARK_P53_PATHWAY","ENSG00000147889"
"HALLMARK_P53_PATHWAY","ENSG00000168564"
"HALLMARK_P53_PATHWAY","ENSG00000147883"
"HALLMARK_P53_PATHWAY","ENSG00000245848"
"HALLMARK_P53_PATHWAY","ENSG00000100532"
"HALLMARK_P53_PATHWAY","ENSG00000137975"
"HALLMARK_P53_PATHWAY","ENSG00000163050"
"HALLMARK_P53_PATHWAY","ENSG00000110925"
"HALLMARK_P53_PATHWAY","ENSG00000117984"
"HALLMARK_P53_PATHWAY","ENSG00000174080"
"HALLMARK_P53_PATHWAY","ENSG00000055163"
"HALLMARK_P53_PATHWAY","ENSG00000169738"
"HALLMARK_P53_PATHWAY","ENSG00000134574"
"HALLMARK_P53_PATHWAY","ENSG00000175197"
"HALLMARK_P53_PATHWAY","ENSG00000168209"
"HALLMARK_P53_PATHWAY","ENSG00000023892"
"HALLMARK_P53_PATHWAY","ENSG00000065357"
"HALLMARK_P53_PATHWAY","ENSG00000067334"
"HALLMARK_P53_PATHWAY","ENSG00000136048"
"HALLMARK_P53_PATHWAY","ENSG00000149547"
"HALLMARK_P53_PATHWAY","ENSG00000070061"
"HALLMARK_P53_PATHWAY","ENSG00000142627"
"HALLMARK_P53_PATHWAY","ENSG00000143819"
"HALLMARK_P53_PATHWAY","ENSG00000177106"
"HALLMARK_P53_PATHWAY","ENSG00000134899"
"HALLMARK_P53_PATHWAY","ENSG00000181104"
"HALLMARK_P53_PATHWAY","ENSG00000114023"
"HALLMARK_P53_PATHWAY","ENSG00000026103"
"HALLMARK_P53_PATHWAY","ENSG00000109670"
"HALLMARK_P53_PATHWAY","ENSG00000161513"
"HALLMARK_P53_PATHWAY","ENSG00000129682"
"HALLMARK_P53_PATHWAY","ENSG00000170345"
"HALLMARK_P53_PATHWAY","ENSG00000118689"
"HALLMARK_P53_PATHWAY","ENSG00000179163"
"HALLMARK_P53_PATHWAY","ENSG00000116717"
"HALLMARK_P53_PATHWAY","ENSG00000135423"
"HALLMARK_P53_PATHWAY","ENSG00000196743"
"HALLMARK_P53_PATHWAY","ENSG00000176153"
"HALLMARK_P53_PATHWAY","ENSG00000187837"
"HALLMARK_P53_PATHWAY","ENSG00000181218"
"HALLMARK_P53_PATHWAY","ENSG00000246705"
"HALLMARK_P53_PATHWAY","ENSG00000113070"
"HALLMARK_P53_PATHWAY","ENSG00000171720"
"HALLMARK_P53_PATHWAY","ENSG00000186834"
"HALLMARK_P53_PATHWAY","ENSG00000169567"
"HALLMARK_P53_PATHWAY","ENSG00000100292"
"HALLMARK_P53_PATHWAY","ENSG00000174775"
"HALLMARK_P53_PATHWAY","ENSG00000164070"
"HALLMARK_P53_PATHWAY","ENSG00000137331"
"HALLMARK_P53_PATHWAY","ENSG00000162783"
"HALLMARK_P53_PATHWAY","ENSG00000216490"
"HALLMARK_P53_PATHWAY","ENSG00000115008"
"HALLMARK_P53_PATHWAY","ENSG00000163083"
"HALLMARK_P53_PATHWAY","ENSG00000068745"
"HALLMARK_P53_PATHWAY","ENSG00000118308"
"HALLMARK_P53_PATHWAY","ENSG00000184216"
"HALLMARK_P53_PATHWAY","ENSG00000136003"
"HALLMARK_P53_PATHWAY","ENSG00000132470"
"HALLMARK_P53_PATHWAY","ENSG00000184916"
"HALLMARK_P53_PATHWAY","ENSG00000177606"
"HALLMARK_P53_PATHWAY","ENSG00000197892"
"HALLMARK_P53_PATHWAY","ENSG00000136826"
"HALLMARK_P53_PATHWAY","ENSG00000129455"
"HALLMARK_P53_PATHWAY","ENSG00000128422"
"HALLMARK_P53_PATHWAY","ENSG00000111716"
"HALLMARK_P53_PATHWAY","ENSG00000128342"
"HALLMARK_P53_PATHWAY","ENSG00000114738"
"HALLMARK_P53_PATHWAY","ENSG00000135679"
"HALLMARK_P53_PATHWAY","ENSG00000099875"
"HALLMARK_P53_PATHWAY","ENSG00000059728"
"HALLMARK_P53_PATHWAY","ENSG00000123933"
"HALLMARK_P53_PATHWAY","ENSG00000104419"
"HALLMARK_P53_PATHWAY","ENSG00000177551"
"HALLMARK_P53_PATHWAY","ENSG00000131669"
"HALLMARK_P53_PATHWAY","ENSG00000198000"
"HALLMARK_P53_PATHWAY","ENSG00000148400"
"HALLMARK_P53_PATHWAY","ENSG00000136159"
"HALLMARK_P53_PATHWAY","ENSG00000176046"
"HALLMARK_P53_PATHWAY","ENSG00000140961"
"HALLMARK_P53_PATHWAY","ENSG00000132646"
"HALLMARK_P53_PATHWAY","ENSG00000197461"
"HALLMARK_P53_PATHWAY","ENSG00000112378"
"HALLMARK_P53_PATHWAY","ENSG00000174307"
"HALLMARK_P53_PATHWAY","ENSG00000177595"
"HALLMARK_P53_PATHWAY","ENSG00000154217"
"HALLMARK_P53_PATHWAY","ENSG00000145632"
"HALLMARK_P53_PATHWAY","ENSG00000173846"
"HALLMARK_P53_PATHWAY","ENSG00000196576"
"HALLMARK_P53_PATHWAY","ENSG00000100417"
"HALLMARK_P53_PATHWAY","ENSG00000170734"
"HALLMARK_P53_PATHWAY","ENSG00000196313"
"HALLMARK_P53_PATHWAY","ENSG00000170836"
"HALLMARK_P53_PATHWAY","ENSG00000087074"
"HALLMARK_P53_PATHWAY","ENSG00000111725"
"HALLMARK_P53_PATHWAY","ENSG00000160310"
"HALLMARK_P53_PATHWAY","ENSG00000101000"
"HALLMARK_P53_PATHWAY","ENSG00000152104"
"HALLMARK_P53_PATHWAY","ENSG00000132334"
"HALLMARK_P53_PATHWAY","ENSG00000249859"
"HALLMARK_P53_PATHWAY","ENSG00000197562"
"HALLMARK_P53_PATHWAY","ENSG00000204628"
"HALLMARK_P53_PATHWAY","ENSG00000108384"
"HALLMARK_P53_PATHWAY","ENSG00000172613"
"HALLMARK_P53_PATHWAY","ENSG00000160271"
"HALLMARK_P53_PATHWAY","ENSG00000181467"
"HALLMARK_P53_PATHWAY","ENSG00000139687"
"HALLMARK_P53_PATHWAY","ENSG00000163743"
"HALLMARK_P53_PATHWAY","ENSG00000042445"
"HALLMARK_P53_PATHWAY","ENSG00000143333"
"HALLMARK_P53_PATHWAY","ENSG00000129667"
"HALLMARK_P53_PATHWAY","ENSG00000116514"
"HALLMARK_P53_PATHWAY","ENSG00000063177"
"HALLMARK_P53_PATHWAY","ENSG00000130255"
"HALLMARK_P53_PATHWAY","ENSG00000112306"
"HALLMARK_P53_PATHWAY","ENSG00000185088"
"HALLMARK_P53_PATHWAY","ENSG00000166592"
"HALLMARK_P53_PATHWAY","ENSG00000132275"
"HALLMARK_P53_PATHWAY","ENSG00000186350"
"HALLMARK_P53_PATHWAY","ENSG00000197747"
"HALLMARK_P53_PATHWAY","ENSG00000196154"
"HALLMARK_P53_PATHWAY","ENSG00000130066"
"HALLMARK_P53_PATHWAY","ENSG00000115884"
"HALLMARK_P53_PATHWAY","ENSG00000058262"
"HALLMARK_P53_PATHWAY","ENSG00000206075"
"HALLMARK_P53_PATHWAY","ENSG00000167565"
"HALLMARK_P53_PATHWAY","ENSG00000080546"
"HALLMARK_P53_PATHWAY","ENSG00000175793"
"HALLMARK_P53_PATHWAY","ENSG00000117479"
"HALLMARK_P53_PATHWAY","ENSG00000116704"
"HALLMARK_P53_PATHWAY","ENSG00000168003"
"HALLMARK_P53_PATHWAY","ENSG00000151012"
"HALLMARK_P53_PATHWAY","ENSG00000185338"
"HALLMARK_P53_PATHWAY","ENSG00000185591"
"HALLMARK_P53_PATHWAY","ENSG00000176170"
"HALLMARK_P53_PATHWAY","ENSG00000149418"
"HALLMARK_P53_PATHWAY","ENSG00000115107"
"HALLMARK_P53_PATHWAY","ENSG00000148175"
"HALLMARK_P53_PATHWAY","ENSG00000168394"
"HALLMARK_P53_PATHWAY","ENSG00000213977"
"HALLMARK_P53_PATHWAY","ENSG00000159450"
"HALLMARK_P53_PATHWAY","ENSG00000185339"
"HALLMARK_P53_PATHWAY","ENSG00000163235"
"HALLMARK_P53_PATHWAY","ENSG00000105329"
"HALLMARK_P53_PATHWAY","ENSG00000169908"
"HALLMARK_P53_PATHWAY","ENSG00000064115"
"HALLMARK_P53_PATHWAY","ENSG00000125657"
"HALLMARK_P53_PATHWAY","ENSG00000159173"
"HALLMARK_P53_PATHWAY","ENSG00000141232"
"HALLMARK_P53_PATHWAY","ENSG00000141510"
"HALLMARK_P53_PATHWAY","ENSG00000073282"
"HALLMARK_P53_PATHWAY","ENSG00000111907"
"HALLMARK_P53_PATHWAY","ENSG00000144034"
"HALLMARK_P53_PATHWAY","ENSG00000076604"
"HALLMARK_P53_PATHWAY","ENSG00000135148"
"HALLMARK_P53_PATHWAY","ENSG00000170855"
"HALLMARK_P53_PATHWAY","ENSG00000101255"
"HALLMARK_P53_PATHWAY","ENSG00000102804"
"HALLMARK_P53_PATHWAY","ENSG00000184205"
"HALLMARK_P53_PATHWAY","ENSG00000265972"
"HALLMARK_P53_PATHWAY","ENSG00000183696"
"HALLMARK_P53_PATHWAY","ENSG00000118640"
"HALLMARK_P53_PATHWAY","ENSG00000111424"
"HALLMARK_P53_PATHWAY","ENSG00000110002"
"HALLMARK_P53_PATHWAY","ENSG00000116213"
"HALLMARK_P53_PATHWAY","ENSG00000123124"
"HALLMARK_P53_PATHWAY","ENSG00000154767"
"HALLMARK_P53_PATHWAY","ENSG00000109906"
"HALLMARK_P53_PATHWAY","ENSG00000185650"
"HALLMARK_P53_PATHWAY","ENSG00000172667"
"HALLMARK_P53_PATHWAY","ENSG00000138311"
"HALLMARK_PANCREAS_BETA_CELLS","ENSG00000006071"
"HALLMARK_PANCREAS_BETA_CELLS","ENSG00000117020"
"HALLMARK_PANCREAS_BETA_CELLS","ENSG00000100604"
"HALLMARK_PANCREAS_BETA_CELLS","ENSG00000077279"
"HALLMARK_PANCREAS_BETA_CELLS","ENSG00000197635"
"HALLMARK_PANCREAS_BETA_CELLS","ENSG00000109911"
"HALLMARK_PANCREAS_BETA_CELLS","ENSG00000125798"
"HALLMARK_PANCREAS_BETA_CELLS","ENSG00000150907"
"HALLMARK_PANCREAS_BETA_CELLS","ENSG00000152254"
"HALLMARK_PANCREAS_BETA_CELLS","ENSG00000115263"
"HALLMARK_PANCREAS_BETA_CELLS","ENSG00000106633"
"HALLMARK_PANCREAS_BETA_CELLS","ENSG00000135100"
"HALLMARK_PANCREAS_BETA_CELLS","ENSG00000121351"
"HALLMARK_PANCREAS_BETA_CELLS","ENSG00000254647"
"HALLMARK_PANCREAS_BETA_CELLS","ENSG00000173404"
"HALLMARK_PANCREAS_BETA_CELLS","ENSG00000016082"
"HALLMARK_PANCREAS_BETA_CELLS","ENSG00000135363"
"HALLMARK_PANCREAS_BETA_CELLS","ENSG00000204103"
"HALLMARK_PANCREAS_BETA_CELLS","ENSG00000162992"
"HALLMARK_PANCREAS_BETA_CELLS","ENSG00000122859"
"HALLMARK_PANCREAS_BETA_CELLS","ENSG00000125820"
"HALLMARK_PANCREAS_BETA_CELLS","ENSG00000163623"
"HALLMARK_PANCREAS_BETA_CELLS","ENSG00000077264"
"HALLMARK_PANCREAS_BETA_CELLS","ENSG00000106331"
"HALLMARK_PANCREAS_BETA_CELLS","ENSG00000007372"
"HALLMARK_PANCREAS_BETA_CELLS","ENSG00000175426"
"HALLMARK_PANCREAS_BETA_CELLS","ENSG00000125851"
"HALLMARK_PANCREAS_BETA_CELLS","ENSG00000139515"
"HALLMARK_PANCREAS_BETA_CELLS","ENSG00000143627"
"HALLMARK_PANCREAS_BETA_CELLS","ENSG00000079689"
"HALLMARK_PANCREAS_BETA_CELLS","ENSG00000140612"
"HALLMARK_PANCREAS_BETA_CELLS","ENSG00000163581"
"HALLMARK_PANCREAS_BETA_CELLS","ENSG00000114902"
"HALLMARK_PANCREAS_BETA_CELLS","ENSG00000140319"
"HALLMARK_PANCREAS_BETA_CELLS","ENSG00000143742"
"HALLMARK_PANCREAS_BETA_CELLS","ENSG00000144867"
"HALLMARK_PANCREAS_BETA_CELLS","ENSG00000157005"
"HALLMARK_PANCREAS_BETA_CELLS","ENSG00000136854"
"HALLMARK_PANCREAS_BETA_CELLS","ENSG00000019505"
"HALLMARK_PANCREAS_BETA_CELLS","ENSG00000111424"
"HALLMARK_PEROXISOME","ENSG00000085563"
"HALLMARK_PEROXISOME","ENSG00000005471"
"HALLMARK_PEROXISOME","ENSG00000150967"
"HALLMARK_PEROXISOME","ENSG00000114770"
"HALLMARK_PEROXISOME","ENSG00000006071"
"HALLMARK_PEROXISOME","ENSG00000101986"
"HALLMARK_PEROXISOME","ENSG00000173208"
"HALLMARK_PEROXISOME","ENSG00000117528"
"HALLMARK_PEROXISOME","ENSG00000060971"
"HALLMARK_PEROXISOME","ENSG00000101473"
"HALLMARK_PEROXISOME","ENSG00000161533"
"HALLMARK_PEROXISOME","ENSG00000151726"
"HALLMARK_PEROXISOME","ENSG00000068366"
"HALLMARK_PEROXISOME","ENSG00000197142"
"HALLMARK_PEROXISOME","ENSG00000163631"
"HALLMARK_PEROXISOME","ENSG00000165092"
"HALLMARK_PEROXISOME","ENSG00000143149"
"HALLMARK_PEROXISOME","ENSG00000124788"
"HALLMARK_PEROXISOME","ENSG00000142867"
"HALLMARK_PEROXISOME","ENSG00000148408"
"HALLMARK_PEROXISOME","ENSG00000182985"
"HALLMARK_PEROXISOME","ENSG00000121691"
"HALLMARK_PEROXISOME","ENSG00000134058"
"HALLMARK_PEROXISOME","ENSG00000170835"
"HALLMARK_PEROXISOME","ENSG00000128973"
"HALLMARK_PEROXISOME","ENSG00000182372"
"HALLMARK_PEROXISOME","ENSG00000169714"
"HALLMARK_PEROXISOME","ENSG00000166426"
"HALLMARK_PEROXISOME","ENSG00000143320"
"HALLMARK_PEROXISOME","ENSG00000095321"
"HALLMARK_PEROXISOME","ENSG00000159692"
"HALLMARK_PEROXISOME","ENSG00000171793"
"HALLMARK_PEROXISOME","ENSG00000116133"
"HALLMARK_PEROXISOME","ENSG00000162496"
"HALLMARK_PEROXISOME","ENSG00000211452"
"HALLMARK_PEROXISOME","ENSG00000132535"
"HALLMARK_PEROXISOME","ENSG00000104823"
"HALLMARK_PEROXISOME","ENSG00000198721"
"HALLMARK_PEROXISOME","ENSG00000113790"
"HALLMARK_PEROXISOME","ENSG00000012660"
"HALLMARK_PEROXISOME","ENSG00000120915"
"HALLMARK_PEROXISOME","ENSG00000012061"
"HALLMARK_PEROXISOME","ENSG00000163161"
"HALLMARK_PEROXISOME","ENSG00000140009"
"HALLMARK_PEROXISOME","ENSG00000170231"
"HALLMARK_PEROXISOME","ENSG00000149485"
"HALLMARK_PEROXISOME","ENSG00000160752"
"HALLMARK_PEROXISOME","ENSG00000214253"
"HALLMARK_PEROXISOME","ENSG00000116906"
"HALLMARK_PEROXISOME","ENSG00000197448"
"HALLMARK_PEROXISOME","ENSG00000116882"
"HALLMARK_PEROXISOME","ENSG00000117305"
"HALLMARK_PEROXISOME","ENSG00000174775"
"HALLMARK_PEROXISOME","ENSG00000176387"
"HALLMARK_PEROXISOME","ENSG00000198189"
"HALLMARK_PEROXISOME","ENSG00000133835"
"HALLMARK_PEROXISOME","ENSG00000099377"
"HALLMARK_PEROXISOME","ENSG00000119912"
"HALLMARK_PEROXISOME","ENSG00000138413"
"HALLMARK_PEROXISOME","ENSG00000182054"
"HALLMARK_PEROXISOME","ENSG00000067064"
"HALLMARK_PEROXISOME","ENSG00000066583"
"HALLMARK_PEROXISOME","ENSG00000119185"
"HALLMARK_PEROXISOME","ENSG00000102910"
"HALLMARK_PEROXISOME","ENSG00000103150"
"HALLMARK_PEROXISOME","ENSG00000095002"
"HALLMARK_PEROXISOME","ENSG00000013364"
"HALLMARK_PEROXISOME","ENSG00000144852"
"HALLMARK_PEROXISOME","ENSG00000213965"
"HALLMARK_PEROXISOME","ENSG00000070756"
"HALLMARK_PEROXISOME","ENSG00000166821"
"HALLMARK_PEROXISOME","ENSG00000131779"
"HALLMARK_PEROXISOME","ENSG00000162928"
"HALLMARK_PEROXISOME","ENSG00000142655"
"HALLMARK_PEROXISOME","ENSG00000164751"
"HALLMARK_PEROXISOME","ENSG00000139197"
"HALLMARK_PEROXISOME","ENSG00000124587"
"HALLMARK_PEROXISOME","ENSG00000117450"
"HALLMARK_PEROXISOME","ENSG00000126432"
"HALLMARK_PEROXISOME","ENSG00000072042"
"HALLMARK_PEROXISOME","ENSG00000042445"
"HALLMARK_PEROXISOME","ENSG00000143171"
"HALLMARK_PEROXISOME","ENSG00000149021"
"HALLMARK_PEROXISOME","ENSG00000116171"
"HALLMARK_PEROXISOME","ENSG00000075223"
"HALLMARK_PEROXISOME","ENSG00000170099"
"HALLMARK_PEROXISOME","ENSG00000196470"
"HALLMARK_PEROXISOME","ENSG00000089057"
"HALLMARK_PEROXISOME","ENSG00000100372"
"HALLMARK_PEROXISOME","ENSG00000125454"
"HALLMARK_PEROXISOME","ENSG00000151729"
"HALLMARK_PEROXISOME","ENSG00000140284"
"HALLMARK_PEROXISOME","ENSG00000157593"
"HALLMARK_PEROXISOME","ENSG00000173473"
"HALLMARK_PEROXISOME","ENSG00000142168"
"HALLMARK_PEROXISOME","ENSG00000291237"
"HALLMARK_PEROXISOME","ENSG00000101846"
"HALLMARK_PEROXISOME","ENSG00000088002"
"HALLMARK_PEROXISOME","ENSG00000131747"
"HALLMARK_PEROXISOME","ENSG00000100300"
"HALLMARK_PEROXISOME","ENSG00000118271"
"HALLMARK_PEROXISOME","ENSG00000197888"
"HALLMARK_PEROXISOME","ENSG00000119541"
"HALLMARK_PEROXISOME","ENSG00000128245"
"HALLMARK_PI3K_AKT_MTOR_SIGNALING","ENSG00000278540"
"HALLMARK_PI3K_AKT_MTOR_SIGNALING","ENSG00000138071"
"HALLMARK_PI3K_AKT_MTOR_SIGNALING","ENSG00000115091"
"HALLMARK_PI3K_AKT_MTOR_SIGNALING","ENSG00000078295"
"HALLMARK_PI3K_AKT_MTOR_SIGNALING","ENSG00000142208"
"HALLMARK_PI3K_AKT_MTOR_SIGNALING","ENSG00000204673"
"HALLMARK_PI3K_AKT_MTOR_SIGNALING","ENSG00000161203"
"HALLMARK_PI3K_AKT_MTOR_SIGNALING","ENSG00000143761"
"HALLMARK_PI3K_AKT_MTOR_SIGNALING","ENSG00000141522"
"HALLMARK_PI3K_AKT_MTOR_SIGNALING","ENSG00000111229"
"HALLMARK_PI3K_AKT_MTOR_SIGNALING","ENSG00000123268"
"HALLMARK_PI3K_AKT_MTOR_SIGNALING","ENSG00000135932"
"HALLMARK_PI3K_AKT_MTOR_SIGNALING","ENSG00000102547"
"HALLMARK_PI3K_AKT_MTOR_SIGNALING","ENSG00000179218"
"HALLMARK_PI3K_AKT_MTOR_SIGNALING","ENSG00000152495"
"HALLMARK_PI3K_AKT_MTOR_SIGNALING","ENSG00000170312"
"HALLMARK_PI3K_AKT_MTOR_SIGNALING","ENSG00000123374"
"HALLMARK_PI3K_AKT_MTOR_SIGNALING","ENSG00000135446"
"HALLMARK_PI3K_AKT_MTOR_SIGNALING","ENSG00000124762"
"HALLMARK_PI3K_AKT_MTOR_SIGNALING","ENSG00000111276"
"HALLMARK_PI3K_AKT_MTOR_SIGNALING","ENSG00000172757"
"HALLMARK_PI3K_AKT_MTOR_SIGNALING","ENSG00000141367"
"HALLMARK_PI3K_AKT_MTOR_SIGNALING","ENSG00000204435"
"HALLMARK_PI3K_AKT_MTOR_SIGNALING","ENSG00000121966"
"HALLMARK_PI3K_AKT_MTOR_SIGNALING","ENSG00000070190"
"HALLMARK_PI3K_AKT_MTOR_SIGNALING","ENSG00000175197"
"HALLMARK_PI3K_AKT_MTOR_SIGNALING","ENSG00000108861"
"HALLMARK_PI3K_AKT_MTOR_SIGNALING","ENSG00000101412"
"HALLMARK_PI3K_AKT_MTOR_SIGNALING","ENSG00000130159"
"HALLMARK_PI3K_AKT_MTOR_SIGNALING","ENSG00000146648"
"HALLMARK_PI3K_AKT_MTOR_SIGNALING","ENSG00000151247"
"HALLMARK_PI3K_AKT_MTOR_SIGNALING","ENSG00000117560"
"HALLMARK_PI3K_AKT_MTOR_SIGNALING","ENSG00000158815"
"HALLMARK_PI3K_AKT_MTOR_SIGNALING","ENSG00000070388"
"HALLMARK_PI3K_AKT_MTOR_SIGNALING","ENSG00000111241"
"HALLMARK_PI3K_AKT_MTOR_SIGNALING","ENSG00000156049"
"HALLMARK_PI3K_AKT_MTOR_SIGNALING","ENSG00000127928"
"HALLMARK_PI3K_AKT_MTOR_SIGNALING","ENSG00000177885"
"HALLMARK_PI3K_AKT_MTOR_SIGNALING","ENSG00000173020"
"HALLMARK_PI3K_AKT_MTOR_SIGNALING","ENSG00000082701"
"HALLMARK_PI3K_AKT_MTOR_SIGNALING","ENSG00000174775"
"HALLMARK_PI3K_AKT_MTOR_SIGNALING","ENSG00000166598"
"HALLMARK_PI3K_AKT_MTOR_SIGNALING","ENSG00000147168"
"HALLMARK_PI3K_AKT_MTOR_SIGNALING","ENSG00000113520"
"HALLMARK_PI3K_AKT_MTOR_SIGNALING","ENSG00000198001"
"HALLMARK_PI3K_AKT_MTOR_SIGNALING","ENSG00000123104"
"HALLMARK_PI3K_AKT_MTOR_SIGNALING","ENSG00000182866"
"HALLMARK_PI3K_AKT_MTOR_SIGNALING","ENSG00000034152"
"HALLMARK_PI3K_AKT_MTOR_SIGNALING","ENSG00000108984"
"HALLMARK_PI3K_AKT_MTOR_SIGNALING","ENSG00000135341"
"HALLMARK_PI3K_AKT_MTOR_SIGNALING","ENSG00000100030"
"HALLMARK_PI3K_AKT_MTOR_SIGNALING","ENSG00000109339"
"HALLMARK_PI3K_AKT_MTOR_SIGNALING","ENSG00000107643"
"HALLMARK_PI3K_AKT_MTOR_SIGNALING","ENSG00000050748"
"HALLMARK_PI3K_AKT_MTOR_SIGNALING","ENSG00000119487"
"HALLMARK_PI3K_AKT_MTOR_SIGNALING","ENSG00000079277"
"HALLMARK_PI3K_AKT_MTOR_SIGNALING","ENSG00000099875"
"HALLMARK_PI3K_AKT_MTOR_SIGNALING","ENSG00000172936"
"HALLMARK_PI3K_AKT_MTOR_SIGNALING","ENSG00000158092"
"HALLMARK_PI3K_AKT_MTOR_SIGNALING","ENSG00000104825"
"HALLMARK_PI3K_AKT_MTOR_SIGNALING","ENSG00000134259"
"HALLMARK_PI3K_AKT_MTOR_SIGNALING","ENSG00000106100"
"HALLMARK_PI3K_AKT_MTOR_SIGNALING","ENSG00000130669"
"HALLMARK_PI3K_AKT_MTOR_SIGNALING","ENSG00000152256"
"HALLMARK_PI3K_AKT_MTOR_SIGNALING","ENSG00000108518"
"HALLMARK_PI3K_AKT_MTOR_SIGNALING","ENSG00000117461"
"HALLMARK_PI3K_AKT_MTOR_SIGNALING","ENSG00000115020"
"HALLMARK_PI3K_AKT_MTOR_SIGNALING","ENSG00000127445"
"HALLMARK_PI3K_AKT_MTOR_SIGNALING","ENSG00000164093"
"HALLMARK_PI3K_AKT_MTOR_SIGNALING","ENSG00000123739"
"HALLMARK_PI3K_AKT_MTOR_SIGNALING","ENSG00000182621"
"HALLMARK_PI3K_AKT_MTOR_SIGNALING","ENSG00000124181"
"HALLMARK_PI3K_AKT_MTOR_SIGNALING","ENSG00000172531"
"HALLMARK_PI3K_AKT_MTOR_SIGNALING","ENSG00000137713"
"HALLMARK_PI3K_AKT_MTOR_SIGNALING","ENSG00000162409"
"HALLMARK_PI3K_AKT_MTOR_SIGNALING","ENSG00000181929"
"HALLMARK_PI3K_AKT_MTOR_SIGNALING","ENSG00000114302"
"HALLMARK_PI3K_AKT_MTOR_SIGNALING","ENSG00000166501"
"HALLMARK_PI3K_AKT_MTOR_SIGNALING","ENSG00000171862"
"HALLMARK_PI3K_AKT_MTOR_SIGNALING","ENSG00000179295"
"HALLMARK_PI3K_AKT_MTOR_SIGNALING","ENSG00000136238"
"HALLMARK_PI3K_AKT_MTOR_SIGNALING","ENSG00000132155"
"HALLMARK_PI3K_AKT_MTOR_SIGNALING","ENSG00000144118"
"HALLMARK_PI3K_AKT_MTOR_SIGNALING","ENSG00000137275"
"HALLMARK_PI3K_AKT_MTOR_SIGNALING","ENSG00000143622"
"HALLMARK_PI3K_AKT_MTOR_SIGNALING","ENSG00000117676"
"HALLMARK_PI3K_AKT_MTOR_SIGNALING","ENSG00000177189"
"HALLMARK_PI3K_AKT_MTOR_SIGNALING","ENSG00000141564"
"HALLMARK_PI3K_AKT_MTOR_SIGNALING","ENSG00000175793"
"HALLMARK_PI3K_AKT_MTOR_SIGNALING","ENSG00000155926"
"HALLMARK_PI3K_AKT_MTOR_SIGNALING","ENSG00000117394"
"HALLMARK_PI3K_AKT_MTOR_SIGNALING","ENSG00000175387"
"HALLMARK_PI3K_AKT_MTOR_SIGNALING","ENSG00000161011"
"HALLMARK_PI3K_AKT_MTOR_SIGNALING","ENSG00000170581"
"HALLMARK_PI3K_AKT_MTOR_SIGNALING","ENSG00000183735"
"HALLMARK_PI3K_AKT_MTOR_SIGNALING","ENSG00000159445"
"HALLMARK_PI3K_AKT_MTOR_SIGNALING","ENSG00000156299"
"HALLMARK_PI3K_AKT_MTOR_SIGNALING","ENSG00000067182"
"HALLMARK_PI3K_AKT_MTOR_SIGNALING","ENSG00000127191"
"HALLMARK_PI3K_AKT_MTOR_SIGNALING","ENSG00000101255"
"HALLMARK_PI3K_AKT_MTOR_SIGNALING","ENSG00000103197"
"HALLMARK_PI3K_AKT_MTOR_SIGNALING","ENSG00000109332"
"HALLMARK_PI3K_AKT_MTOR_SIGNALING","ENSG00000177889"
"HALLMARK_PI3K_AKT_MTOR_SIGNALING","ENSG00000134215"
"HALLMARK_PI3K_AKT_MTOR_SIGNALING","ENSG00000166913"
"HALLMARK_PROTEIN_SECRETION","ENSG00000165029"
"HALLMARK_PROTEIN_SECRETION","ENSG00000137845"
"HALLMARK_PROTEIN_SECRETION","ENSG00000143401"
"HALLMARK_PROTEIN_SECRETION","ENSG00000166747"
"HALLMARK_PROTEIN_SECRETION","ENSG00000006125"
"HALLMARK_PROTEIN_SECRETION","ENSG00000161203"
"HALLMARK_PROTEIN_SECRETION","ENSG00000042753"
"HALLMARK_PROTEIN_SECRETION","ENSG00000132842"
"HALLMARK_PROTEIN_SECRETION","ENSG00000177879"
"HALLMARK_PROTEIN_SECRETION","ENSG00000095139"
"HALLMARK_PROTEIN_SECRETION","ENSG00000143761"
"HALLMARK_PROTEIN_SECRETION","ENSG00000242247"
"HALLMARK_PROTEIN_SECRETION","ENSG00000066777"
"HALLMARK_PROTEIN_SECRETION","ENSG00000124198"
"HALLMARK_PROTEIN_SECRETION","ENSG00000164144"
"HALLMARK_PROTEIN_SECRETION","ENSG00000163399"
"HALLMARK_PROTEIN_SECRETION","ENSG00000116039"
"HALLMARK_PROTEIN_SECRETION","ENSG00000047249"
"HALLMARK_PROTEIN_SECRETION","ENSG00000165240"
"HALLMARK_PROTEIN_SECRETION","ENSG00000105829"
"HALLMARK_PROTEIN_SECRETION","ENSG00000176171"
"HALLMARK_PROTEIN_SECRETION","ENSG00000105971"
"HALLMARK_PROTEIN_SECRETION","ENSG00000135404"
"HALLMARK_PROTEIN_SECRETION","ENSG00000109572"
"HALLMARK_PROTEIN_SECRETION","ENSG00000102805"
"HALLMARK_PROTEIN_SECRETION","ENSG00000122705"
"HALLMARK_PROTEIN_SECRETION","ENSG00000141367"
"HALLMARK_PROTEIN_SECRETION","ENSG00000135775"
"HALLMARK_PROTEIN_SECRETION","ENSG00000129083"
"HALLMARK_PROTEIN_SECRETION","ENSG00000184432"
"HALLMARK_PROTEIN_SECRETION","ENSG00000105669"
"HALLMARK_PROTEIN_SECRETION","ENSG00000109861"
"HALLMARK_PROTEIN_SECRETION","ENSG00000087470"
"HALLMARK_PROTEIN_SECRETION","ENSG00000083097"
"HALLMARK_PROTEIN_SECRETION","ENSG00000151914"
"HALLMARK_PROTEIN_SECRETION","ENSG00000146648"
"HALLMARK_PROTEIN_SECRETION","ENSG00000125991"
"HALLMARK_PROTEIN_SECRETION","ENSG00000054983"
"HALLMARK_PROTEIN_SECRETION","ENSG00000107862"
"HALLMARK_PROTEIN_SECRETION","ENSG00000102393"
"HALLMARK_PROTEIN_SECRETION","ENSG00000087460"
"HALLMARK_PROTEIN_SECRETION","ENSG00000144674"
"HALLMARK_PROTEIN_SECRETION","ENSG00000108433"
"HALLMARK_PROTEIN_SECRETION","ENSG00000003147"
"HALLMARK_PROTEIN_SECRETION","ENSG00000197081"
"HALLMARK_PROTEIN_SECRETION","ENSG00000054523"
"HALLMARK_PROTEIN_SECRETION","ENSG00000111057"
"HALLMARK_PROTEIN_SECRETION","ENSG00000005893"
"HALLMARK_PROTEIN_SECRETION","ENSG00000074695"
"HALLMARK_PROTEIN_SECRETION","ENSG00000003056"
"HALLMARK_PROTEIN_SECRETION","ENSG00000100030"
"HALLMARK_PROTEIN_SECRETION","ENSG00000061987"
"HALLMARK_PROTEIN_SECRETION","ENSG00000105402"
"HALLMARK_PROTEIN_SECRETION","ENSG00000134265"
"HALLMARK_PROTEIN_SECRETION","ENSG00000122126"
"HALLMARK_PROTEIN_SECRETION","ENSG00000145730"
"HALLMARK_PROTEIN_SECRETION","ENSG00000131238"
"HALLMARK_PROTEIN_SECRETION","ENSG00000119396"
"HALLMARK_PROTEIN_SECRETION","ENSG00000124209"
"HALLMARK_PROTEIN_SECRETION","ENSG00000104388"
"HALLMARK_PROTEIN_SECRETION","ENSG00000144566"
"HALLMARK_PROTEIN_SECRETION","ENSG00000123595"
"HALLMARK_PROTEIN_SECRETION","ENSG00000157916"
"HALLMARK_PROTEIN_SECRETION","ENSG00000177189"
"HALLMARK_PROTEIN_SECRETION","ENSG00000085365"
"HALLMARK_PROTEIN_SECRETION","ENSG00000116521"
"HALLMARK_PROTEIN_SECRETION","ENSG00000136193"
"HALLMARK_PROTEIN_SECRETION","ENSG00000265808"
"HALLMARK_PROTEIN_SECRETION","ENSG00000150961"
"HALLMARK_PROTEIN_SECRETION","ENSG00000138674"
"HALLMARK_PROTEIN_SECRETION","ENSG00000198964"
"HALLMARK_PROTEIN_SECRETION","ENSG00000107295"
"HALLMARK_PROTEIN_SECRETION","ENSG00000092531"
"HALLMARK_PROTEIN_SECRETION","ENSG00000205302"
"HALLMARK_PROTEIN_SECRETION","ENSG00000142168"
"HALLMARK_PROTEIN_SECRETION","ENSG00000123096"
"HALLMARK_PROTEIN_SECRETION","ENSG00000136738"
"HALLMARK_PROTEIN_SECRETION","ENSG00000117758"
"HALLMARK_PROTEIN_SECRETION","ENSG00000124222"
"HALLMARK_PROTEIN_SECRETION","ENSG00000079950"
"HALLMARK_PROTEIN_SECRETION","ENSG00000170348"
"HALLMARK_PROTEIN_SECRETION","ENSG00000086598"
"HALLMARK_PROTEIN_SECRETION","ENSG00000139921"
"HALLMARK_PROTEIN_SECRETION","ENSG00000141198"
"HALLMARK_PROTEIN_SECRETION","ENSG00000076554"
"HALLMARK_PROTEIN_SECRETION","ENSG00000074319"
"HALLMARK_PROTEIN_SECRETION","ENSG00000127324"
"HALLMARK_PROTEIN_SECRETION","ENSG00000138768"
"HALLMARK_PROTEIN_SECRETION","ENSG00000049245"
"HALLMARK_PROTEIN_SECRETION","ENSG00000117533"
"HALLMARK_PROTEIN_SECRETION","ENSG00000124333"
"HALLMARK_PROTEIN_SECRETION","ENSG00000292366"
"HALLMARK_PROTEIN_SECRETION","ENSG00000136631"
"HALLMARK_PROTEIN_SECRETION","ENSG00000119541"
"HALLMARK_PROTEIN_SECRETION","ENSG00000181704"
"HALLMARK_PROTEIN_SECRETION","ENSG00000106636"
"HALLMARK_PROTEIN_SECRETION","ENSG00000086827"
"HALLMARK_REACTIVE_OXYGEN_SPECIES_PATHWAY","ENSG00000103222"
"HALLMARK_REACTIVE_OXYGEN_SPECIES_PATHWAY","ENSG00000177556"
"HALLMARK_REACTIVE_OXYGEN_SPECIES_PATHWAY","ENSG00000121691"
"HALLMARK_REACTIVE_OXYGEN_SPECIES_PATHWAY","ENSG00000129355"
"HALLMARK_REACTIVE_OXYGEN_SPECIES_PATHWAY","ENSG00000269858"
"HALLMARK_REACTIVE_OXYGEN_SPECIES_PATHWAY","ENSG00000104884"
"HALLMARK_REACTIVE_OXYGEN_SPECIES_PATHWAY","ENSG00000182511"
"HALLMARK_REACTIVE_OXYGEN_SPECIES_PATHWAY","ENSG00000087086"
"HALLMARK_REACTIVE_OXYGEN_SPECIES_PATHWAY","ENSG00000160211"
"HALLMARK_REACTIVE_OXYGEN_SPECIES_PATHWAY","ENSG00000001084"
"HALLMARK_REACTIVE_OXYGEN_SPECIES_PATHWAY","ENSG00000023909"
"HALLMARK_REACTIVE_OXYGEN_SPECIES_PATHWAY","ENSG00000173221"
"HALLMARK_REACTIVE_OXYGEN_SPECIES_PATHWAY","ENSG00000023572"
"HALLMARK_REACTIVE_OXYGEN_SPECIES_PATHWAY","ENSG00000211445"
"HALLMARK_REACTIVE_OXYGEN_SPECIES_PATHWAY","ENSG00000167468"
"HALLMARK_REACTIVE_OXYGEN_SPECIES_PATHWAY","ENSG00000104687"
"HALLMARK_REACTIVE_OXYGEN_SPECIES_PATHWAY","ENSG00000152804"
"HALLMARK_REACTIVE_OXYGEN_SPECIES_PATHWAY","ENSG00000103415"
"HALLMARK_REACTIVE_OXYGEN_SPECIES_PATHWAY","ENSG00000074706"
"HALLMARK_REACTIVE_OXYGEN_SPECIES_PATHWAY","ENSG00000171223"
"HALLMARK_REACTIVE_OXYGEN_SPECIES_PATHWAY","ENSG00000134248"
"HALLMARK_REACTIVE_OXYGEN_SPECIES_PATHWAY","ENSG00000130592"
"HALLMARK_REACTIVE_OXYGEN_SPECIES_PATHWAY","ENSG00000197971"
"HALLMARK_REACTIVE_OXYGEN_SPECIES_PATHWAY","ENSG00000008394"
"HALLMARK_REACTIVE_OXYGEN_SPECIES_PATHWAY","ENSG00000005381"
"HALLMARK_REACTIVE_OXYGEN_SPECIES_PATHWAY","ENSG00000175806"
"HALLMARK_REACTIVE_OXYGEN_SPECIES_PATHWAY","ENSG00000184983"
"HALLMARK_REACTIVE_OXYGEN_SPECIES_PATHWAY","ENSG00000065518"
"HALLMARK_REACTIVE_OXYGEN_SPECIES_PATHWAY","ENSG00000158864"
"HALLMARK_REACTIVE_OXYGEN_SPECIES_PATHWAY","ENSG00000181019"
"HALLMARK_REACTIVE_OXYGEN_SPECIES_PATHWAY","ENSG00000172939"
"HALLMARK_REACTIVE_OXYGEN_SPECIES_PATHWAY","ENSG00000107438"
"HALLMARK_REACTIVE_OXYGEN_SPECIES_PATHWAY","ENSG00000067057"
"HALLMARK_REACTIVE_OXYGEN_SPECIES_PATHWAY","ENSG00000117450"
"HALLMARK_REACTIVE_OXYGEN_SPECIES_PATHWAY","ENSG00000167815"
"HALLMARK_REACTIVE_OXYGEN_SPECIES_PATHWAY","ENSG00000123131"
"HALLMARK_REACTIVE_OXYGEN_SPECIES_PATHWAY","ENSG00000117592"
"HALLMARK_REACTIVE_OXYGEN_SPECIES_PATHWAY","ENSG00000171867"
"HALLMARK_REACTIVE_OXYGEN_SPECIES_PATHWAY","ENSG00000119383"
"HALLMARK_REACTIVE_OXYGEN_SPECIES_PATHWAY","ENSG00000064932"
"HALLMARK_REACTIVE_OXYGEN_SPECIES_PATHWAY","ENSG00000156304"
"HALLMARK_REACTIVE_OXYGEN_SPECIES_PATHWAY","ENSG00000131871"
"HALLMARK_REACTIVE_OXYGEN_SPECIES_PATHWAY","ENSG00000142168"
"HALLMARK_REACTIVE_OXYGEN_SPECIES_PATHWAY","ENSG00000291237"
"HALLMARK_REACTIVE_OXYGEN_SPECIES_PATHWAY","ENSG00000271303"
"HALLMARK_REACTIVE_OXYGEN_SPECIES_PATHWAY","ENSG00000115694"
"HALLMARK_REACTIVE_OXYGEN_SPECIES_PATHWAY","ENSG00000136810"
"HALLMARK_REACTIVE_OXYGEN_SPECIES_PATHWAY","ENSG00000198431"
"HALLMARK_REACTIVE_OXYGEN_SPECIES_PATHWAY","ENSG00000184470"
"HALLMARK_SPERMATOGENESIS","ENSG00000159640"
"HALLMARK_SPERMATOGENESIS","ENSG00000111644"
"HALLMARK_SPERMATOGENESIS","ENSG00000134940"
"HALLMARK_SPERMATOGENESIS","ENSG00000148156"
"HALLMARK_SPERMATOGENESIS","ENSG00000164113"
"HALLMARK_SPERMATOGENESIS","ENSG00000104755"
"HALLMARK_SPERMATOGENESIS","ENSG00000141433"
"HALLMARK_SPERMATOGENESIS","ENSG00000173744"
"HALLMARK_SPERMATOGENESIS","ENSG00000147081"
"HALLMARK_SPERMATOGENESIS","ENSG00000161905"
"HALLMARK_SPERMATOGENESIS","ENSG00000122644"
"HALLMARK_SPERMATOGENESIS","ENSG00000156219"
"HALLMARK_SPERMATOGENESIS","ENSG00000087586"
"HALLMARK_SPERMATOGENESIS","ENSG00000157764"
"HALLMARK_SPERMATOGENESIS","ENSG00000169679"
"HALLMARK_SPERMATOGENESIS","ENSG00000152495"
"HALLMARK_SPERMATOGENESIS","ENSG00000133101"
"HALLMARK_SPERMATOGENESIS","ENSG00000157456"
"HALLMARK_SPERMATOGENESIS","ENSG00000132141"
"HALLMARK_SPERMATOGENESIS","ENSG00000170312"
"HALLMARK_SPERMATOGENESIS","ENSG00000100526"
"HALLMARK_SPERMATOGENESIS","ENSG00000001626"
"HALLMARK_SPERMATOGENESIS","ENSG00000072609"
"HALLMARK_SPERMATOGENESIS","ENSG00000180720"
"HALLMARK_SPERMATOGENESIS","ENSG00000153132"
"HALLMARK_SPERMATOGENESIS","ENSG00000162129"
"HALLMARK_SPERMATOGENESIS","ENSG00000177182"
"HALLMARK_SPERMATOGENESIS","ENSG00000174871"
"HALLMARK_SPERMATOGENESIS","ENSG00000121058"
"HALLMARK_SPERMATOGENESIS","ENSG00000124490"
"HALLMARK_SPERMATOGENESIS","ENSG00000070770"
"HALLMARK_SPERMATOGENESIS","ENSG00000125815"
"HALLMARK_SPERMATOGENESIS","ENSG00000006634"
"HALLMARK_SPERMATOGENESIS","ENSG00000187323"
"HALLMARK_SPERMATOGENESIS","ENSG00000109832"
"HALLMARK_SPERMATOGENESIS","ENSG00000152670"
"HALLMARK_SPERMATOGENESIS","ENSG00000100206"
"HALLMARK_SPERMATOGENESIS","ENSG00000137090"
"HALLMARK_SPERMATOGENESIS","ENSG00000179407"
"HALLMARK_SPERMATOGENESIS","ENSG00000141096"
"HALLMARK_SPERMATOGENESIS","ENSG00000119915"
"HALLMARK_SPERMATOGENESIS","ENSG00000106462"
"HALLMARK_SPERMATOGENESIS","ENSG00000128683"
"HALLMARK_SPERMATOGENESIS","ENSG00000105679"
"HALLMARK_SPERMATOGENESIS","ENSG00000162676"
"HALLMARK_SPERMATOGENESIS","ENSG00000087338"
"HALLMARK_SPERMATOGENESIS","ENSG00000166856"
"HALLMARK_SPERMATOGENESIS","ENSG00000179603"
"HALLMARK_SPERMATOGENESIS","ENSG00000111305"
"HALLMARK_SPERMATOGENESIS","ENSG00000134202"
"HALLMARK_SPERMATOGENESIS","ENSG00000187475"
"HALLMARK_SPERMATOGENESIS","ENSG00000130656"
"HALLMARK_SPERMATOGENESIS","ENSG00000120094"
"HALLMARK_SPERMATOGENESIS","ENSG00000204390"
"HALLMARK_SPERMATOGENESIS","ENSG00000126803"
"HALLMARK_SPERMATOGENESIS","ENSG00000164070"
"HALLMARK_SPERMATOGENESIS","ENSG00000157219"
"HALLMARK_SPERMATOGENESIS","ENSG00000119912"
"HALLMARK_SPERMATOGENESIS","ENSG00000032742"
"HALLMARK_SPERMATOGENESIS","ENSG00000081985"
"HALLMARK_SPERMATOGENESIS","ENSG00000123496"
"HALLMARK_SPERMATOGENESIS","ENSG00000176095"
"HALLMARK_SPERMATOGENESIS","ENSG00000166086"
"HALLMARK_SPERMATOGENESIS","ENSG00000142945"
"HALLMARK_SPERMATOGENESIS","ENSG00000166796"
"HALLMARK_SPERMATOGENESIS","ENSG00000134324"
"HALLMARK_SPERMATOGENESIS","ENSG00000135525"
"HALLMARK_SPERMATOGENESIS","ENSG00000086015"
"HALLMARK_SPERMATOGENESIS","ENSG00000141434"
"HALLMARK_SPERMATOGENESIS","ENSG00000178053"
"HALLMARK_SPERMATOGENESIS","ENSG00000078403"
"HALLMARK_SPERMATOGENESIS","ENSG00000168412"
"HALLMARK_SPERMATOGENESIS","ENSG00000198793"
"HALLMARK_SPERMATOGENESIS","ENSG00000156269"
"HALLMARK_SPERMATOGENESIS","ENSG00000121152"
"HALLMARK_SPERMATOGENESIS","ENSG00000100285"
"HALLMARK_SPERMATOGENESIS","ENSG00000117650"
"HALLMARK_SPERMATOGENESIS","ENSG00000186575"
"HALLMARK_SPERMATOGENESIS","ENSG00000089250"
"HALLMARK_SPERMATOGENESIS","ENSG00000144061"
"HALLMARK_SPERMATOGENESIS","ENSG00000164129"
"HALLMARK_SPERMATOGENESIS","ENSG00000143450"
"HALLMARK_SPERMATOGENESIS","ENSG00000155087"
"HALLMARK_SPERMATOGENESIS","ENSG00000112530"
"HALLMARK_SPERMATOGENESIS","ENSG00000218823"
"HALLMARK_SPERMATOGENESIS","ENSG00000129484"
"HALLMARK_SPERMATOGENESIS","ENSG00000102109"
"HALLMARK_SPERMATOGENESIS","ENSG00000115257"
"HALLMARK_SPERMATOGENESIS","ENSG00000163114"
"HALLMARK_SPERMATOGENESIS","ENSG00000089220"
"HALLMARK_SPERMATOGENESIS","ENSG00000170950"
"HALLMARK_SPERMATOGENESIS","ENSG00000087157"
"HALLMARK_SPERMATOGENESIS","ENSG00000010318"
"HALLMARK_SPERMATOGENESIS","ENSG00000156873"
"HALLMARK_SPERMATOGENESIS","ENSG00000078043"
"HALLMARK_SPERMATOGENESIS","ENSG00000115138"
"HALLMARK_SPERMATOGENESIS","ENSG00000114302"
"HALLMARK_SPERMATOGENESIS","ENSG00000122304"
"HALLMARK_SPERMATOGENESIS","ENSG00000183527"
"HALLMARK_SPERMATOGENESIS","ENSG00000152942"
"HALLMARK_SPERMATOGENESIS","ENSG00000163918"
"HALLMARK_SPERMATOGENESIS","ENSG00000163923"
"HALLMARK_SPERMATOGENESIS","ENSG00000104112"
"HALLMARK_SPERMATOGENESIS","ENSG00000166922"
"HALLMARK_SPERMATOGENESIS","ENSG00000108387"
"HALLMARK_SPERMATOGENESIS","ENSG00000169291"
"HALLMARK_SPERMATOGENESIS","ENSG00000096717"
"HALLMARK_SPERMATOGENESIS","ENSG00000064651"
"HALLMARK_SPERMATOGENESIS","ENSG00000142583"
"HALLMARK_SPERMATOGENESIS","ENSG00000065609"
"HALLMARK_SPERMATOGENESIS","ENSG00000132122"
"HALLMARK_SPERMATOGENESIS","ENSG00000105549"
"HALLMARK_SPERMATOGENESIS","ENSG00000115145"
"HALLMARK_SPERMATOGENESIS","ENSG00000165209"
"HALLMARK_SPERMATOGENESIS","ENSG00000198765"
"HALLMARK_SPERMATOGENESIS","ENSG00000177156"
"HALLMARK_SPERMATOGENESIS","ENSG00000124678"
"HALLMARK_SPERMATOGENESIS","ENSG00000092850"
"HALLMARK_SPERMATOGENESIS","ENSG00000007350"
"HALLMARK_SPERMATOGENESIS","ENSG00000106829"
"HALLMARK_SPERMATOGENESIS","ENSG00000129991"
"HALLMARK_SPERMATOGENESIS","ENSG00000118245"
"HALLMARK_SPERMATOGENESIS","ENSG00000178279"
"HALLMARK_SPERMATOGENESIS","ENSG00000163781"
"HALLMARK_SPERMATOGENESIS","ENSG00000211460"
"HALLMARK_SPERMATOGENESIS","ENSG00000206203"
"HALLMARK_SPERMATOGENESIS","ENSG00000112742"
"HALLMARK_SPERMATOGENESIS","ENSG00000198033"
"HALLMARK_SPERMATOGENESIS","ENSG00000104804"
"HALLMARK_SPERMATOGENESIS","ENSG00000078668"
"HALLMARK_SPERMATOGENESIS","ENSG00000006047"
"HALLMARK_SPERMATOGENESIS","ENSG00000119703"
"HALLMARK_SPERMATOGENESIS","ENSG00000100722"
"HALLMARK_SPERMATOGENESIS","ENSG00000105428"
"HALLMARK_SPERMATOGENESIS","ENSG00000042813"
"HALLMARK_TGF_BETA_SIGNALING","ENSG00000115170"
"HALLMARK_TGF_BETA_SIGNALING","ENSG00000134982"
"HALLMARK_TGF_BETA_SIGNALING","ENSG00000054267"
"HALLMARK_TGF_BETA_SIGNALING","ENSG00000137936"
"HALLMARK_TGF_BETA_SIGNALING","ENSG00000125845"
"HALLMARK_TGF_BETA_SIGNALING","ENSG00000107779"
"HALLMARK_TGF_BETA_SIGNALING","ENSG00000204217"
"HALLMARK_TGF_BETA_SIGNALING","ENSG00000039068"
"HALLMARK_TGF_BETA_SIGNALING","ENSG00000136807"
"HALLMARK_TGF_BETA_SIGNALING","ENSG00000129757"
"HALLMARK_TGF_BETA_SIGNALING","ENSG00000168036"
"HALLMARK_TGF_BETA_SIGNALING","ENSG00000106991"
"HALLMARK_TGF_BETA_SIGNALING","ENSG00000088832"
"HALLMARK_TGF_BETA_SIGNALING","ENSG00000168522"
"HALLMARK_TGF_BETA_SIGNALING","ENSG00000140564"
"HALLMARK_TGF_BETA_SIGNALING","ENSG00000116478"
"HALLMARK_TGF_BETA_SIGNALING","ENSG00000064393"
"HALLMARK_TGF_BETA_SIGNALING","ENSG00000125968"
"HALLMARK_TGF_BETA_SIGNALING","ENSG00000115738"
"HALLMARK_TGF_BETA_SIGNALING","ENSG00000117318"
"HALLMARK_TGF_BETA_SIGNALING","ENSG00000159128"
"HALLMARK_TGF_BETA_SIGNALING","ENSG00000171223"
"HALLMARK_TGF_BETA_SIGNALING","ENSG00000155090"
"HALLMARK_TGF_BETA_SIGNALING","ENSG00000143768"
"HALLMARK_TGF_BETA_SIGNALING","ENSG00000119681"
"HALLMARK_TGF_BETA_SIGNALING","ENSG00000135341"
"HALLMARK_TGF_BETA_SIGNALING","ENSG00000196498"
"HALLMARK_TGF_BETA_SIGNALING","ENSG00000183691"
"HALLMARK_TGF_BETA_SIGNALING","ENSG00000124225"
"HALLMARK_TGF_BETA_SIGNALING","ENSG00000100614"
"HALLMARK_TGF_BETA_SIGNALING","ENSG00000172531"
"HALLMARK_TGF_BETA_SIGNALING","ENSG00000087074"
"HALLMARK_TGF_BETA_SIGNALING","ENSG00000168461"
"HALLMARK_TGF_BETA_SIGNALING","ENSG00000067560"
"HALLMARK_TGF_BETA_SIGNALING","ENSG00000106366"
"HALLMARK_TGF_BETA_SIGNALING","ENSG00000157933"
"HALLMARK_TGF_BETA_SIGNALING","ENSG00000136603"
"HALLMARK_TGF_BETA_SIGNALING","ENSG00000144136"
"HALLMARK_TGF_BETA_SIGNALING","ENSG00000170365"
"HALLMARK_TGF_BETA_SIGNALING","ENSG00000166949"
"HALLMARK_TGF_BETA_SIGNALING","ENSG00000137834"
"HALLMARK_TGF_BETA_SIGNALING","ENSG00000101665"
"HALLMARK_TGF_BETA_SIGNALING","ENSG00000198742"
"HALLMARK_TGF_BETA_SIGNALING","ENSG00000108854"
"HALLMARK_TGF_BETA_SIGNALING","ENSG00000115306"
"HALLMARK_TGF_BETA_SIGNALING","ENSG00000105329"
"HALLMARK_TGF_BETA_SIGNALING","ENSG00000106799"
"HALLMARK_TGF_BETA_SIGNALING","ENSG00000177426"
"HALLMARK_TGF_BETA_SIGNALING","ENSG00000137801"
"HALLMARK_TGF_BETA_SIGNALING","ENSG00000104067"
"HALLMARK_TGF_BETA_SIGNALING","ENSG00000197323"
"HALLMARK_TGF_BETA_SIGNALING","ENSG00000109332"
"HALLMARK_TGF_BETA_SIGNALING","ENSG00000018408"
"HALLMARK_TGF_BETA_SIGNALING","ENSG00000101966"
"HALLMARK_TNFA_SIGNALING_VIA_NFKB","ENSG00000165029"
"HALLMARK_TNFA_SIGNALING_VIA_NFKB","ENSG00000144476"
"HALLMARK_TNFA_SIGNALING_VIA_NFKB","ENSG00000109321"
"HALLMARK_TNFA_SIGNALING_VIA_NFKB","ENSG00000162772"
"HALLMARK_TNFA_SIGNALING_VIA_NFKB","ENSG00000070961"
"HALLMARK_TNFA_SIGNALING_VIA_NFKB","ENSG00000086062"
"HALLMARK_TNFA_SIGNALING_VIA_NFKB","ENSG00000158470"
"HALLMARK_TNFA_SIGNALING_VIA_NFKB","ENSG00000140379"
"HALLMARK_TNFA_SIGNALING_VIA_NFKB","ENSG00000069399"
"HALLMARK_TNFA_SIGNALING_VIA_NFKB","ENSG00000113916"
"HALLMARK_TNFA_SIGNALING_VIA_NFKB","ENSG00000134107"
"HALLMARK_TNFA_SIGNALING_VIA_NFKB","ENSG00000110330"
"HALLMARK_TNFA_SIGNALING_VIA_NFKB","ENSG00000023445"
"HALLMARK_TNFA_SIGNALING_VIA_NFKB","ENSG00000125845"
"HALLMARK_TNFA_SIGNALING_VIA_NFKB","ENSG00000133639"
"HALLMARK_TNFA_SIGNALING_VIA_NFKB","ENSG00000159388"
"HALLMARK_TNFA_SIGNALING_VIA_NFKB","ENSG00000154640"
"HALLMARK_TNFA_SIGNALING_VIA_NFKB","ENSG00000108691"
"HALLMARK_TNFA_SIGNALING_VIA_NFKB","ENSG00000115009"
"HALLMARK_TNFA_SIGNALING_VIA_NFKB","ENSG00000275302"
"HALLMARK_TNFA_SIGNALING_VIA_NFKB","ENSG00000271503"
"HALLMARK_TNFA_SIGNALING_VIA_NFKB","ENSG00000142871"
"HALLMARK_TNFA_SIGNALING_VIA_NFKB","ENSG00000110092"
"HALLMARK_TNFA_SIGNALING_VIA_NFKB","ENSG00000163660"
"HALLMARK_TNFA_SIGNALING_VIA_NFKB","ENSG00000121797"
"HALLMARK_TNFA_SIGNALING_VIA_NFKB","ENSG00000026508"
"HALLMARK_TNFA_SIGNALING_VIA_NFKB","ENSG00000110848"
"HALLMARK_TNFA_SIGNALING_VIA_NFKB","ENSG00000121594"
"HALLMARK_TNFA_SIGNALING_VIA_NFKB","ENSG00000112149"
"HALLMARK_TNFA_SIGNALING_VIA_NFKB","ENSG00000124762"
"HALLMARK_TNFA_SIGNALING_VIA_NFKB","ENSG00000172216"
"HALLMARK_TNFA_SIGNALING_VIA_NFKB","ENSG00000221869"
"HALLMARK_TNFA_SIGNALING_VIA_NFKB","ENSG00000003402"
"HALLMARK_TNFA_SIGNALING_VIA_NFKB","ENSG00000175505"
"HALLMARK_TNFA_SIGNALING_VIA_NFKB","ENSG00000184371"
"HALLMARK_TNFA_SIGNALING_VIA_NFKB","ENSG00000164400"
"HALLMARK_TNFA_SIGNALING_VIA_NFKB","ENSG00000163739"
"HALLMARK_TNFA_SIGNALING_VIA_NFKB","ENSG00000169245"
"HALLMARK_TNFA_SIGNALING_VIA_NFKB","ENSG00000169248"
"HALLMARK_TNFA_SIGNALING_VIA_NFKB","ENSG00000081041"
"HALLMARK_TNFA_SIGNALING_VIA_NFKB","ENSG00000163734"
"HALLMARK_TNFA_SIGNALING_VIA_NFKB","ENSG00000124875"
"HALLMARK_TNFA_SIGNALING_VIA_NFKB","ENSG00000184014"
"HALLMARK_TNFA_SIGNALING_VIA_NFKB","ENSG00000162616"
"HALLMARK_TNFA_SIGNALING_VIA_NFKB","ENSG00000136048"
"HALLMARK_TNFA_SIGNALING_VIA_NFKB","ENSG00000120129"
"HALLMARK_TNFA_SIGNALING_VIA_NFKB","ENSG00000158050"
"HALLMARK_TNFA_SIGNALING_VIA_NFKB","ENSG00000120875"
"HALLMARK_TNFA_SIGNALING_VIA_NFKB","ENSG00000138166"
"HALLMARK_TNFA_SIGNALING_VIA_NFKB","ENSG00000078401"
"HALLMARK_TNFA_SIGNALING_VIA_NFKB","ENSG00000169242"
"HALLMARK_TNFA_SIGNALING_VIA_NFKB","ENSG00000120738"
"HALLMARK_TNFA_SIGNALING_VIA_NFKB","ENSG00000122877"
"HALLMARK_TNFA_SIGNALING_VIA_NFKB","ENSG00000179388"
"HALLMARK_TNFA_SIGNALING_VIA_NFKB","ENSG00000110047"
"HALLMARK_TNFA_SIGNALING_VIA_NFKB","ENSG00000173812"
"HALLMARK_TNFA_SIGNALING_VIA_NFKB","ENSG00000157557"
"HALLMARK_TNFA_SIGNALING_VIA_NFKB","ENSG00000164251"
"HALLMARK_TNFA_SIGNALING_VIA_NFKB","ENSG00000117525"
"HALLMARK_TNFA_SIGNALING_VIA_NFKB","ENSG00000179431"
"HALLMARK_TNFA_SIGNALING_VIA_NFKB","ENSG00000170345"
"HALLMARK_TNFA_SIGNALING_VIA_NFKB","ENSG00000125740"
"HALLMARK_TNFA_SIGNALING_VIA_NFKB","ENSG00000175592"
"HALLMARK_TNFA_SIGNALING_VIA_NFKB","ENSG00000075426"
"HALLMARK_TNFA_SIGNALING_VIA_NFKB","ENSG00000196371"
"HALLMARK_TNFA_SIGNALING_VIA_NFKB","ENSG00000123689"
"HALLMARK_TNFA_SIGNALING_VIA_NFKB","ENSG00000116717"
"HALLMARK_TNFA_SIGNALING_VIA_NFKB","ENSG00000099860"
"HALLMARK_TNFA_SIGNALING_VIA_NFKB","ENSG00000131979"
"HALLMARK_TNFA_SIGNALING_VIA_NFKB","ENSG00000164949"
"HALLMARK_TNFA_SIGNALING_VIA_NFKB","ENSG00000131459"
"HALLMARK_TNFA_SIGNALING_VIA_NFKB","ENSG00000169508"
"HALLMARK_TNFA_SIGNALING_VIA_NFKB","ENSG00000113070"
"HALLMARK_TNFA_SIGNALING_VIA_NFKB","ENSG00000114315"
"HALLMARK_TNFA_SIGNALING_VIA_NFKB","ENSG00000090339"
"HALLMARK_TNFA_SIGNALING_VIA_NFKB","ENSG00000160223"
"HALLMARK_TNFA_SIGNALING_VIA_NFKB","ENSG00000115738"
"HALLMARK_TNFA_SIGNALING_VIA_NFKB","ENSG00000160888"
"HALLMARK_TNFA_SIGNALING_VIA_NFKB","ENSG00000137331"
"HALLMARK_TNFA_SIGNALING_VIA_NFKB","ENSG00000162783"
"HALLMARK_TNFA_SIGNALING_VIA_NFKB","ENSG00000115267"
"HALLMARK_TNFA_SIGNALING_VIA_NFKB","ENSG00000119922"
"HALLMARK_TNFA_SIGNALING_VIA_NFKB","ENSG00000159128"
"HALLMARK_TNFA_SIGNALING_VIA_NFKB","ENSG00000113302"
"HALLMARK_TNFA_SIGNALING_VIA_NFKB","ENSG00000134470"
"HALLMARK_TNFA_SIGNALING_VIA_NFKB","ENSG00000150782"
"HALLMARK_TNFA_SIGNALING_VIA_NFKB","ENSG00000115008"
"HALLMARK_TNFA_SIGNALING_VIA_NFKB","ENSG00000125538"
"HALLMARK_TNFA_SIGNALING_VIA_NFKB","ENSG00000110944"
"HALLMARK_TNFA_SIGNALING_VIA_NFKB","ENSG00000136244"
"HALLMARK_TNFA_SIGNALING_VIA_NFKB","ENSG00000134352"
"HALLMARK_TNFA_SIGNALING_VIA_NFKB","ENSG00000168685"
"HALLMARK_TNFA_SIGNALING_VIA_NFKB","ENSG00000122641"
"HALLMARK_TNFA_SIGNALING_VIA_NFKB","ENSG00000125347"
"HALLMARK_TNFA_SIGNALING_VIA_NFKB","ENSG00000185950"
"HALLMARK_TNFA_SIGNALING_VIA_NFKB","ENSG00000101384"
"HALLMARK_TNFA_SIGNALING_VIA_NFKB","ENSG00000177606"
"HALLMARK_TNFA_SIGNALING_VIA_NFKB","ENSG00000171223"
"HALLMARK_TNFA_SIGNALING_VIA_NFKB","ENSG00000132510"
"HALLMARK_TNFA_SIGNALING_VIA_NFKB","ENSG00000155090"
"HALLMARK_TNFA_SIGNALING_VIA_NFKB","ENSG00000127528"
"HALLMARK_TNFA_SIGNALING_VIA_NFKB","ENSG00000136826"
"HALLMARK_TNFA_SIGNALING_VIA_NFKB","ENSG00000067082"
"HALLMARK_TNFA_SIGNALING_VIA_NFKB","ENSG00000119138"
"HALLMARK_TNFA_SIGNALING_VIA_NFKB","ENSG00000115919"
"HALLMARK_TNFA_SIGNALING_VIA_NFKB","ENSG00000196878"
"HALLMARK_TNFA_SIGNALING_VIA_NFKB","ENSG00000130164"
"HALLMARK_TNFA_SIGNALING_VIA_NFKB","ENSG00000128342"
"HALLMARK_TNFA_SIGNALING_VIA_NFKB","ENSG00000189067"
"HALLMARK_TNFA_SIGNALING_VIA_NFKB","ENSG00000185022"
"HALLMARK_TNFA_SIGNALING_VIA_NFKB","ENSG00000034152"
"HALLMARK_TNFA_SIGNALING_VIA_NFKB","ENSG00000107968"
"HALLMARK_TNFA_SIGNALING_VIA_NFKB","ENSG00000277443"
"HALLMARK_TNFA_SIGNALING_VIA_NFKB","ENSG00000143384"
"HALLMARK_TNFA_SIGNALING_VIA_NFKB","ENSG00000178860"
"HALLMARK_TNFA_SIGNALING_VIA_NFKB","ENSG00000059728"
"HALLMARK_TNFA_SIGNALING_VIA_NFKB","ENSG00000136997"
"HALLMARK_TNFA_SIGNALING_VIA_NFKB","ENSG00000105835"
"HALLMARK_TNFA_SIGNALING_VIA_NFKB","ENSG00000102908"
"HALLMARK_TNFA_SIGNALING_VIA_NFKB","ENSG00000116044"
"HALLMARK_TNFA_SIGNALING_VIA_NFKB","ENSG00000165030"
"HALLMARK_TNFA_SIGNALING_VIA_NFKB","ENSG00000109320"
"HALLMARK_TNFA_SIGNALING_VIA_NFKB","ENSG00000077150"
"HALLMARK_TNFA_SIGNALING_VIA_NFKB","ENSG00000100906"
"HALLMARK_TNFA_SIGNALING_VIA_NFKB","ENSG00000146232"
"HALLMARK_TNFA_SIGNALING_VIA_NFKB","ENSG00000131669"
"HALLMARK_TNFA_SIGNALING_VIA_NFKB","ENSG00000123358"
"HALLMARK_TNFA_SIGNALING_VIA_NFKB","ENSG00000153234"
"HALLMARK_TNFA_SIGNALING_VIA_NFKB","ENSG00000119508"
"HALLMARK_TNFA_SIGNALING_VIA_NFKB","ENSG00000173391"
"HALLMARK_TNFA_SIGNALING_VIA_NFKB","ENSG00000110218"
"HALLMARK_TNFA_SIGNALING_VIA_NFKB","ENSG00000184588"
"HALLMARK_TNFA_SIGNALING_VIA_NFKB","ENSG00000163110"
"HALLMARK_TNFA_SIGNALING_VIA_NFKB","ENSG00000179094"
"HALLMARK_TNFA_SIGNALING_VIA_NFKB","ENSG00000170525"
"HALLMARK_TNFA_SIGNALING_VIA_NFKB","ENSG00000139289"
"HALLMARK_TNFA_SIGNALING_VIA_NFKB","ENSG00000181649"
"HALLMARK_TNFA_SIGNALING_VIA_NFKB","ENSG00000122861"
"HALLMARK_TNFA_SIGNALING_VIA_NFKB","ENSG00000011422"
"HALLMARK_TNFA_SIGNALING_VIA_NFKB","ENSG00000115956"
"HALLMARK_TNFA_SIGNALING_VIA_NFKB","ENSG00000145632"
"HALLMARK_TNFA_SIGNALING_VIA_NFKB","ENSG00000162407"
"HALLMARK_TNFA_SIGNALING_VIA_NFKB","ENSG00000124225"
"HALLMARK_TNFA_SIGNALING_VIA_NFKB","ENSG00000146278"
"HALLMARK_TNFA_SIGNALING_VIA_NFKB","ENSG00000087074"
"HALLMARK_TNFA_SIGNALING_VIA_NFKB","ENSG00000171522"
"HALLMARK_TNFA_SIGNALING_VIA_NFKB","ENSG00000073756"
"HALLMARK_TNFA_SIGNALING_VIA_NFKB","ENSG00000132334"
"HALLMARK_TNFA_SIGNALING_VIA_NFKB","ENSG00000163661"
"HALLMARK_TNFA_SIGNALING_VIA_NFKB","ENSG00000159200"
"HALLMARK_TNFA_SIGNALING_VIA_NFKB","ENSG00000162924"
"HALLMARK_TNFA_SIGNALING_VIA_NFKB","ENSG00000173039"
"HALLMARK_TNFA_SIGNALING_VIA_NFKB","ENSG00000104856"
"HALLMARK_TNFA_SIGNALING_VIA_NFKB","ENSG00000143878"
"HALLMARK_TNFA_SIGNALING_VIA_NFKB","ENSG00000107201"
"HALLMARK_TNFA_SIGNALING_VIA_NFKB","ENSG00000104312"
"HALLMARK_TNFA_SIGNALING_VIA_NFKB","ENSG00000116514"
"HALLMARK_TNFA_SIGNALING_VIA_NFKB","ENSG00000130066"
"HALLMARK_TNFA_SIGNALING_VIA_NFKB","ENSG00000124145"
"HALLMARK_TNFA_SIGNALING_VIA_NFKB","ENSG00000197632"
"HALLMARK_TNFA_SIGNALING_VIA_NFKB","ENSG00000166401"
"HALLMARK_TNFA_SIGNALING_VIA_NFKB","ENSG00000106366"
"HALLMARK_TNFA_SIGNALING_VIA_NFKB","ENSG00000118515"
"HALLMARK_TNFA_SIGNALING_VIA_NFKB","ENSG00000142178"
"HALLMARK_TNFA_SIGNALING_VIA_NFKB","ENSG00000108932"
"HALLMARK_TNFA_SIGNALING_VIA_NFKB","ENSG00000059804"
"HALLMARK_TNFA_SIGNALING_VIA_NFKB","ENSG00000160326"
"HALLMARK_TNFA_SIGNALING_VIA_NFKB","ENSG00000166949"
"HALLMARK_TNFA_SIGNALING_VIA_NFKB","ENSG00000184602"
"HALLMARK_TNFA_SIGNALING_VIA_NFKB","ENSG00000184557"
"HALLMARK_TNFA_SIGNALING_VIA_NFKB","ENSG00000291237"
"HALLMARK_TNFA_SIGNALING_VIA_NFKB","ENSG00000176170"
"HALLMARK_TNFA_SIGNALING_VIA_NFKB","ENSG00000171621"
"HALLMARK_TNFA_SIGNALING_VIA_NFKB","ENSG00000161011"
"HALLMARK_TNFA_SIGNALING_VIA_NFKB","ENSG00000126561"
"HALLMARK_TNFA_SIGNALING_VIA_NFKB","ENSG00000136560"
"HALLMARK_TNFA_SIGNALING_VIA_NFKB","ENSG00000168394"
"HALLMARK_TNFA_SIGNALING_VIA_NFKB","ENSG00000177426"
"HALLMARK_TNFA_SIGNALING_VIA_NFKB","ENSG00000163659"
"HALLMARK_TNFA_SIGNALING_VIA_NFKB","ENSG00000137462"
"HALLMARK_TNFA_SIGNALING_VIA_NFKB","ENSG00000041982"
"HALLMARK_TNFA_SIGNALING_VIA_NFKB","ENSG00000232810"
"HALLMARK_TNFA_SIGNALING_VIA_NFKB","ENSG00000185215"
"HALLMARK_TNFA_SIGNALING_VIA_NFKB","ENSG00000118503"
"HALLMARK_TNFA_SIGNALING_VIA_NFKB","ENSG00000123610"
"HALLMARK_TNFA_SIGNALING_VIA_NFKB","ENSG00000145779"
"HALLMARK_TNFA_SIGNALING_VIA_NFKB","ENSG00000049249"
"HALLMARK_TNFA_SIGNALING_VIA_NFKB","ENSG00000125657"
"HALLMARK_TNFA_SIGNALING_VIA_NFKB","ENSG00000145901"
"HALLMARK_TNFA_SIGNALING_VIA_NFKB","ENSG00000168884"
"HALLMARK_TNFA_SIGNALING_VIA_NFKB","ENSG00000056558"
"HALLMARK_TNFA_SIGNALING_VIA_NFKB","ENSG00000173334"
"HALLMARK_TNFA_SIGNALING_VIA_NFKB","ENSG00000125733"
"HALLMARK_TNFA_SIGNALING_VIA_NFKB","ENSG00000102804"
"HALLMARK_TNFA_SIGNALING_VIA_NFKB","ENSG00000137267"
"HALLMARK_TNFA_SIGNALING_VIA_NFKB","ENSG00000112715"
"HALLMARK_TNFA_SIGNALING_VIA_NFKB","ENSG00000196449"
"HALLMARK_TNFA_SIGNALING_VIA_NFKB","ENSG00000205189"
"HALLMARK_TNFA_SIGNALING_VIA_NFKB","ENSG00000163874"
"HALLMARK_TNFA_SIGNALING_VIA_NFKB","ENSG00000128016"
"HALLMARK_UNFOLDED_PROTEIN_RESPONSE","ENSG00000059573"
"HALLMARK_UNFOLDED_PROTEIN_RESPONSE","ENSG00000101199"
"HALLMARK_UNFOLDED_PROTEIN_RESPONSE","ENSG00000070669"
"HALLMARK_UNFOLDED_PROTEIN_RESPONSE","ENSG00000162772"
"HALLMARK_UNFOLDED_PROTEIN_RESPONSE","ENSG00000128272"
"HALLMARK_UNFOLDED_PROTEIN_RESPONSE","ENSG00000118217"
"HALLMARK_UNFOLDED_PROTEIN_RESPONSE","ENSG00000159720"
"HALLMARK_UNFOLDED_PROTEIN_RESPONSE","ENSG00000151929"
"HALLMARK_UNFOLDED_PROTEIN_RESPONSE","ENSG00000175334"
"HALLMARK_UNFOLDED_PROTEIN_RESPONSE","ENSG00000179218"
"HALLMARK_UNFOLDED_PROTEIN_RESPONSE","ENSG00000108691"
"HALLMARK_UNFOLDED_PROTEIN_RESPONSE","ENSG00000172216"
"HALLMARK_UNFOLDED_PROTEIN_RESPONSE","ENSG00000153879"
"HALLMARK_UNFOLDED_PROTEIN_RESPONSE","ENSG00000128965"
"HALLMARK_UNFOLDED_PROTEIN_RESPONSE","ENSG00000173207"
"HALLMARK_UNFOLDED_PROTEIN_RESPONSE","ENSG00000111596"
"HALLMARK_UNFOLDED_PROTEIN_RESPONSE","ENSG00000080802"
"HALLMARK_UNFOLDED_PROTEIN_RESPONSE","ENSG00000113300"
"HALLMARK_UNFOLDED_PROTEIN_RESPONSE","ENSG00000154832"
"HALLMARK_UNFOLDED_PROTEIN_RESPONSE","ENSG00000272886"
"HALLMARK_UNFOLDED_PROTEIN_RESPONSE","ENSG00000172795"
"HALLMARK_UNFOLDED_PROTEIN_RESPONSE","ENSG00000204843"
"HALLMARK_UNFOLDED_PROTEIN_RESPONSE","ENSG00000168209"
"HALLMARK_UNFOLDED_PROTEIN_RESPONSE","ENSG00000178105"
"HALLMARK_UNFOLDED_PROTEIN_RESPONSE","ENSG00000130826"
"HALLMARK_UNFOLDED_PROTEIN_RESPONSE","ENSG00000140403"
"HALLMARK_UNFOLDED_PROTEIN_RESPONSE","ENSG00000128590"
"HALLMARK_UNFOLDED_PROTEIN_RESPONSE","ENSG00000102580"
"HALLMARK_UNFOLDED_PROTEIN_RESPONSE","ENSG00000038358"
"HALLMARK_UNFOLDED_PROTEIN_RESPONSE","ENSG00000134109"
"HALLMARK_UNFOLDED_PROTEIN_RESPONSE","ENSG00000167658"
"HALLMARK_UNFOLDED_PROTEIN_RESPONSE","ENSG00000172071"
"HALLMARK_UNFOLDED_PROTEIN_RESPONSE","ENSG00000134001"
"HALLMARK_UNFOLDED_PROTEIN_RESPONSE","ENSG00000161960"
"HALLMARK_UNFOLDED_PROTEIN_RESPONSE","ENSG00000156976"
"HALLMARK_UNFOLDED_PROTEIN_RESPONSE","ENSG00000141543"
"HALLMARK_UNFOLDED_PROTEIN_RESPONSE","ENSG00000151247"
"HALLMARK_UNFOLDED_PROTEIN_RESPONSE","ENSG00000187840"
"HALLMARK_UNFOLDED_PROTEIN_RESPONSE","ENSG00000114867"
"HALLMARK_UNFOLDED_PROTEIN_RESPONSE","ENSG00000178607"
"HALLMARK_UNFOLDED_PROTEIN_RESPONSE","ENSG00000197930"
"HALLMARK_UNFOLDED_PROTEIN_RESPONSE","ENSG00000112685"
"HALLMARK_UNFOLDED_PROTEIN_RESPONSE","ENSG00000171311"
"HALLMARK_UNFOLDED_PROTEIN_RESPONSE","ENSG00000171824"
"HALLMARK_UNFOLDED_PROTEIN_RESPONSE","ENSG00000130713"
"HALLMARK_UNFOLDED_PROTEIN_RESPONSE","ENSG00000178896"
"HALLMARK_UNFOLDED_PROTEIN_RESPONSE","ENSG00000077348"
"HALLMARK_UNFOLDED_PROTEIN_RESPONSE","ENSG00000123737"
"HALLMARK_UNFOLDED_PROTEIN_RESPONSE","ENSG00000106080"
"HALLMARK_UNFOLDED_PROTEIN_RESPONSE","ENSG00000089280"
"HALLMARK_UNFOLDED_PROTEIN_RESPONSE","ENSG00000179409"
"HALLMARK_UNFOLDED_PROTEIN_RESPONSE","ENSG00000108433"
"HALLMARK_UNFOLDED_PROTEIN_RESPONSE","ENSG00000188486"
"HALLMARK_UNFOLDED_PROTEIN_RESPONSE","ENSG00000051108"
"HALLMARK_UNFOLDED_PROTEIN_RESPONSE","ENSG00000166598"
"HALLMARK_UNFOLDED_PROTEIN_RESPONSE","ENSG00000044574"
"HALLMARK_UNFOLDED_PROTEIN_RESPONSE","ENSG00000113013"
"HALLMARK_UNFOLDED_PROTEIN_RESPONSE","ENSG00000149428"
"HALLMARK_UNFOLDED_PROTEIN_RESPONSE","ENSG00000196305"
"HALLMARK_UNFOLDED_PROTEIN_RESPONSE","ENSG00000185745"
"HALLMARK_UNFOLDED_PROTEIN_RESPONSE","ENSG00000146678"
"HALLMARK_UNFOLDED_PROTEIN_RESPONSE","ENSG00000177971"
"HALLMARK_UNFOLDED_PROTEIN_RESPONSE","ENSG00000100196"
"HALLMARK_UNFOLDED_PROTEIN_RESPONSE","ENSG00000088247"
"HALLMARK_UNFOLDED_PROTEIN_RESPONSE","ENSG00000170759"
"HALLMARK_UNFOLDED_PROTEIN_RESPONSE","ENSG00000175324"
"HALLMARK_UNFOLDED_PROTEIN_RESPONSE","ENSG00000130520"
"HALLMARK_UNFOLDED_PROTEIN_RESPONSE","ENSG00000065911"
"HALLMARK_UNFOLDED_PROTEIN_RESPONSE","ENSG00000039123"
"HALLMARK_UNFOLDED_PROTEIN_RESPONSE","ENSG00000173559"
"HALLMARK_UNFOLDED_PROTEIN_RESPONSE","ENSG00000001167"
"HALLMARK_UNFOLDED_PROTEIN_RESPONSE","ENSG00000120837"
"HALLMARK_UNFOLDED_PROTEIN_RESPONSE","ENSG00000145912"
"HALLMARK_UNFOLDED_PROTEIN_RESPONSE","ENSG00000166197"
"HALLMARK_UNFOLDED_PROTEIN_RESPONSE","ENSG00000087269"
"HALLMARK_UNFOLDED_PROTEIN_RESPONSE","ENSG00000101361"
"HALLMARK_UNFOLDED_PROTEIN_RESPONSE","ENSG00000181163"
"HALLMARK_UNFOLDED_PROTEIN_RESPONSE","ENSG00000172239"
"HALLMARK_UNFOLDED_PROTEIN_RESPONSE","ENSG00000140694"
"HALLMARK_UNFOLDED_PROTEIN_RESPONSE","ENSG00000065485"
"HALLMARK_UNFOLDED_PROTEIN_RESPONSE","ENSG00000143870"
"HALLMARK_UNFOLDED_PROTEIN_RESPONSE","ENSG00000105171"
"HALLMARK_UNFOLDED_PROTEIN_RESPONSE","ENSG00000138073"
"HALLMARK_UNFOLDED_PROTEIN_RESPONSE","ENSG00000135069"
"HALLMARK_UNFOLDED_PROTEIN_RESPONSE","ENSG00000164587"
"HALLMARK_UNFOLDED_PROTEIN_RESPONSE","ENSG00000114767"
"HALLMARK_UNFOLDED_PROTEIN_RESPONSE","ENSG00000198301"
"HALLMARK_UNFOLDED_PROTEIN_RESPONSE","ENSG00000140612"
"HALLMARK_UNFOLDED_PROTEIN_RESPONSE","ENSG00000138674"
"HALLMARK_UNFOLDED_PROTEIN_RESPONSE","ENSG00000120742"
"HALLMARK_UNFOLDED_PROTEIN_RESPONSE","ENSG00000160691"
"HALLMARK_UNFOLDED_PROTEIN_RESPONSE","ENSG00000198677"
"HALLMARK_UNFOLDED_PROTEIN_RESPONSE","ENSG00000115902"
"HALLMARK_UNFOLDED_PROTEIN_RESPONSE","ENSG00000145740"
"HALLMARK_UNFOLDED_PROTEIN_RESPONSE","ENSG00000103257"
"HALLMARK_UNFOLDED_PROTEIN_RESPONSE","ENSG00000114902"
"HALLMARK_UNFOLDED_PROTEIN_RESPONSE","ENSG00000129128"
"HALLMARK_UNFOLDED_PROTEIN_RESPONSE","ENSG00000182934"
"HALLMARK_UNFOLDED_PROTEIN_RESPONSE","ENSG00000144867"
"HALLMARK_UNFOLDED_PROTEIN_RESPONSE","ENSG00000124783"
"HALLMARK_UNFOLDED_PROTEIN_RESPONSE","ENSG00000113739"
"HALLMARK_UNFOLDED_PROTEIN_RESPONSE","ENSG00000113407"
"HALLMARK_UNFOLDED_PROTEIN_RESPONSE","ENSG00000157014"
"HALLMARK_UNFOLDED_PROTEIN_RESPONSE","ENSG00000184205"
"HALLMARK_UNFOLDED_PROTEIN_RESPONSE","ENSG00000137267"
"HALLMARK_UNFOLDED_PROTEIN_RESPONSE","ENSG00000112715"
"HALLMARK_UNFOLDED_PROTEIN_RESPONSE","ENSG00000109501"
"HALLMARK_UNFOLDED_PROTEIN_RESPONSE","ENSG00000070540"
"HALLMARK_UNFOLDED_PROTEIN_RESPONSE","ENSG00000100219"
"HALLMARK_UNFOLDED_PROTEIN_RESPONSE","ENSG00000184575"
"HALLMARK_UNFOLDED_PROTEIN_RESPONSE","ENSG00000174851"
"HALLMARK_UNFOLDED_PROTEIN_RESPONSE","ENSG00000164924"
"HALLMARK_UNFOLDED_PROTEIN_RESPONSE","ENSG00000116809"
"HALLMARK_UV_RESPONSE_DN","ENSG00000103222"
"HALLMARK_UV_RESPONSE_DN","ENSG00000121989"
"HALLMARK_UV_RESPONSE_DN","ENSG00000148700"
"HALLMARK_UV_RESPONSE_DN","ENSG00000117114"
"HALLMARK_UV_RESPONSE_DN","ENSG00000170425"
"HALLMARK_UV_RESPONSE_DN","ENSG00000164252"
"HALLMARK_UV_RESPONSE_DN","ENSG00000117020"
"HALLMARK_UV_RESPONSE_DN","ENSG00000078053"
"HALLMARK_UV_RESPONSE_DN","ENSG00000182718"
"HALLMARK_UV_RESPONSE_DN","ENSG00000196975"
"HALLMARK_UV_RESPONSE_DN","ENSG00000163697"
"HALLMARK_UV_RESPONSE_DN","ENSG00000131089"
"HALLMARK_UV_RESPONSE_DN","ENSG00000070961"
"HALLMARK_UV_RESPONSE_DN","ENSG00000058668"
"HALLMARK_UV_RESPONSE_DN","ENSG00000017260"
"HALLMARK_UV_RESPONSE_DN","ENSG00000088812"
"HALLMARK_UV_RESPONSE_DN","ENSG00000085224"
"HALLMARK_UV_RESPONSE_DN","ENSG00000124788"
"HALLMARK_UV_RESPONSE_DN","ENSG00000083123"
"HALLMARK_UV_RESPONSE_DN","ENSG00000176697"
"HALLMARK_UV_RESPONSE_DN","ENSG00000134107"
"HALLMARK_UV_RESPONSE_DN","ENSG00000107779"
"HALLMARK_UV_RESPONSE_DN","ENSG00000141837"
"HALLMARK_UV_RESPONSE_DN","ENSG00000112186"
"HALLMARK_UV_RESPONSE_DN","ENSG00000105974"
"HALLMARK_UV_RESPONSE_DN","ENSG00000142871"
"HALLMARK_UV_RESPONSE_DN","ENSG00000143776"
"HALLMARK_UV_RESPONSE_DN","ENSG00000065883"
"HALLMARK_UV_RESPONSE_DN","ENSG00000111276"
"HALLMARK_UV_RESPONSE_DN","ENSG00000064309"
"HALLMARK_UV_RESPONSE_DN","ENSG00000048740"
"HALLMARK_UV_RESPONSE_DN","ENSG00000164442"
"HALLMARK_UV_RESPONSE_DN","ENSG00000060718"
"HALLMARK_UV_RESPONSE_DN","ENSG00000108821"
"HALLMARK_UV_RESPONSE_DN","ENSG00000164692"
"HALLMARK_UV_RESPONSE_DN","ENSG00000168542"
"HALLMARK_UV_RESPONSE_DN","ENSG00000204262"
"HALLMARK_UV_RESPONSE_DN","ENSG00000153071"
"HALLMARK_UV_RESPONSE_DN","ENSG00000105516"
"HALLMARK_UV_RESPONSE_DN","ENSG00000153904"
"HALLMARK_UV_RESPONSE_DN","ENSG00000164741"
"HALLMARK_UV_RESPONSE_DN","ENSG00000075711"
"HALLMARK_UV_RESPONSE_DN","ENSG00000125375"
"HALLMARK_UV_RESPONSE_DN","ENSG00000120129"
"HALLMARK_UV_RESPONSE_DN","ENSG00000157540"
"HALLMARK_UV_RESPONSE_DN","ENSG00000115380"
"HALLMARK_UV_RESPONSE_DN","ENSG00000141736"
"HALLMARK_UV_RESPONSE_DN","ENSG00000117525"
"HALLMARK_UV_RESPONSE_DN","ENSG00000140092"
"HALLMARK_UV_RESPONSE_DN","ENSG00000115641"
"HALLMARK_UV_RESPONSE_DN","ENSG00000010810"
"HALLMARK_UV_RESPONSE_DN","ENSG00000180340"
"HALLMARK_UV_RESPONSE_DN","ENSG00000187210"
"HALLMARK_UV_RESPONSE_DN","ENSG00000152661"
"HALLMARK_UV_RESPONSE_DN","ENSG00000198873"
"HALLMARK_UV_RESPONSE_DN","ENSG00000170961"
"HALLMARK_UV_RESPONSE_DN","ENSG00000003147"
"HALLMARK_UV_RESPONSE_DN","ENSG00000125968"
"HALLMARK_UV_RESPONSE_DN","ENSG00000140443"
"HALLMARK_UV_RESPONSE_DN","ENSG00000115461"
"HALLMARK_UV_RESPONSE_DN","ENSG00000109452"
"HALLMARK_UV_RESPONSE_DN","ENSG00000186480"
"HALLMARK_UV_RESPONSE_DN","ENSG00000169047"
"HALLMARK_UV_RESPONSE_DN","ENSG00000259207"
"HALLMARK_UV_RESPONSE_DN","ENSG00000160145"
"HALLMARK_UV_RESPONSE_DN","ENSG00000156113"
"HALLMARK_UV_RESPONSE_DN","ENSG00000157404"
"HALLMARK_UV_RESPONSE_DN","ENSG00000135862"
"HALLMARK_UV_RESPONSE_DN","ENSG00000130164"
"HALLMARK_UV_RESPONSE_DN","ENSG00000198121"
"HALLMARK_UV_RESPONSE_DN","ENSG00000049323"
"HALLMARK_UV_RESPONSE_DN","ENSG00000187391"
"HALLMARK_UV_RESPONSE_DN","ENSG00000131711"
"HALLMARK_UV_RESPONSE_DN","ENSG00000137764"
"HALLMARK_UV_RESPONSE_DN","ENSG00000112062"
"HALLMARK_UV_RESPONSE_DN","ENSG00000105976"
"HALLMARK_UV_RESPONSE_DN","ENSG00000074416"
"HALLMARK_UV_RESPONSE_DN","ENSG00000170430"
"HALLMARK_UV_RESPONSE_DN","ENSG00000164654"
"HALLMARK_UV_RESPONSE_DN","ENSG00000156103"
"HALLMARK_UV_RESPONSE_DN","ENSG00000102738"
"HALLMARK_UV_RESPONSE_DN","ENSG00000169715"
"HALLMARK_UV_RESPONSE_DN","ENSG00000182979"
"HALLMARK_UV_RESPONSE_DN","ENSG00000136997"
"HALLMARK_UV_RESPONSE_DN","ENSG00000151414"
"HALLMARK_UV_RESPONSE_DN","ENSG00000147862"
"HALLMARK_UV_RESPONSE_DN","ENSG00000109320"
"HALLMARK_UV_RESPONSE_DN","ENSG00000164190"
"HALLMARK_UV_RESPONSE_DN","ENSG00000134250"
"HALLMARK_UV_RESPONSE_DN","ENSG00000174738"
"HALLMARK_UV_RESPONSE_DN","ENSG00000113580"
"HALLMARK_UV_RESPONSE_DN","ENSG00000099250"
"HALLMARK_UV_RESPONSE_DN","ENSG00000113721"
"HALLMARK_UV_RESPONSE_DN","ENSG00000163110"
"HALLMARK_UV_RESPONSE_DN","ENSG00000142655"
"HALLMARK_UV_RESPONSE_DN","ENSG00000118482"
"HALLMARK_UV_RESPONSE_DN","ENSG00000131788"
"HALLMARK_UV_RESPONSE_DN","ENSG00000171608"
"HALLMARK_UV_RESPONSE_DN","ENSG00000117461"
"HALLMARK_UV_RESPONSE_DN","ENSG00000101333"
"HALLMARK_UV_RESPONSE_DN","ENSG00000162407"
"HALLMARK_UV_RESPONSE_DN","ENSG00000109099"
"HALLMARK_UV_RESPONSE_DN","ENSG00000132170"
"HALLMARK_UV_RESPONSE_DN","ENSG00000116731"
"HALLMARK_UV_RESPONSE_DN","ENSG00000005249"
"HALLMARK_UV_RESPONSE_DN","ENSG00000154229"
"HALLMARK_UV_RESPONSE_DN","ENSG00000171132"
"HALLMARK_UV_RESPONSE_DN","ENSG00000171862"
"HALLMARK_UV_RESPONSE_DN","ENSG00000122420"
"HALLMARK_UV_RESPONSE_DN","ENSG00000070778"
"HALLMARK_UV_RESPONSE_DN","ENSG00000173482"
"HALLMARK_UV_RESPONSE_DN","ENSG00000155903"
"HALLMARK_UV_RESPONSE_DN","ENSG00000157110"
"HALLMARK_UV_RESPONSE_DN","ENSG00000117152"
"HALLMARK_UV_RESPONSE_DN","ENSG00000115963"
"HALLMARK_UV_RESPONSE_DN","ENSG00000159216"
"HALLMARK_UV_RESPONSE_DN","ENSG00000186350"
"HALLMARK_UV_RESPONSE_DN","ENSG00000213079"
"HALLMARK_UV_RESPONSE_DN","ENSG00000151967"
"HALLMARK_UV_RESPONSE_DN","ENSG00000196876"
"HALLMARK_UV_RESPONSE_DN","ENSG00000169439"
"HALLMARK_UV_RESPONSE_DN","ENSG00000106366"
"HALLMARK_UV_RESPONSE_DN","ENSG00000163935"
"HALLMARK_UV_RESPONSE_DN","ENSG00000197555"
"HALLMARK_UV_RESPONSE_DN","ENSG00000110628"
"HALLMARK_UV_RESPONSE_DN","ENSG00000139514"
"HALLMARK_UV_RESPONSE_DN","ENSG00000166949"
"HALLMARK_UV_RESPONSE_DN","ENSG00000101665"
"HALLMARK_UV_RESPONSE_DN","ENSG00000019549"
"HALLMARK_UV_RESPONSE_DN","ENSG00000121067"
"HALLMARK_UV_RESPONSE_DN","ENSG00000075142"
"HALLMARK_UV_RESPONSE_DN","ENSG00000131018"
"HALLMARK_UV_RESPONSE_DN","ENSG00000078269"
"HALLMARK_UV_RESPONSE_DN","ENSG00000112941"
"HALLMARK_UV_RESPONSE_DN","ENSG00000003436"
"HALLMARK_UV_RESPONSE_DN","ENSG00000163513"
"HALLMARK_UV_RESPONSE_DN","ENSG00000069702"
"HALLMARK_UV_RESPONSE_DN","ENSG00000104067"
"HALLMARK_UV_RESPONSE_DN","ENSG00000198718"
"HALLMARK_UV_RESPONSE_DN","ENSG00000160293"
"HALLMARK_UV_RESPONSE_DN","ENSG00000147852"
"HALLMARK_UV_RESPONSE_DN","ENSG00000047056"
"HALLMARK_UV_RESPONSE_DN","ENSG00000083896"
"HALLMARK_UV_RESPONSE_DN","ENSG00000108175"
"HALLMARK_UV_RESPONSE_UP","ENSG00000085563"
"HALLMARK_UV_RESPONSE_UP","ENSG00000060971"
"HALLMARK_UV_RESPONSE_UP","ENSG00000123908"
"HALLMARK_UV_RESPONSE_UP","ENSG00000023330"
"HALLMARK_UV_RESPONSE_UP","ENSG00000149925"
"HALLMARK_UV_RESPONSE_UP","ENSG00000123505"
"HALLMARK_UV_RESPONSE_UP","ENSG00000042753"
"HALLMARK_UV_RESPONSE_UP","ENSG00000204444"
"HALLMARK_UV_RESPONSE_UP","ENSG00000165272"
"HALLMARK_UV_RESPONSE_UP","ENSG00000141480"
"HALLMARK_UV_RESPONSE_UP","ENSG00000070669"
"HALLMARK_UV_RESPONSE_UP","ENSG00000162772"
"HALLMARK_UV_RESPONSE_UP","ENSG00000155097"
"HALLMARK_UV_RESPONSE_UP","ENSG00000128524"
"HALLMARK_UV_RESPONSE_UP","ENSG00000030110"
"HALLMARK_UV_RESPONSE_UP","ENSG00000153094"
"HALLMARK_UV_RESPONSE_UP","ENSG00000015475"
"HALLMARK_UV_RESPONSE_UP","ENSG00000125845"
"HALLMARK_UV_RESPONSE_UP","ENSG00000172270"
"HALLMARK_UV_RESPONSE_UP","ENSG00000133639"
"HALLMARK_UV_RESPONSE_UP","ENSG00000159388"
"HALLMARK_UV_RESPONSE_UP","ENSG00000154640"
"HALLMARK_UV_RESPONSE_UP","ENSG00000123843"
"HALLMARK_UV_RESPONSE_UP","ENSG00000104267"
"HALLMARK_UV_RESPONSE_UP","ENSG00000164305"
"HALLMARK_UV_RESPONSE_UP","ENSG00000187094"
"HALLMARK_UV_RESPONSE_UP","ENSG00000112576"
"HALLMARK_UV_RESPONSE_UP","ENSG00000105173"
"HALLMARK_UV_RESPONSE_UP","ENSG00000099804"
"HALLMARK_UV_RESPONSE_UP","ENSG00000096401"
"HALLMARK_UV_RESPONSE_UP","ENSG00000123374"
"HALLMARK_UV_RESPONSE_UP","ENSG00000129757"
"HALLMARK_UV_RESPONSE_UP","ENSG00000147883"
"HALLMARK_UV_RESPONSE_UP","ENSG00000129596"
"HALLMARK_UV_RESPONSE_UP","ENSG00000153879"
"HALLMARK_UV_RESPONSE_UP","ENSG00000110721"
"HALLMARK_UV_RESPONSE_UP","ENSG00000169684"
"HALLMARK_UV_RESPONSE_UP","ENSG00000114859"
"HALLMARK_UV_RESPONSE_UP","ENSG00000175416"
"HALLMARK_UV_RESPONSE_UP","ENSG00000173786"
"HALLMARK_UV_RESPONSE_UP","ENSG00000139219"
"HALLMARK_UV_RESPONSE_UP","ENSG00000143162"
"HALLMARK_UV_RESPONSE_UP","ENSG00000136943"
"HALLMARK_UV_RESPONSE_UP","ENSG00000081041"
"HALLMARK_UV_RESPONSE_UP","ENSG00000103018"
"HALLMARK_UV_RESPONSE_UP","ENSG00000159348"
"HALLMARK_UV_RESPONSE_UP","ENSG00000140465"
"HALLMARK_UV_RESPONSE_UP","ENSG00000165732"
"HALLMARK_UV_RESPONSE_UP","ENSG00000185000"
"HALLMARK_UV_RESPONSE_UP","ENSG00000132535"
"HALLMARK_UV_RESPONSE_UP","ENSG00000086061"
"HALLMARK_UV_RESPONSE_UP","ENSG00000132002"
"HALLMARK_UV_RESPONSE_UP","ENSG00000133740"
"HALLMARK_UV_RESPONSE_UP","ENSG00000130741"
"HALLMARK_UV_RESPONSE_UP","ENSG00000100664"
"HALLMARK_UV_RESPONSE_UP","ENSG00000111674"
"HALLMARK_UV_RESPONSE_UP","ENSG00000119888"
"HALLMARK_UV_RESPONSE_UP","ENSG00000143819"
"HALLMARK_UV_RESPONSE_UP","ENSG00000168496"
"HALLMARK_UV_RESPONSE_UP","ENSG00000156427"
"HALLMARK_UV_RESPONSE_UP","ENSG00000004478"
"HALLMARK_UV_RESPONSE_UP","ENSG00000010932"
"HALLMARK_UV_RESPONSE_UP","ENSG00000170345"
"HALLMARK_UV_RESPONSE_UP","ENSG00000125740"
"HALLMARK_UV_RESPONSE_UP","ENSG00000140564"
"HALLMARK_UV_RESPONSE_UP","ENSG00000069482"
"HALLMARK_UV_RESPONSE_UP","ENSG00000131979"
"HALLMARK_UV_RESPONSE_UP","ENSG00000137563"
"HALLMARK_UV_RESPONSE_UP","ENSG00000115419"
"HALLMARK_UV_RESPONSE_UP","ENSG00000211445"
"HALLMARK_UV_RESPONSE_UP","ENSG00000178719"
"HALLMARK_UV_RESPONSE_UP","ENSG00000109519"
"HALLMARK_UV_RESPONSE_UP","ENSG00000188486"
"HALLMARK_UV_RESPONSE_UP","ENSG00000204642"
"HALLMARK_UV_RESPONSE_UP","ENSG00000100292"
"HALLMARK_UV_RESPONSE_UP","ENSG00000153187"
"HALLMARK_UV_RESPONSE_UP","ENSG00000155304"
"HALLMARK_UV_RESPONSE_UP","ENSG00000126803"
"HALLMARK_UV_RESPONSE_UP","ENSG00000148680"
"HALLMARK_UV_RESPONSE_UP","ENSG00000068001"
"HALLMARK_UV_RESPONSE_UP","ENSG00000090339"
"HALLMARK_UV_RESPONSE_UP","ENSG00000115457"
"HALLMARK_UV_RESPONSE_UP","ENSG00000136244"
"HALLMARK_UV_RESPONSE_UP","ENSG00000134352"
"HALLMARK_UV_RESPONSE_UP","ENSG00000125347"
"HALLMARK_UV_RESPONSE_UP","ENSG00000171223"
"HALLMARK_UV_RESPONSE_UP","ENSG00000055118"
"HALLMARK_UV_RESPONSE_UP","ENSG00000124702"
"HALLMARK_UV_RESPONSE_UP","ENSG00000106689"
"HALLMARK_UV_RESPONSE_UP","ENSG00000254087"
"HALLMARK_UV_RESPONSE_UP","ENSG00000189221"
"HALLMARK_UV_RESPONSE_UP","ENSG00000008735"
"HALLMARK_UV_RESPONSE_UP","ENSG00000072518"
"HALLMARK_UV_RESPONSE_UP","ENSG00000131446"
"HALLMARK_UV_RESPONSE_UP","ENSG00000157227"
"HALLMARK_UV_RESPONSE_UP","ENSG00000214026"
"HALLMARK_UV_RESPONSE_UP","ENSG00000163132"
"HALLMARK_UV_RESPONSE_UP","ENSG00000171428"
"HALLMARK_UV_RESPONSE_UP","ENSG00000100906"
"HALLMARK_UV_RESPONSE_UP","ENSG00000183072"
"HALLMARK_UV_RESPONSE_UP","ENSG00000106236"
"HALLMARK_UV_RESPONSE_UP","ENSG00000221890"
"HALLMARK_UV_RESPONSE_UP","ENSG00000123358"
"HALLMARK_UV_RESPONSE_UP","ENSG00000140538"
"HALLMARK_UV_RESPONSE_UP","ENSG00000139496"
"HALLMARK_UV_RESPONSE_UP","ENSG00000162231"
"HALLMARK_UV_RESPONSE_UP","ENSG00000130558"
"HALLMARK_UV_RESPONSE_UP","ENSG00000169856"
"HALLMARK_UV_RESPONSE_UP","ENSG00000129484"
"HALLMARK_UV_RESPONSE_UP","ENSG00000106244"
"HALLMARK_UV_RESPONSE_UP","ENSG00000154553"
"HALLMARK_UV_RESPONSE_UP","ENSG00000115896"
"HALLMARK_UV_RESPONSE_UP","ENSG00000148229"
"HALLMARK_UV_RESPONSE_UP","ENSG00000256525"
"HALLMARK_UV_RESPONSE_UP","ENSG00000163882"
"HALLMARK_UV_RESPONSE_UP","ENSG00000128059"
"HALLMARK_UV_RESPONSE_UP","ENSG00000108179"
"HALLMARK_UV_RESPONSE_UP","ENSG00000184203"
"HALLMARK_UV_RESPONSE_UP","ENSG00000131238"
"HALLMARK_UV_RESPONSE_UP","ENSG00000072062"
"HALLMARK_UV_RESPONSE_UP","ENSG00000163932"
"HALLMARK_UV_RESPONSE_UP","ENSG00000117360"
"HALLMARK_UV_RESPONSE_UP","ENSG00000165916"
"HALLMARK_UV_RESPONSE_UP","ENSG00000153707"
"HALLMARK_UV_RESPONSE_UP","ENSG00000069974"
"HALLMARK_UV_RESPONSE_UP","ENSG00000172575"
"HALLMARK_UV_RESPONSE_UP","ENSG00000165731"
"HALLMARK_UV_RESPONSE_UP","ENSG00000163918"
"HALLMARK_UV_RESPONSE_UP","ENSG00000143878"
"HALLMARK_UV_RESPONSE_UP","ENSG00000163902"
"HALLMARK_UV_RESPONSE_UP","ENSG00000166592"
"HALLMARK_UV_RESPONSE_UP","ENSG00000204231"
"HALLMARK_UV_RESPONSE_UP","ENSG00000178980"
"HALLMARK_UV_RESPONSE_UP","ENSG00000168779"
"HALLMARK_UV_RESPONSE_UP","ENSG00000147955"
"HALLMARK_UV_RESPONSE_UP","ENSG00000151729"
"HALLMARK_UV_RESPONSE_UP","ENSG00000111181"
"HALLMARK_UV_RESPONSE_UP","ENSG00000130821"
"HALLMARK_UV_RESPONSE_UP","ENSG00000291237"
"HALLMARK_UV_RESPONSE_UP","ENSG00000116096"
"HALLMARK_UV_RESPONSE_UP","ENSG00000161011"
"HALLMARK_UV_RESPONSE_UP","ENSG00000131748"
"HALLMARK_UV_RESPONSE_UP","ENSG00000168439"
"HALLMARK_UV_RESPONSE_UP","ENSG00000115694"
"HALLMARK_UV_RESPONSE_UP","ENSG00000196502"
"HALLMARK_UV_RESPONSE_UP","ENSG00000169836"
"HALLMARK_UV_RESPONSE_UP","ENSG00000168394"
"HALLMARK_UV_RESPONSE_UP","ENSG00000113407"
"HALLMARK_UV_RESPONSE_UP","ENSG00000159450"
"HALLMARK_UV_RESPONSE_UP","ENSG00000072274"
"HALLMARK_UV_RESPONSE_UP","ENSG00000135966"
"HALLMARK_UV_RESPONSE_UP","ENSG00000139644"
"HALLMARK_UV_RESPONSE_UP","ENSG00000128311"
"HALLMARK_UV_RESPONSE_UP","ENSG00000127824"
"HALLMARK_UV_RESPONSE_UP","ENSG00000092445"
"HALLMARK_UV_RESPONSE_UP","ENSG00000126088"
"HALLMARK_UV_RESPONSE_UP","ENSG00000011451"
"HALLMARK_UV_RESPONSE_UP","ENSG00000106636"
"HALLMARK_WNT_BETA_CATENIN_SIGNALING","ENSG00000151694"
"HALLMARK_WNT_BETA_CATENIN_SIGNALING","ENSG00000103126"
"HALLMARK_WNT_BETA_CATENIN_SIGNALING","ENSG00000168646"
"HALLMARK_WNT_BETA_CATENIN_SIGNALING","ENSG00000118971"
"HALLMARK_WNT_BETA_CATENIN_SIGNALING","ENSG00000213923"
"HALLMARK_WNT_BETA_CATENIN_SIGNALING","ENSG00000168036"
"HALLMARK_WNT_BETA_CATENIN_SIGNALING","ENSG00000055130"
"HALLMARK_WNT_BETA_CATENIN_SIGNALING","ENSG00000107984"
"HALLMARK_WNT_BETA_CATENIN_SIGNALING","ENSG00000104371"
"HALLMARK_WNT_BETA_CATENIN_SIGNALING","ENSG00000198719"
"HALLMARK_WNT_BETA_CATENIN_SIGNALING","ENSG00000004975"
"HALLMARK_WNT_BETA_CATENIN_SIGNALING","ENSG00000165879"
"HALLMARK_WNT_BETA_CATENIN_SIGNALING","ENSG00000157240"
"HALLMARK_WNT_BETA_CATENIN_SIGNALING","ENSG00000177283"
"HALLMARK_WNT_BETA_CATENIN_SIGNALING","ENSG00000127955"
"HALLMARK_WNT_BETA_CATENIN_SIGNALING","ENSG00000163517"
"HALLMARK_WNT_BETA_CATENIN_SIGNALING","ENSG00000196591"
"HALLMARK_WNT_BETA_CATENIN_SIGNALING","ENSG00000108840"
"HALLMARK_WNT_BETA_CATENIN_SIGNALING","ENSG00000164683"
"HALLMARK_WNT_BETA_CATENIN_SIGNALING","ENSG00000135547"
"HALLMARK_WNT_BETA_CATENIN_SIGNALING","ENSG00000101384"
"HALLMARK_WNT_BETA_CATENIN_SIGNALING","ENSG00000184916"
"HALLMARK_WNT_BETA_CATENIN_SIGNALING","ENSG00000108773"
"HALLMARK_WNT_BETA_CATENIN_SIGNALING","ENSG00000138795"
"HALLMARK_WNT_BETA_CATENIN_SIGNALING","ENSG00000161021"
"HALLMARK_WNT_BETA_CATENIN_SIGNALING","ENSG00000136997"
"HALLMARK_WNT_BETA_CATENIN_SIGNALING","ENSG00000196498"
"HALLMARK_WNT_BETA_CATENIN_SIGNALING","ENSG00000162736"
"HALLMARK_WNT_BETA_CATENIN_SIGNALING","ENSG00000140807"
"HALLMARK_WNT_BETA_CATENIN_SIGNALING","ENSG00000148400"
"HALLMARK_WNT_BETA_CATENIN_SIGNALING","ENSG00000204301"
"HALLMARK_WNT_BETA_CATENIN_SIGNALING","ENSG00000133961"
"HALLMARK_WNT_BETA_CATENIN_SIGNALING","ENSG00000112033"
"HALLMARK_WNT_BETA_CATENIN_SIGNALING","ENSG00000143801"
"HALLMARK_WNT_BETA_CATENIN_SIGNALING","ENSG00000185920"
"HALLMARK_WNT_BETA_CATENIN_SIGNALING","ENSG00000168214"
"HALLMARK_WNT_BETA_CATENIN_SIGNALING","ENSG00000145604"
"HALLMARK_WNT_BETA_CATENIN_SIGNALING","ENSG00000081059"
"HALLMARK_WNT_BETA_CATENIN_SIGNALING","ENSG00000141510"
"HALLMARK_WNT_BETA_CATENIN_SIGNALING","ENSG00000125084"
"HALLMARK_WNT_BETA_CATENIN_SIGNALING","ENSG00000111186"
"HALLMARK_WNT_BETA_CATENIN_SIGNALING","ENSG00000115596"
"HALLMARK_XENOBIOTIC_METABOLISM","ENSG00000023839"
"HALLMARK_XENOBIOTIC_METABOLISM","ENSG00000108846"
"HALLMARK_XENOBIOTIC_METABOLISM","ENSG00000173208"
"HALLMARK_XENOBIOTIC_METABOLISM","ENSG00000163686"
"HALLMARK_XENOBIOTIC_METABOLISM","ENSG00000100412"
"HALLMARK_XENOBIOTIC_METABOLISM","ENSG00000161533"
"HALLMARK_XENOBIOTIC_METABOLISM","ENSG00000168306"
"HALLMARK_XENOBIOTIC_METABOLISM","ENSG00000087008"
"HALLMARK_XENOBIOTIC_METABOLISM","ENSG00000143727"
"HALLMARK_XENOBIOTIC_METABOLISM","ENSG00000134575"
"HALLMARK_XENOBIOTIC_METABOLISM","ENSG00000166743"
"HALLMARK_XENOBIOTIC_METABOLISM","ENSG00000248144"
"HALLMARK_XENOBIOTIC_METABOLISM","ENSG00000197894"
"HALLMARK_XENOBIOTIC_METABOLISM","ENSG00000196344"
"HALLMARK_XENOBIOTIC_METABOLISM","ENSG00000101444"
"HALLMARK_XENOBIOTIC_METABOLISM","ENSG00000151632"
"HALLMARK_XENOBIOTIC_METABOLISM","ENSG00000196139"
"HALLMARK_XENOBIOTIC_METABOLISM","ENSG00000023330"
"HALLMARK_XENOBIOTIC_METABOLISM","ENSG00000111275"
"HALLMARK_XENOBIOTIC_METABOLISM","ENSG00000108602"
"HALLMARK_XENOBIOTIC_METABOLISM","ENSG00000143149"
"HALLMARK_XENOBIOTIC_METABOLISM","ENSG00000132855"
"HALLMARK_XENOBIOTIC_METABOLISM","ENSG00000138356"
"HALLMARK_XENOBIOTIC_METABOLISM","ENSG00000134262"
"HALLMARK_XENOBIOTIC_METABOLISM","ENSG00000130203"
"HALLMARK_XENOBIOTIC_METABOLISM","ENSG00000103569"
"HALLMARK_XENOBIOTIC_METABOLISM","ENSG00000118520"
"HALLMARK_XENOBIOTIC_METABOLISM","ENSG00000081181"
"HALLMARK_XENOBIOTIC_METABOLISM","ENSG00000128989"
"HALLMARK_XENOBIOTIC_METABOLISM","ENSG00000126522"
"HALLMARK_XENOBIOTIC_METABOLISM","ENSG00000168874"
"HALLMARK_XENOBIOTIC_METABOLISM","ENSG00000174437"
"HALLMARK_XENOBIOTIC_METABOLISM","ENSG00000050820"
"HALLMARK_XENOBIOTIC_METABOLISM","ENSG00000060982"
"HALLMARK_XENOBIOTIC_METABOLISM","ENSG00000090013"
"HALLMARK_XENOBIOTIC_METABOLISM","ENSG00000137274"
"HALLMARK_XENOBIOTIC_METABOLISM","ENSG00000104267"
"HALLMARK_XENOBIOTIC_METABOLISM","ENSG00000138794"
"HALLMARK_XENOBIOTIC_METABOLISM","ENSG00000121691"
"HALLMARK_XENOBIOTIC_METABOLISM","ENSG00000159228"
"HALLMARK_XENOBIOTIC_METABOLISM","ENSG00000131142"
"HALLMARK_XENOBIOTIC_METABOLISM","ENSG00000135218"
"HALLMARK_XENOBIOTIC_METABOLISM","ENSG00000158825"
"HALLMARK_XENOBIOTIC_METABOLISM","ENSG00000129596"
"HALLMARK_XENOBIOTIC_METABOLISM","ENSG00000198848"
"HALLMARK_XENOBIOTIC_METABOLISM","ENSG00000243649"
"HALLMARK_XENOBIOTIC_METABOLISM","ENSG00000133313"
"HALLMARK_XENOBIOTIC_METABOLISM","ENSG00000093010"
"HALLMARK_XENOBIOTIC_METABOLISM","ENSG00000005469"
"HALLMARK_XENOBIOTIC_METABOLISM","ENSG00000132693"
"HALLMARK_XENOBIOTIC_METABOLISM","ENSG00000139631"
"HALLMARK_XENOBIOTIC_METABOLISM","ENSG00000166347"
"HALLMARK_XENOBIOTIC_METABOLISM","ENSG00000055163"
"HALLMARK_XENOBIOTIC_METABOLISM","ENSG00000148795"
"HALLMARK_XENOBIOTIC_METABOLISM","ENSG00000140465"
"HALLMARK_XENOBIOTIC_METABOLISM","ENSG00000140505"
"HALLMARK_XENOBIOTIC_METABOLISM","ENSG00000095596"
"HALLMARK_XENOBIOTIC_METABOLISM","ENSG00000135929"
"HALLMARK_XENOBIOTIC_METABOLISM","ENSG00000108242"
"HALLMARK_XENOBIOTIC_METABOLISM","ENSG00000130649"
"HALLMARK_XENOBIOTIC_METABOLISM","ENSG00000134716"
"HALLMARK_XENOBIOTIC_METABOLISM","ENSG00000167600"
"HALLMARK_XENOBIOTIC_METABOLISM","ENSG00000186115"
"HALLMARK_XENOBIOTIC_METABOLISM","ENSG00000169738"
"HALLMARK_XENOBIOTIC_METABOLISM","ENSG00000213722"
"HALLMARK_XENOBIOTIC_METABOLISM","ENSG00000132437"
"HALLMARK_XENOBIOTIC_METABOLISM","ENSG00000099977"
"HALLMARK_XENOBIOTIC_METABOLISM","ENSG00000095059"
"HALLMARK_XENOBIOTIC_METABOLISM","ENSG00000157379"
"HALLMARK_XENOBIOTIC_METABOLISM","ENSG00000100612"
"HALLMARK_XENOBIOTIC_METABOLISM","ENSG00000104823"
"HALLMARK_XENOBIOTIC_METABOLISM","ENSG00000012660"
"HALLMARK_XENOBIOTIC_METABOLISM","ENSG00000138792"
"HALLMARK_XENOBIOTIC_METABOLISM","ENSG00000187097"
"HALLMARK_XENOBIOTIC_METABOLISM","ENSG00000142627"
"HALLMARK_XENOBIOTIC_METABOLISM","ENSG00000143819"
"HALLMARK_XENOBIOTIC_METABOLISM","ENSG00000091831"
"HALLMARK_XENOBIOTIC_METABOLISM","ENSG00000171503"
"HALLMARK_XENOBIOTIC_METABOLISM","ENSG00000157557"
"HALLMARK_XENOBIOTIC_METABOLISM","ENSG00000126218"
"HALLMARK_XENOBIOTIC_METABOLISM","ENSG00000088926"
"HALLMARK_XENOBIOTIC_METABOLISM","ENSG00000163586"
"HALLMARK_XENOBIOTIC_METABOLISM","ENSG00000103876"
"HALLMARK_XENOBIOTIC_METABOLISM","ENSG00000026103"
"HALLMARK_XENOBIOTIC_METABOLISM","ENSG00000077942"
"HALLMARK_XENOBIOTIC_METABOLISM","ENSG00000165140"
"HALLMARK_XENOBIOTIC_METABOLISM","ENSG00000090512"
"HALLMARK_XENOBIOTIC_METABOLISM","ENSG00000010932"
"HALLMARK_XENOBIOTIC_METABOLISM","ENSG00000007933"
"HALLMARK_XENOBIOTIC_METABOLISM","ENSG00000131482"
"HALLMARK_XENOBIOTIC_METABOLISM","ENSG00000139112"
"HALLMARK_XENOBIOTIC_METABOLISM","ENSG00000128683"
"HALLMARK_XENOBIOTIC_METABOLISM","ENSG00000159131"
"HALLMARK_XENOBIOTIC_METABOLISM","ENSG00000131979"
"HALLMARK_XENOBIOTIC_METABOLISM","ENSG00000084734"
"HALLMARK_XENOBIOTIC_METABOLISM","ENSG00000001084"
"HALLMARK_XENOBIOTIC_METABOLISM","ENSG00000111846"
"HALLMARK_XENOBIOTIC_METABOLISM","ENSG00000124713"
"HALLMARK_XENOBIOTIC_METABOLISM","ENSG00000104687"
"HALLMARK_XENOBIOTIC_METABOLISM","ENSG00000100983"
"HALLMARK_XENOBIOTIC_METABOLISM","ENSG00000174156"
"HALLMARK_XENOBIOTIC_METABOLISM","ENSG00000168765"
"HALLMARK_XENOBIOTIC_METABOLISM","ENSG00000148834"
"HALLMARK_XENOBIOTIC_METABOLISM","ENSG00000099984"
"HALLMARK_XENOBIOTIC_METABOLISM","ENSG00000131373"
"HALLMARK_XENOBIOTIC_METABOLISM","ENSG00000144485"
"HALLMARK_XENOBIOTIC_METABOLISM","ENSG00000109758"
"HALLMARK_XENOBIOTIC_METABOLISM","ENSG00000100292"
"HALLMARK_XENOBIOTIC_METABOLISM","ENSG00000101076"
"HALLMARK_XENOBIOTIC_METABOLISM","ENSG00000165704"
"HALLMARK_XENOBIOTIC_METABOLISM","ENSG00000113905"
"HALLMARK_XENOBIOTIC_METABOLISM","ENSG00000117594"
"HALLMARK_XENOBIOTIC_METABOLISM","ENSG00000086696"
"HALLMARK_XENOBIOTIC_METABOLISM","ENSG00000115738"
"HALLMARK_XENOBIOTIC_METABOLISM","ENSG00000138413"
"HALLMARK_XENOBIOTIC_METABOLISM","ENSG00000017427"
"HALLMARK_XENOBIOTIC_METABOLISM","ENSG00000146678"
"HALLMARK_XENOBIOTIC_METABOLISM","ENSG00000141753"
"HALLMARK_XENOBIOTIC_METABOLISM","ENSG00000115594"
"HALLMARK_XENOBIOTIC_METABOLISM","ENSG00000140968"
"HALLMARK_XENOBIOTIC_METABOLISM","ENSG00000055957"
"HALLMARK_XENOBIOTIC_METABOLISM","ENSG00000055955"
"HALLMARK_XENOBIOTIC_METABOLISM","ENSG00000173801"
"HALLMARK_XENOBIOTIC_METABOLISM","ENSG00000065427"
"HALLMARK_XENOBIOTIC_METABOLISM","ENSG00000115919"
"HALLMARK_XENOBIOTIC_METABOLISM","ENSG00000213398"
"HALLMARK_XENOBIOTIC_METABOLISM","ENSG00000164406"
"HALLMARK_XENOBIOTIC_METABOLISM","ENSG00000196365"
"HALLMARK_XENOBIOTIC_METABOLISM","ENSG00000101577"
"HALLMARK_XENOBIOTIC_METABOLISM","ENSG00000111885"
"HALLMARK_XENOBIOTIC_METABOLISM","ENSG00000189221"
"HALLMARK_XENOBIOTIC_METABOLISM","ENSG00000145495"
"HALLMARK_XENOBIOTIC_METABOLISM","ENSG00000165471"
"HALLMARK_XENOBIOTIC_METABOLISM","ENSG00000131844"
"HALLMARK_XENOBIOTIC_METABOLISM","ENSG00000108852"
"HALLMARK_XENOBIOTIC_METABOLISM","ENSG00000125148"
"HALLMARK_XENOBIOTIC_METABOLISM","ENSG00000100714"
"HALLMARK_XENOBIOTIC_METABOLISM","ENSG00000165795"
"HALLMARK_XENOBIOTIC_METABOLISM","ENSG00000244005"
"HALLMARK_XENOBIOTIC_METABOLISM","ENSG00000131669"
"HALLMARK_XENOBIOTIC_METABOLISM","ENSG00000136448"
"HALLMARK_XENOBIOTIC_METABOLISM","ENSG00000141458"
"HALLMARK_XENOBIOTIC_METABOLISM","ENSG00000181019"
"HALLMARK_XENOBIOTIC_METABOLISM","ENSG00000198682"
"HALLMARK_XENOBIOTIC_METABOLISM","ENSG00000173599"
"HALLMARK_XENOBIOTIC_METABOLISM","ENSG00000004799"
"HALLMARK_XENOBIOTIC_METABOLISM","ENSG00000163110"
"HALLMARK_XENOBIOTIC_METABOLISM","ENSG00000133027"
"HALLMARK_XENOBIOTIC_METABOLISM","ENSG00000142657"
"HALLMARK_XENOBIOTIC_METABOLISM","ENSG00000101856"
"HALLMARK_XENOBIOTIC_METABOLISM","ENSG00000158828"
"HALLMARK_XENOBIOTIC_METABOLISM","ENSG00000122194"
"HALLMARK_XENOBIOTIC_METABOLISM","ENSG00000100417"
"HALLMARK_XENOBIOTIC_METABOLISM","ENSG00000127948"
"HALLMARK_XENOBIOTIC_METABOLISM","ENSG00000112033"
"HALLMARK_XENOBIOTIC_METABOLISM","ENSG00000184500"
"HALLMARK_XENOBIOTIC_METABOLISM","ENSG00000205220"
"HALLMARK_XENOBIOTIC_METABOLISM","ENSG00000107317"
"HALLMARK_XENOBIOTIC_METABOLISM","ENSG00000148344"
"HALLMARK_XENOBIOTIC_METABOLISM","ENSG00000110958"
"HALLMARK_XENOBIOTIC_METABOLISM","ENSG00000106853"
"HALLMARK_XENOBIOTIC_METABOLISM","ENSG00000150787"
"HALLMARK_XENOBIOTIC_METABOLISM","ENSG00000183010"
"HALLMARK_XENOBIOTIC_METABOLISM","ENSG00000076864"
"HALLMARK_XENOBIOTIC_METABOLISM","ENSG00000138207"
"HALLMARK_XENOBIOTIC_METABOLISM","ENSG00000115386"
"HALLMARK_XENOBIOTIC_METABOLISM","ENSG00000042445"
"HALLMARK_XENOBIOTIC_METABOLISM","ENSG00000152700"
"HALLMARK_XENOBIOTIC_METABOLISM","ENSG00000170099"
"HALLMARK_XENOBIOTIC_METABOLISM","ENSG00000106366"
"HALLMARK_XENOBIOTIC_METABOLISM","ENSG00000197019"
"HALLMARK_XENOBIOTIC_METABOLISM","ENSG00000182199"
"HALLMARK_XENOBIOTIC_METABOLISM","ENSG00000124067"
"HALLMARK_XENOBIOTIC_METABOLISM","ENSG00000105281"
"HALLMARK_XENOBIOTIC_METABOLISM","ENSG00000175003"
"HALLMARK_XENOBIOTIC_METABOLISM","ENSG00000121073"
"HALLMARK_XENOBIOTIC_METABOLISM","ENSG00000116704"
"HALLMARK_XENOBIOTIC_METABOLISM","ENSG00000139508"
"HALLMARK_XENOBIOTIC_METABOLISM","ENSG00000111181"
"HALLMARK_XENOBIOTIC_METABOLISM","ENSG00000131389"
"HALLMARK_XENOBIOTIC_METABOLISM","ENSG00000088826"
"HALLMARK_XENOBIOTIC_METABOLISM","ENSG00000167642"
"HALLMARK_XENOBIOTIC_METABOLISM","ENSG00000114850"
"HALLMARK_XENOBIOTIC_METABOLISM","ENSG00000198650"
"HALLMARK_XENOBIOTIC_METABOLISM","ENSG00000151790"
"HALLMARK_XENOBIOTIC_METABOLISM","ENSG00000092969"
"HALLMARK_XENOBIOTIC_METABOLISM","ENSG00000149476"
"HALLMARK_XENOBIOTIC_METABOLISM","ENSG00000139644"
"HALLMARK_XENOBIOTIC_METABOLISM","ENSG00000106565"
"HALLMARK_XENOBIOTIC_METABOLISM","ENSG00000109084"
"HALLMARK_XENOBIOTIC_METABOLISM","ENSG00000067182"
"HALLMARK_XENOBIOTIC_METABOLISM","ENSG00000169902"
"HALLMARK_XENOBIOTIC_METABOLISM","ENSG00000137561"
"HALLMARK_XENOBIOTIC_METABOLISM","ENSG00000077498"
"HALLMARK_XENOBIOTIC_METABOLISM","ENSG00000109814"
"HALLMARK_XENOBIOTIC_METABOLISM","ENSG00000100024"
"HALLMARK_XENOBIOTIC_METABOLISM","ENSG00000183696"
"HALLMARK_XENOBIOTIC_METABOLISM","ENSG00000112299"
"HALLMARK_XENOBIOTIC_METABOLISM","ENSG00000109072"
"HALLMARK_XENOBIOTIC_METABOLISM","ENSG00000158125"
